2026-05-13 10:23:54.967 INFO  [restartedMain] com.gm.hrms.GMHrmsApplication - Starting GMHrmsApplication using Java 21.0.7 with PID 212744 (D:\Projects\GM HRMS\gm-hrms-backend\target\classes started by G M TECHNOSYS in D:\Projects\GM HRMS\gm-hrms-backend)
2026-05-13 10:23:54.973 INFO  [restartedMain] com.gm.hrms.GMHrmsApplication - The following 1 profile is active: "dev"
2026-05-13 10:23:59.648 WARN  [restartedMain] org.hibernate.orm.deprecation - HHH90000025: PostgreSQLDialect does not need to be specified explicitly using 'hibernate.dialect' (remove the property setting and it will be selected by default)
2026-05-13 10:24:04.261 WARN  [restartedMain] o.s.s.c.a.a.c.InitializeUserDetailsBeanManagerConfigurer$InitializeUserDetailsManagerConfigurer - Global AuthenticationManager configured with an AuthenticationProvider bean. UserDetailsService beans will not be used by Spring Security for automatically configuring username/password login. Consider removing the AuthenticationProvider bean. Alternatively, consider using the UserDetailsService in a manually instantiated DaoAuthenticationProvider. If the current configuration is intentional, to turn off this warning, increase the logging level of 'org.springframework.security.config.annotation.authentication.configuration.InitializeUserDetailsBeanManagerConfigurer' to ERROR
2026-05-13 10:24:06.470 WARN  [restartedMain] n.s.j.engine.xml.JRTextFieldFactory - The 'isStretchWithOverflow' attribute is deprecated. Use the 'textAdjust' attribute instead.
2026-05-13 10:24:06.600 WARN  [restartedMain] n.s.j.engine.xml.JRTextFieldFactory - The 'isStretchWithOverflow' attribute is deprecated. Use the 'textAdjust' attribute instead.
2026-05-13 10:24:06.970 INFO  [restartedMain] c.g.h.r.s.i.JasperPayslipReportService - Payslip JRXML compiled and cached successfully from 'reports/payslip.jrxml'.
2026-05-13 10:24:07.285 WARN  [restartedMain] o.s.b.j.a.JpaBaseConfiguration$JpaWebConfiguration - spring.jpa.open-in-view is enabled by default. Therefore, database queries may be performed during view rendering. Explicitly configure spring.jpa.open-in-view to disable this warning
2026-05-13 10:24:08.062 INFO  [restartedMain] com.gm.hrms.GMHrmsApplication - Started GMHrmsApplication in 13.834 seconds (process running for 14.836)
2026-05-13 10:42:19.148 WARN  [http-nio-8080-exec-8] org.hibernate.orm.jdbc.error - HHH000247: ErrorCode: 0, SQLState: 42P10
2026-05-13 10:42:19.148 WARN  [http-nio-8080-exec-8] org.hibernate.orm.jdbc.error - ERROR: for SELECT DISTINCT, ORDER BY expressions must appear in select list
  Position: 520
2026-05-13 10:42:19.159 ERROR [http-nio-8080-exec-8] c.g.h.e.GlobalExceptionHandler - Unexpected error
org.springframework.dao.InvalidDataAccessResourceUsageException: JDBC exception executing SQL [ERROR: for SELECT DISTINCT, ORDER BY expressions must appear in select list
  Position: 520] [select distinct pi1_0.id,pi1_0.active,pi1_0.created_at,pi1_0.created_by,pi1_0.current_address_id,pi1_0.date_of_birth,pi1_0.employment_type,pi1_0.first_name,pi1_0.gender,pi1_0.last_name,pi1_0.marital_status,pi1_0.middle_name,pi1_0.permanent_address_id,pi1_0.profile_image_url,pi1_0.record_status,pi1_0.spouse_or_parent_name,pi1_0.updated_at,pi1_0.updated_by from personal_information pi1_0 left join work_profiles wp1_0 on pi1_0.id=wp1_0.personal_information_id where pi1_0.active=? and pi1_0.record_status=? order by wp1_0.date_of_joining offset ? rows fetch first ? rows only]; SQL [select distinct pi1_0.id,pi1_0.active,pi1_0.created_at,pi1_0.created_by,pi1_0.current_address_id,pi1_0.date_of_birth,pi1_0.employment_type,pi1_0.first_name,pi1_0.gender,pi1_0.last_name,pi1_0.marital_status,pi1_0.middle_name,pi1_0.permanent_address_id,pi1_0.profile_image_url,pi1_0.record_status,pi1_0.spouse_or_parent_name,pi1_0.updated_at,pi1_0.updated_by from personal_information pi1_0 left join work_profiles wp1_0 on pi1_0.id=wp1_0.personal_information_id where pi1_0.active=? and pi1_0.record_status=? order by wp1_0.date_of_joining offset ? rows fetch first ? rows only]
	at org.springframework.orm.jpa.hibernate.HibernateExceptionTranslator.convertHibernateAccessException(HibernateExceptionTranslator.java:156)
	at org.springframework.orm.jpa.hibernate.HibernateExceptionTranslator.convertHibernateAccessException(HibernateExceptionTranslator.java:131)
	at org.springframework.orm.jpa.hibernate.HibernateExceptionTranslator.translateExceptionIfPossible(HibernateExceptionTranslator.java:105)
	at org.springframework.orm.jpa.vendor.HibernateJpaDialect.translateExceptionIfPossible(HibernateJpaDialect.java:199)
	at org.springframework.orm.jpa.AbstractEntityManagerFactoryBean.translateExceptionIfPossible(AbstractEntityManagerFactoryBean.java:556)
	at org.springframework.dao.support.ChainedPersistenceExceptionTranslator.translateExceptionIfPossible(ChainedPersistenceExceptionTranslator.java:61)
	at org.springframework.dao.support.DataAccessUtils.translateIfNecessary(DataAccessUtils.java:346)
	at org.springframework.dao.support.PersistenceExceptionTranslationInterceptor.invoke(PersistenceExceptionTranslationInterceptor.java:157)
	at org.springframework.aop.framework.ReflectiveMethodInvocation.proceed(ReflectiveMethodInvocation.java:179)
	at org.springframework.data.jpa.repository.support.CrudMethodMetadataPostProcessor$CrudMethodMetadataPopulatingMethodInterceptor.invoke(CrudMethodMetadataPostProcessor.java:166)
	at org.springframework.aop.framework.ReflectiveMethodInvocation.proceed(ReflectiveMethodInvocation.java:179)
	at org.springframework.aop.framework.JdkDynamicAopProxy.invoke(JdkDynamicAopProxy.java:222)
	at jdk.proxy4/jdk.proxy4.$Proxy191.findAll(Unknown Source)
	at com.gm.hrms.service.impl.EmployeeServiceImpl.getAll(EmployeeServiceImpl.java:308)
	at java.base/jdk.internal.reflect.DirectMethodHandleAccessor.invoke(DirectMethodHandleAccessor.java:103)
	at java.base/java.lang.reflect.Method.invoke(Method.java:580)
	at org.springframework.aop.support.AopUtils.invokeJoinpointUsingReflection(AopUtils.java:359)
	at org.springframework.aop.framework.ReflectiveMethodInvocation.invokeJoinpoint(ReflectiveMethodInvocation.java:190)
	at org.springframework.aop.framework.ReflectiveMethodInvocation.proceed(ReflectiveMethodInvocation.java:158)
	at org.springframework.transaction.interceptor.TransactionInterceptor$1.proceedWithInvocation(TransactionInterceptor.java:133)
	at org.springframework.transaction.interceptor.TransactionAspectSupport.invokeWithinTransaction(TransactionAspectSupport.java:371)
	at org.springframework.transaction.interceptor.TransactionInterceptor.invoke(TransactionInterceptor.java:130)
	at org.springframework.aop.framework.ReflectiveMethodInvocation.proceed(ReflectiveMethodInvocation.java:179)
	at org.springframework.aop.framework.CglibAopProxy$DynamicAdvisedInterceptor.intercept(CglibAopProxy.java:719)
	at com.gm.hrms.service.impl.EmployeeServiceImpl$$SpringCGLIB$$0.getAll(<generated>)
	at com.gm.hrms.controller.EmployeeController.getAll(EmployeeController.java:63)
	at java.base/jdk.internal.reflect.DirectMethodHandleAccessor.invoke(DirectMethodHandleAccessor.java:103)
	at java.base/java.lang.reflect.Method.invoke(Method.java:580)
	at org.springframework.aop.support.AopUtils.invokeJoinpointUsingReflection(AopUtils.java:359)
	at org.springframework.aop.framework.ReflectiveMethodInvocation.invokeJoinpoint(ReflectiveMethodInvocation.java:190)
	at org.springframework.aop.framework.ReflectiveMethodInvocation.proceed(ReflectiveMethodInvocation.java:158)
	at org.springframework.security.authorization.method.AuthorizationManagerBeforeMethodInterceptor.proceed(AuthorizationManagerBeforeMethodInterceptor.java:271)
	at org.springframework.security.authorization.method.AuthorizationManagerBeforeMethodInterceptor.attemptAuthorization(AuthorizationManagerBeforeMethodInterceptor.java:266)
	at org.springframework.security.authorization.method.AuthorizationManagerBeforeMethodInterceptor.invoke(AuthorizationManagerBeforeMethodInterceptor.java:197)
	at org.springframework.security.config.annotation.method.configuration.DeferringMethodInterceptor.invoke(DeferringMethodInterceptor.java:44)
	at org.springframework.aop.framework.ReflectiveMethodInvocation.proceed(ReflectiveMethodInvocation.java:179)
	at org.springframework.aop.interceptor.ExposeInvocationInterceptor.invoke(ExposeInvocationInterceptor.java:96)
	at org.springframework.aop.framework.ReflectiveMethodInvocation.proceed(ReflectiveMethodInvocation.java:179)
	at org.springframework.aop.framework.CglibAopProxy$DynamicAdvisedInterceptor.intercept(CglibAopProxy.java:719)
	at com.gm.hrms.controller.EmployeeController$$SpringCGLIB$$0.getAll(<generated>)
	at java.base/jdk.internal.reflect.DirectMethodHandleAccessor.invoke(DirectMethodHandleAccessor.java:103)
	at java.base/java.lang.reflect.Method.invoke(Method.java:580)
	at org.springframework.web.method.support.InvocableHandlerMethod.doInvoke(InvocableHandlerMethod.java:258)
	at org.springframework.web.method.support.InvocableHandlerMethod.invokeForRequest(InvocableHandlerMethod.java:190)
	at org.springframework.web.servlet.mvc.method.annotation.ServletInvocableHandlerMethod.invokeAndHandle(ServletInvocableHandlerMethod.java:117)
	at org.springframework.web.servlet.mvc.method.annotation.RequestMappingHandlerAdapter.invokeHandlerMethod(RequestMappingHandlerAdapter.java:934)
	at org.springframework.web.servlet.mvc.method.annotation.RequestMappingHandlerAdapter.handleInternal(RequestMappingHandlerAdapter.java:853)
	at org.springframework.web.servlet.mvc.method.AbstractHandlerMethodAdapter.handle(AbstractHandlerMethodAdapter.java:86)
	at org.springframework.web.servlet.DispatcherServlet.doDispatch(DispatcherServlet.java:963)
	at org.springframework.web.servlet.DispatcherServlet.doService(DispatcherServlet.java:866)
	at org.springframework.web.servlet.FrameworkServlet.processRequest(FrameworkServlet.java:1003)
	at org.springframework.web.servlet.FrameworkServlet.doGet(FrameworkServlet.java:892)
	at jakarta.servlet.http.HttpServlet.service(HttpServlet.java:622)
	at org.springframework.web.servlet.FrameworkServlet.service(FrameworkServlet.java:874)
	at jakarta.servlet.http.HttpServlet.service(HttpServlet.java:710)
	at org.apache.catalina.core.ApplicationFilterChain.doFilter(ApplicationFilterChain.java:128)
	at org.apache.tomcat.websocket.server.WsFilter.doFilter(WsFilter.java:53)
	at org.apache.catalina.core.ApplicationFilterChain.doFilter(ApplicationFilterChain.java:107)
	at org.springframework.web.filter.CorsFilter.doFilterInternal(CorsFilter.java:91)
	at org.springframework.web.filter.OncePerRequestFilter.doFilter(OncePerRequestFilter.java:116)
	at org.apache.catalina.core.ApplicationFilterChain.doFilter(ApplicationFilterChain.java:107)
	at org.springframework.web.filter.OncePerRequestFilter.doFilter(OncePerRequestFilter.java:110)
	at org.apache.catalina.core.ApplicationFilterChain.doFilter(ApplicationFilterChain.java:107)
	at org.springframework.web.filter.CompositeFilter$VirtualFilterChain.doFilter(CompositeFilter.java:108)
	at org.springframework.security.web.FilterChainProxy.lambda$doFilterInternal$3(FilterChainProxy.java:235)
	at org.springframework.security.web.FilterChainProxy$VirtualFilterChain.doFilter(FilterChainProxy.java:371)
	at org.springframework.security.web.access.intercept.AuthorizationFilter.doFilter(AuthorizationFilter.java:101)
	at org.springframework.security.web.FilterChainProxy$VirtualFilterChain.doFilter(FilterChainProxy.java:380)
	at org.springframework.security.web.access.ExceptionTranslationFilter.doFilter(ExceptionTranslationFilter.java:126)
	at org.springframework.security.web.access.ExceptionTranslationFilter.doFilter(ExceptionTranslationFilter.java:120)
	at org.springframework.security.web.FilterChainProxy$VirtualFilterChain.doFilter(FilterChainProxy.java:380)
	at org.springframework.security.web.authentication.AnonymousAuthenticationFilter.doFilter(AnonymousAuthenticationFilter.java:100)
	at org.springframework.security.web.FilterChainProxy$VirtualFilterChain.doFilter(FilterChainProxy.java:380)
	at org.springframework.security.web.servletapi.SecurityContextHolderAwareRequestFilter.doFilter(SecurityContextHolderAwareRequestFilter.java:181)
	at org.springframework.security.web.FilterChainProxy$VirtualFilterChain.doFilter(FilterChainProxy.java:380)
	at org.springframework.security.web.savedrequest.RequestCacheAwareFilter.doFilter(RequestCacheAwareFilter.java:63)
	at org.springframework.security.web.FilterChainProxy$VirtualFilterChain.doFilter(FilterChainProxy.java:380)
	at com.gm.hrms.config.JwtAuthenticationFilter.doFilterInternal(JwtAuthenticationFilter.java:72)
	at org.springframework.web.filter.OncePerRequestFilter.doFilter(OncePerRequestFilter.java:116)
	at org.springframework.security.web.FilterChainProxy$VirtualFilterChain.doFilter(FilterChainProxy.java:380)
	at org.springframework.security.web.authentication.logout.LogoutFilter.doFilter(LogoutFilter.java:110)
	at org.springframework.security.web.authentication.logout.LogoutFilter.doFilter(LogoutFilter.java:96)
	at org.springframework.security.web.FilterChainProxy$VirtualFilterChain.doFilter(FilterChainProxy.java:380)
	at org.springframework.web.filter.CorsFilter.doFilterInternal(CorsFilter.java:91)
	at org.springframework.web.filter.OncePerRequestFilter.doFilter(OncePerRequestFilter.java:116)
	at org.springframework.security.web.FilterChainProxy$VirtualFilterChain.doFilter(FilterChainProxy.java:380)
	at org.springframework.security.web.header.HeaderWriterFilter.doHeadersAfter(HeaderWriterFilter.java:90)
	at org.springframework.security.web.header.HeaderWriterFilter.doFilterInternal(HeaderWriterFilter.java:75)
	at org.springframework.web.filter.OncePerRequestFilter.doFilter(OncePerRequestFilter.java:116)
	at org.springframework.security.web.FilterChainProxy$VirtualFilterChain.doFilter(FilterChainProxy.java:380)
	at org.springframework.security.web.context.SecurityContextHolderFilter.doFilter(SecurityContextHolderFilter.java:82)
	at org.springframework.security.web.context.SecurityContextHolderFilter.doFilter(SecurityContextHolderFilter.java:69)
	at org.springframework.security.web.FilterChainProxy$VirtualFilterChain.doFilter(FilterChainProxy.java:380)
	at org.springframework.security.web.context.request.async.WebAsyncManagerIntegrationFilter.doFilterInternal(WebAsyncManagerIntegrationFilter.java:62)
	at org.springframework.web.filter.OncePerRequestFilter.doFilter(OncePerRequestFilter.java:116)
	at org.springframework.security.web.FilterChainProxy$VirtualFilterChain.doFilter(FilterChainProxy.java:380)
	at org.springframework.security.web.session.DisableEncodeUrlFilter.doFilterInternal(DisableEncodeUrlFilter.java:42)
	at org.springframework.web.filter.OncePerRequestFilter.doFilter(OncePerRequestFilter.java:116)
	at org.springframework.security.web.FilterChainProxy$VirtualFilterChain.doFilter(FilterChainProxy.java:380)
	at org.springframework.security.web.FilterChainProxy.doFilterInternal(FilterChainProxy.java:237)
	at org.springframework.security.web.FilterChainProxy.doFilter(FilterChainProxy.java:195)
	at org.springframework.web.filter.CompositeFilter$VirtualFilterChain.doFilter(CompositeFilter.java:113)
	at org.springframework.web.filter.ServletRequestPathFilter.doFilter(ServletRequestPathFilter.java:52)
	at org.springframework.web.filter.CompositeFilter$VirtualFilterChain.doFilter(CompositeFilter.java:113)
	at org.springframework.web.filter.CompositeFilter.doFilter(CompositeFilter.java:74)
	at org.springframework.security.config.annotation.web.configuration.WebSecurityConfiguration$CompositeFilterChainProxy.doFilter(WebSecurityConfiguration.java:317)
	at org.springframework.web.filter.DelegatingFilterProxy.invokeDelegate(DelegatingFilterProxy.java:355)
	at org.springframework.web.filter.DelegatingFilterProxy.doFilter(DelegatingFilterProxy.java:272)
	at org.apache.catalina.core.ApplicationFilterChain.doFilter(ApplicationFilterChain.java:107)
	at org.springframework.web.filter.RequestContextFilter.doFilterInternal(RequestContextFilter.java:100)
	at org.springframework.web.filter.OncePerRequestFilter.doFilter(OncePerRequestFilter.java:116)
	at org.apache.catalina.core.ApplicationFilterChain.doFilter(ApplicationFilterChain.java:107)
	at org.springframework.web.filter.FormContentFilter.doFilterInternal(FormContentFilter.java:93)
	at org.springframework.web.filter.OncePerRequestFilter.doFilter(OncePerRequestFilter.java:116)
	at org.apache.catalina.core.ApplicationFilterChain.doFilter(ApplicationFilterChain.java:107)
	at org.springframework.web.filter.CharacterEncodingFilter.doFilterInternal(CharacterEncodingFilter.java:199)
	at org.springframework.web.filter.OncePerRequestFilter.doFilter(OncePerRequestFilter.java:116)
	at org.apache.catalina.core.ApplicationFilterChain.doFilter(ApplicationFilterChain.java:107)
	at org.apache.catalina.core.StandardWrapperValve.invoke(StandardWrapperValve.java:165)
	at org.apache.catalina.core.StandardContextValve.invoke(StandardContextValve.java:77)
	at org.apache.catalina.authenticator.AuthenticatorBase.invoke(AuthenticatorBase.java:482)
	at org.apache.catalina.core.StandardHostValve.invoke(StandardHostValve.java:113)
	at org.apache.catalina.valves.ErrorReportValve.invoke(ErrorReportValve.java:83)
	at org.apache.catalina.core.StandardEngineValve.invoke(StandardEngineValve.java:72)
	at org.apache.catalina.connector.CoyoteAdapter.service(CoyoteAdapter.java:341)
	at org.apache.coyote.http11.Http11Processor.service(Http11Processor.java:397)
	at org.apache.coyote.AbstractProcessorLight.process(AbstractProcessorLight.java:63)
	at org.apache.coyote.AbstractProtocol$ConnectionHandler.process(AbstractProtocol.java:903)
	at org.apache.tomcat.util.net.NioEndpoint$SocketProcessor.doRun(NioEndpoint.java:1778)
	at org.apache.tomcat.util.net.SocketProcessorBase.run(SocketProcessorBase.java:52)
	at org.apache.tomcat.util.threads.ThreadPoolExecutor.runWorker(ThreadPoolExecutor.java:946)
	at org.apache.tomcat.util.threads.ThreadPoolExecutor$Worker.run(ThreadPoolExecutor.java:480)
	at org.apache.tomcat.util.threads.TaskThread$WrappingRunnable.run(TaskThread.java:57)
	at java.base/java.lang.Thread.run(Thread.java:1583)
Caused by: org.hibernate.exception.SQLGrammarException: JDBC exception executing SQL [ERROR: for SELECT DISTINCT, ORDER BY expressions must appear in select list
  Position: 520] [select distinct pi1_0.id,pi1_0.active,pi1_0.created_at,pi1_0.created_by,pi1_0.current_address_id,pi1_0.date_of_birth,pi1_0.employment_type,pi1_0.first_name,pi1_0.gender,pi1_0.last_name,pi1_0.marital_status,pi1_0.middle_name,pi1_0.permanent_address_id,pi1_0.profile_image_url,pi1_0.record_status,pi1_0.spouse_or_parent_name,pi1_0.updated_at,pi1_0.updated_by from personal_information pi1_0 left join work_profiles wp1_0 on pi1_0.id=wp1_0.personal_information_id where pi1_0.active=? and pi1_0.record_status=? order by wp1_0.date_of_joining offset ? rows fetch first ? rows only]
	at org.hibernate.exception.internal.SQLStateConversionDelegate.convert(SQLStateConversionDelegate.java:63)
	at org.hibernate.exception.internal.StandardSQLExceptionConverter.convert(StandardSQLExceptionConverter.java:34)
	at org.hibernate.engine.jdbc.spi.SqlExceptionHelper.convert(SqlExceptionHelper.java:115)
	at org.hibernate.sql.results.jdbc.internal.DeferredResultSetAccess.executeQuery(DeferredResultSetAccess.java:290)
	at org.hibernate.sql.results.jdbc.internal.DeferredResultSetAccess.getResultSet(DeferredResultSetAccess.java:190)
	at org.hibernate.sql.results.jdbc.internal.JdbcValuesResultSetImpl.<init>(JdbcValuesResultSetImpl.java:71)
	at org.hibernate.sql.exec.internal.JdbcSelectExecutorStandardImpl.resolveJdbcValues(JdbcSelectExecutorStandardImpl.java:393)
	at org.hibernate.sql.exec.internal.JdbcSelectExecutorStandardImpl.resolveJdbcValuesSource(JdbcSelectExecutorStandardImpl.java:354)
	at org.hibernate.sql.exec.internal.JdbcSelectExecutorStandardImpl.doExecuteQuery(JdbcSelectExecutorStandardImpl.java:135)
	at org.hibernate.sql.exec.internal.JdbcSelectExecutorStandardImpl.executeQuery(JdbcSelectExecutorStandardImpl.java:100)
	at org.hibernate.sql.exec.spi.JdbcSelectExecutor.executeQuery(JdbcSelectExecutor.java:63)
	at org.hibernate.sql.exec.spi.JdbcSelectExecutor.list(JdbcSelectExecutor.java:137)
	at org.hibernate.query.sqm.internal.ConcreteSqmSelectQueryPlan.lambda$new$1(ConcreteSqmSelectQueryPlan.java:128)
	at org.hibernate.query.sqm.internal.ConcreteSqmSelectQueryPlan.withCacheableSqmInterpretation(ConcreteSqmSelectQueryPlan.java:427)
	at org.hibernate.query.sqm.internal.ConcreteSqmSelectQueryPlan.performList(ConcreteSqmSelectQueryPlan.java:355)
	at org.hibernate.query.sqm.internal.SqmQueryImpl.doList(SqmQueryImpl.java:374)
	at org.hibernate.query.spi.AbstractSelectionQuery.list(AbstractSelectionQuery.java:153)
	at org.hibernate.query.Query.getResultList(Query.java:121)
	at org.springframework.data.jpa.repository.support.SimpleJpaRepository.readPage(SimpleJpaRepository.java:745)
	at org.springframework.data.jpa.repository.support.SimpleJpaRepository.findAll(SimpleJpaRepository.java:480)
	at org.springframework.data.jpa.repository.support.SimpleJpaRepository.findAll(SimpleJpaRepository.java:469)
	at java.base/jdk.internal.reflect.DirectMethodHandleAccessor.invoke(DirectMethodHandleAccessor.java:103)
	at java.base/java.lang.reflect.Method.invoke(Method.java:580)
	at org.springframework.aop.support.AopUtils.invokeJoinpointUsingReflection(AopUtils.java:359)
	at org.springframework.data.repository.core.support.RepositoryMethodInvoker$RepositoryFragmentMethodInvoker.lambda$new$0(RepositoryMethodInvoker.java:278)
	at org.springframework.data.repository.core.support.RepositoryMethodInvoker.doInvoke(RepositoryMethodInvoker.java:169)
	at org.springframework.data.repository.core.support.RepositoryMethodInvoker.invoke(RepositoryMethodInvoker.java:158)
	at org.springframework.data.repository.core.support.RepositoryComposition$RepositoryFragments.invoke(RepositoryComposition.java:545)
	at org.springframework.data.repository.core.support.RepositoryComposition.invoke(RepositoryComposition.java:290)
	at org.springframework.data.repository.core.support.RepositoryFactorySupport$ImplementationMethodExecutionInterceptor.invoke(RepositoryFactorySupport.java:690)
	at org.springframework.aop.framework.ReflectiveMethodInvocation.proceed(ReflectiveMethodInvocation.java:179)
	at org.springframework.data.repository.core.support.QueryExecutorMethodInterceptor.doInvoke(QueryExecutorMethodInterceptor.java:171)
	at org.springframework.data.repository.core.support.QueryExecutorMethodInterceptor.invoke(QueryExecutorMethodInterceptor.java:146)
	at org.springframework.aop.framework.ReflectiveMethodInvocation.proceed(ReflectiveMethodInvocation.java:179)
	at org.springframework.data.projection.DefaultMethodInvokingMethodInterceptor.invoke(DefaultMethodInvokingMethodInterceptor.java:69)
	at org.springframework.aop.framework.ReflectiveMethodInvocation.proceed(ReflectiveMethodInvocation.java:179)
	at org.springframework.transaction.interceptor.TransactionInterceptor$1.proceedWithInvocation(TransactionInterceptor.java:133)
	at org.springframework.transaction.interceptor.TransactionAspectSupport.invokeWithinTransaction(TransactionAspectSupport.java:371)
	at org.springframework.transaction.interceptor.TransactionInterceptor.invoke(TransactionInterceptor.java:130)
	at org.springframework.aop.framework.ReflectiveMethodInvocation.proceed(ReflectiveMethodInvocation.java:179)
	at org.springframework.dao.support.PersistenceExceptionTranslationInterceptor.invoke(PersistenceExceptionTranslationInterceptor.java:135)
	... 126 common frames omitted
Caused by: org.postgresql.util.PSQLException: ERROR: for SELECT DISTINCT, ORDER BY expressions must appear in select list
  Position: 520
	at org.postgresql.core.v3.QueryExecutorImpl.receiveErrorResponse(QueryExecutorImpl.java:2846)
	at org.postgresql.core.v3.QueryExecutorImpl.processResults(QueryExecutorImpl.java:2531)
	at org.postgresql.core.v3.QueryExecutorImpl.execute(QueryExecutorImpl.java:429)
	at org.postgresql.jdbc.PgStatement.executeInternal(PgStatement.java:526)
	at org.postgresql.jdbc.PgStatement.execute(PgStatement.java:436)
	at org.postgresql.jdbc.PgPreparedStatement.executeWithFlags(PgPreparedStatement.java:196)
	at org.postgresql.jdbc.PgPreparedStatement.executeQuery(PgPreparedStatement.java:139)
	at com.zaxxer.hikari.pool.ProxyPreparedStatement.executeQuery(ProxyPreparedStatement.java:52)
	at com.zaxxer.hikari.pool.HikariProxyPreparedStatement.executeQuery(HikariProxyPreparedStatement.java)
	at org.hibernate.sql.results.jdbc.internal.DeferredResultSetAccess.executeQuery(DeferredResultSetAccess.java:271)
	... 163 common frames omitted
2026-05-13 10:42:19.178 WARN  [http-nio-8080-exec-8] o.s.w.s.m.m.a.ExceptionHandlerExceptionResolver - Resolved [org.springframework.dao.InvalidDataAccessResourceUsageException: JDBC exception executing SQL [ERROR: for SELECT DISTINCT, ORDER BY expressions must appear in select list<EOL>  Position: 520] [select distinct pi1_0.id,pi1_0.active,pi1_0.created_at,pi1_0.created_by,pi1_0.current_address_id,pi1_0.date_of_birth,pi1_0.employment_type,pi1_0.first_name,pi1_0.gender,pi1_0.last_name,pi1_0.marital_status,pi1_0.middle_name,pi1_0.permanent_address_id,pi1_0.profile_image_url,pi1_0.record_status,pi1_0.spouse_or_parent_name,pi1_0.updated_at,pi1_0.updated_by from personal_information pi1_0 left join work_profiles wp1_0 on pi1_0.id=wp1_0.personal_information_id where pi1_0.active=? and pi1_0.record_status=? order by wp1_0.date_of_joining offset ? rows fetch first ? rows only]; SQL [select distinct pi1_0.id,pi1_0.active,pi1_0.created_at,pi1_0.created_by,pi1_0.current_address_id,pi1_0.date_of_birth,pi1_0.employment_type,pi1_0.first_name,pi1_0.gender,pi1_0.last_name,pi1_0.marital_status,pi1_0.middle_name,pi1_0.permanent_address_id,pi1_0.profile_image_url,pi1_0.record_status,pi1_0.spouse_or_parent_name,pi1_0.updated_at,pi1_0.updated_by from personal_information pi1_0 left join work_profiles wp1_0 on pi1_0.id=wp1_0.personal_information_id where pi1_0.active=? and pi1_0.record_status=? order by wp1_0.date_of_joining offset ? rows fetch first ? rows only]]
2026-05-13 10:42:20.366 WARN  [http-nio-8080-exec-9] org.hibernate.orm.jdbc.error - HHH000247: ErrorCode: 0, SQLState: 42P10
2026-05-13 10:42:20.366 WARN  [http-nio-8080-exec-9] org.hibernate.orm.jdbc.error - ERROR: for SELECT DISTINCT, ORDER BY expressions must appear in select list
  Position: 520
2026-05-13 10:42:20.368 ERROR [http-nio-8080-exec-9] c.g.h.e.GlobalExceptionHandler - Unexpected error
org.springframework.dao.InvalidDataAccessResourceUsageException: JDBC exception executing SQL [ERROR: for SELECT DISTINCT, ORDER BY expressions must appear in select list
  Position: 520] [select distinct pi1_0.id,pi1_0.active,pi1_0.created_at,pi1_0.created_by,pi1_0.current_address_id,pi1_0.date_of_birth,pi1_0.employment_type,pi1_0.first_name,pi1_0.gender,pi1_0.last_name,pi1_0.marital_status,pi1_0.middle_name,pi1_0.permanent_address_id,pi1_0.profile_image_url,pi1_0.record_status,pi1_0.spouse_or_parent_name,pi1_0.updated_at,pi1_0.updated_by from personal_information pi1_0 left join work_profiles wp1_0 on pi1_0.id=wp1_0.personal_information_id where pi1_0.active=? and pi1_0.record_status=? order by wp1_0.date_of_joining desc offset ? rows fetch first ? rows only]; SQL [select distinct pi1_0.id,pi1_0.active,pi1_0.created_at,pi1_0.created_by,pi1_0.current_address_id,pi1_0.date_of_birth,pi1_0.employment_type,pi1_0.first_name,pi1_0.gender,pi1_0.last_name,pi1_0.marital_status,pi1_0.middle_name,pi1_0.permanent_address_id,pi1_0.profile_image_url,pi1_0.record_status,pi1_0.spouse_or_parent_name,pi1_0.updated_at,pi1_0.updated_by from personal_information pi1_0 left join work_profiles wp1_0 on pi1_0.id=wp1_0.personal_information_id where pi1_0.active=? and pi1_0.record_status=? order by wp1_0.date_of_joining desc offset ? rows fetch first ? rows only]
	at org.springframework.orm.jpa.hibernate.HibernateExceptionTranslator.convertHibernateAccessException(HibernateExceptionTranslator.java:156)
	at org.springframework.orm.jpa.hibernate.HibernateExceptionTranslator.convertHibernateAccessException(HibernateExceptionTranslator.java:131)
	at org.springframework.orm.jpa.hibernate.HibernateExceptionTranslator.translateExceptionIfPossible(HibernateExceptionTranslator.java:105)
	at org.springframework.orm.jpa.vendor.HibernateJpaDialect.translateExceptionIfPossible(HibernateJpaDialect.java:199)
	at org.springframework.orm.jpa.AbstractEntityManagerFactoryBean.translateExceptionIfPossible(AbstractEntityManagerFactoryBean.java:556)
	at org.springframework.dao.support.ChainedPersistenceExceptionTranslator.translateExceptionIfPossible(ChainedPersistenceExceptionTranslator.java:61)
	at org.springframework.dao.support.DataAccessUtils.translateIfNecessary(DataAccessUtils.java:346)
	at org.springframework.dao.support.PersistenceExceptionTranslationInterceptor.invoke(PersistenceExceptionTranslationInterceptor.java:157)
	at org.springframework.aop.framework.ReflectiveMethodInvocation.proceed(ReflectiveMethodInvocation.java:179)
	at org.springframework.data.jpa.repository.support.CrudMethodMetadataPostProcessor$CrudMethodMetadataPopulatingMethodInterceptor.invoke(CrudMethodMetadataPostProcessor.java:166)
	at org.springframework.aop.framework.ReflectiveMethodInvocation.proceed(ReflectiveMethodInvocation.java:179)
	at org.springframework.aop.framework.JdkDynamicAopProxy.invoke(JdkDynamicAopProxy.java:222)
	at jdk.proxy4/jdk.proxy4.$Proxy191.findAll(Unknown Source)
	at com.gm.hrms.service.impl.EmployeeServiceImpl.getAll(EmployeeServiceImpl.java:308)
	at java.base/jdk.internal.reflect.DirectMethodHandleAccessor.invoke(DirectMethodHandleAccessor.java:103)
	at java.base/java.lang.reflect.Method.invoke(Method.java:580)
	at org.springframework.aop.support.AopUtils.invokeJoinpointUsingReflection(AopUtils.java:359)
	at org.springframework.aop.framework.ReflectiveMethodInvocation.invokeJoinpoint(ReflectiveMethodInvocation.java:190)
	at org.springframework.aop.framework.ReflectiveMethodInvocation.proceed(ReflectiveMethodInvocation.java:158)
	at org.springframework.transaction.interceptor.TransactionInterceptor$1.proceedWithInvocation(TransactionInterceptor.java:133)
	at org.springframework.transaction.interceptor.TransactionAspectSupport.invokeWithinTransaction(TransactionAspectSupport.java:371)
	at org.springframework.transaction.interceptor.TransactionInterceptor.invoke(TransactionInterceptor.java:130)
	at org.springframework.aop.framework.ReflectiveMethodInvocation.proceed(ReflectiveMethodInvocation.java:179)
	at org.springframework.aop.framework.CglibAopProxy$DynamicAdvisedInterceptor.intercept(CglibAopProxy.java:719)
	at com.gm.hrms.service.impl.EmployeeServiceImpl$$SpringCGLIB$$0.getAll(<generated>)
	at com.gm.hrms.controller.EmployeeController.getAll(EmployeeController.java:63)
	at java.base/jdk.internal.reflect.DirectMethodHandleAccessor.invoke(DirectMethodHandleAccessor.java:103)
	at java.base/java.lang.reflect.Method.invoke(Method.java:580)
	at org.springframework.aop.support.AopUtils.invokeJoinpointUsingReflection(AopUtils.java:359)
	at org.springframework.aop.framework.ReflectiveMethodInvocation.invokeJoinpoint(ReflectiveMethodInvocation.java:190)
	at org.springframework.aop.framework.ReflectiveMethodInvocation.proceed(ReflectiveMethodInvocation.java:158)
	at org.springframework.security.authorization.method.AuthorizationManagerBeforeMethodInterceptor.proceed(AuthorizationManagerBeforeMethodInterceptor.java:271)
	at org.springframework.security.authorization.method.AuthorizationManagerBeforeMethodInterceptor.attemptAuthorization(AuthorizationManagerBeforeMethodInterceptor.java:266)
	at org.springframework.security.authorization.method.AuthorizationManagerBeforeMethodInterceptor.invoke(AuthorizationManagerBeforeMethodInterceptor.java:197)
	at org.springframework.security.config.annotation.method.configuration.DeferringMethodInterceptor.invoke(DeferringMethodInterceptor.java:44)
	at org.springframework.aop.framework.ReflectiveMethodInvocation.proceed(ReflectiveMethodInvocation.java:179)
	at org.springframework.aop.interceptor.ExposeInvocationInterceptor.invoke(ExposeInvocationInterceptor.java:96)
	at org.springframework.aop.framework.ReflectiveMethodInvocation.proceed(ReflectiveMethodInvocation.java:179)
	at org.springframework.aop.framework.CglibAopProxy$DynamicAdvisedInterceptor.intercept(CglibAopProxy.java:719)
	at com.gm.hrms.controller.EmployeeController$$SpringCGLIB$$0.getAll(<generated>)
	at java.base/jdk.internal.reflect.DirectMethodHandleAccessor.invoke(DirectMethodHandleAccessor.java:103)
	at java.base/java.lang.reflect.Method.invoke(Method.java:580)
	at org.springframework.web.method.support.InvocableHandlerMethod.doInvoke(InvocableHandlerMethod.java:258)
	at org.springframework.web.method.support.InvocableHandlerMethod.invokeForRequest(InvocableHandlerMethod.java:190)
	at org.springframework.web.servlet.mvc.method.annotation.ServletInvocableHandlerMethod.invokeAndHandle(ServletInvocableHandlerMethod.java:117)
	at org.springframework.web.servlet.mvc.method.annotation.RequestMappingHandlerAdapter.invokeHandlerMethod(RequestMappingHandlerAdapter.java:934)
	at org.springframework.web.servlet.mvc.method.annotation.RequestMappingHandlerAdapter.handleInternal(RequestMappingHandlerAdapter.java:853)
	at org.springframework.web.servlet.mvc.method.AbstractHandlerMethodAdapter.handle(AbstractHandlerMethodAdapter.java:86)
	at org.springframework.web.servlet.DispatcherServlet.doDispatch(DispatcherServlet.java:963)
	at org.springframework.web.servlet.DispatcherServlet.doService(DispatcherServlet.java:866)
	at org.springframework.web.servlet.FrameworkServlet.processRequest(FrameworkServlet.java:1003)
	at org.springframework.web.servlet.FrameworkServlet.doGet(FrameworkServlet.java:892)
	at jakarta.servlet.http.HttpServlet.service(HttpServlet.java:622)
	at org.springframework.web.servlet.FrameworkServlet.service(FrameworkServlet.java:874)
	at jakarta.servlet.http.HttpServlet.service(HttpServlet.java:710)
	at org.apache.catalina.core.ApplicationFilterChain.doFilter(ApplicationFilterChain.java:128)
	at org.apache.tomcat.websocket.server.WsFilter.doFilter(WsFilter.java:53)
	at org.apache.catalina.core.ApplicationFilterChain.doFilter(ApplicationFilterChain.java:107)
	at org.springframework.web.filter.CorsFilter.doFilterInternal(CorsFilter.java:91)
	at org.springframework.web.filter.OncePerRequestFilter.doFilter(OncePerRequestFilter.java:116)
	at org.apache.catalina.core.ApplicationFilterChain.doFilter(ApplicationFilterChain.java:107)
	at org.springframework.web.filter.OncePerRequestFilter.doFilter(OncePerRequestFilter.java:110)
	at org.apache.catalina.core.ApplicationFilterChain.doFilter(ApplicationFilterChain.java:107)
	at org.springframework.web.filter.CompositeFilter$VirtualFilterChain.doFilter(CompositeFilter.java:108)
	at org.springframework.security.web.FilterChainProxy.lambda$doFilterInternal$3(FilterChainProxy.java:235)
	at org.springframework.security.web.FilterChainProxy$VirtualFilterChain.doFilter(FilterChainProxy.java:371)
	at org.springframework.security.web.access.intercept.AuthorizationFilter.doFilter(AuthorizationFilter.java:101)
	at org.springframework.security.web.FilterChainProxy$VirtualFilterChain.doFilter(FilterChainProxy.java:380)
	at org.springframework.security.web.access.ExceptionTranslationFilter.doFilter(ExceptionTranslationFilter.java:126)
	at org.springframework.security.web.access.ExceptionTranslationFilter.doFilter(ExceptionTranslationFilter.java:120)
	at org.springframework.security.web.FilterChainProxy$VirtualFilterChain.doFilter(FilterChainProxy.java:380)
	at org.springframework.security.web.authentication.AnonymousAuthenticationFilter.doFilter(AnonymousAuthenticationFilter.java:100)
	at org.springframework.security.web.FilterChainProxy$VirtualFilterChain.doFilter(FilterChainProxy.java:380)
	at org.springframework.security.web.servletapi.SecurityContextHolderAwareRequestFilter.doFilter(SecurityContextHolderAwareRequestFilter.java:181)
	at org.springframework.security.web.FilterChainProxy$VirtualFilterChain.doFilter(FilterChainProxy.java:380)
	at org.springframework.security.web.savedrequest.RequestCacheAwareFilter.doFilter(RequestCacheAwareFilter.java:63)
	at org.springframework.security.web.FilterChainProxy$VirtualFilterChain.doFilter(FilterChainProxy.java:380)
	at com.gm.hrms.config.JwtAuthenticationFilter.doFilterInternal(JwtAuthenticationFilter.java:72)
	at org.springframework.web.filter.OncePerRequestFilter.doFilter(OncePerRequestFilter.java:116)
	at org.springframework.security.web.FilterChainProxy$VirtualFilterChain.doFilter(FilterChainProxy.java:380)
	at org.springframework.security.web.authentication.logout.LogoutFilter.doFilter(LogoutFilter.java:110)
	at org.springframework.security.web.authentication.logout.LogoutFilter.doFilter(LogoutFilter.java:96)
	at org.springframework.security.web.FilterChainProxy$VirtualFilterChain.doFilter(FilterChainProxy.java:380)
	at org.springframework.web.filter.CorsFilter.doFilterInternal(CorsFilter.java:91)
	at org.springframework.web.filter.OncePerRequestFilter.doFilter(OncePerRequestFilter.java:116)
	at org.springframework.security.web.FilterChainProxy$VirtualFilterChain.doFilter(FilterChainProxy.java:380)
	at org.springframework.security.web.header.HeaderWriterFilter.doHeadersAfter(HeaderWriterFilter.java:90)
	at org.springframework.security.web.header.HeaderWriterFilter.doFilterInternal(HeaderWriterFilter.java:75)
	at org.springframework.web.filter.OncePerRequestFilter.doFilter(OncePerRequestFilter.java:116)
	at org.springframework.security.web.FilterChainProxy$VirtualFilterChain.doFilter(FilterChainProxy.java:380)
	at org.springframework.security.web.context.SecurityContextHolderFilter.doFilter(SecurityContextHolderFilter.java:82)
	at org.springframework.security.web.context.SecurityContextHolderFilter.doFilter(SecurityContextHolderFilter.java:69)
	at org.springframework.security.web.FilterChainProxy$VirtualFilterChain.doFilter(FilterChainProxy.java:380)
	at org.springframework.security.web.context.request.async.WebAsyncManagerIntegrationFilter.doFilterInternal(WebAsyncManagerIntegrationFilter.java:62)
	at org.springframework.web.filter.OncePerRequestFilter.doFilter(OncePerRequestFilter.java:116)
	at org.springframework.security.web.FilterChainProxy$VirtualFilterChain.doFilter(FilterChainProxy.java:380)
	at org.springframework.security.web.session.DisableEncodeUrlFilter.doFilterInternal(DisableEncodeUrlFilter.java:42)
	at org.springframework.web.filter.OncePerRequestFilter.doFilter(OncePerRequestFilter.java:116)
	at org.springframework.security.web.FilterChainProxy$VirtualFilterChain.doFilter(FilterChainProxy.java:380)
	at org.springframework.security.web.FilterChainProxy.doFilterInternal(FilterChainProxy.java:237)
	at org.springframework.security.web.FilterChainProxy.doFilter(FilterChainProxy.java:195)
	at org.springframework.web.filter.CompositeFilter$VirtualFilterChain.doFilter(CompositeFilter.java:113)
	at org.springframework.web.filter.ServletRequestPathFilter.doFilter(ServletRequestPathFilter.java:52)
	at org.springframework.web.filter.CompositeFilter$VirtualFilterChain.doFilter(CompositeFilter.java:113)
	at org.springframework.web.filter.CompositeFilter.doFilter(CompositeFilter.java:74)
	at org.springframework.security.config.annotation.web.configuration.WebSecurityConfiguration$CompositeFilterChainProxy.doFilter(WebSecurityConfiguration.java:317)
	at org.springframework.web.filter.DelegatingFilterProxy.invokeDelegate(DelegatingFilterProxy.java:355)
	at org.springframework.web.filter.DelegatingFilterProxy.doFilter(DelegatingFilterProxy.java:272)
	at org.apache.catalina.core.ApplicationFilterChain.doFilter(ApplicationFilterChain.java:107)
	at org.springframework.web.filter.RequestContextFilter.doFilterInternal(RequestContextFilter.java:100)
	at org.springframework.web.filter.OncePerRequestFilter.doFilter(OncePerRequestFilter.java:116)
	at org.apache.catalina.core.ApplicationFilterChain.doFilter(ApplicationFilterChain.java:107)
	at org.springframework.web.filter.FormContentFilter.doFilterInternal(FormContentFilter.java:93)
	at org.springframework.web.filter.OncePerRequestFilter.doFilter(OncePerRequestFilter.java:116)
	at org.apache.catalina.core.ApplicationFilterChain.doFilter(ApplicationFilterChain.java:107)
	at org.springframework.web.filter.CharacterEncodingFilter.doFilterInternal(CharacterEncodingFilter.java:199)
	at org.springframework.web.filter.OncePerRequestFilter.doFilter(OncePerRequestFilter.java:116)
	at org.apache.catalina.core.ApplicationFilterChain.doFilter(ApplicationFilterChain.java:107)
	at org.apache.catalina.core.StandardWrapperValve.invoke(StandardWrapperValve.java:165)
	at org.apache.catalina.core.StandardContextValve.invoke(StandardContextValve.java:77)
	at org.apache.catalina.authenticator.AuthenticatorBase.invoke(AuthenticatorBase.java:482)
	at org.apache.catalina.core.StandardHostValve.invoke(StandardHostValve.java:113)
	at org.apache.catalina.valves.ErrorReportValve.invoke(ErrorReportValve.java:83)
	at org.apache.catalina.core.StandardEngineValve.invoke(StandardEngineValve.java:72)
	at org.apache.catalina.connector.CoyoteAdapter.service(CoyoteAdapter.java:341)
	at org.apache.coyote.http11.Http11Processor.service(Http11Processor.java:397)
	at org.apache.coyote.AbstractProcessorLight.process(AbstractProcessorLight.java:63)
	at org.apache.coyote.AbstractProtocol$ConnectionHandler.process(AbstractProtocol.java:903)
	at org.apache.tomcat.util.net.NioEndpoint$SocketProcessor.doRun(NioEndpoint.java:1778)
	at org.apache.tomcat.util.net.SocketProcessorBase.run(SocketProcessorBase.java:52)
	at org.apache.tomcat.util.threads.ThreadPoolExecutor.runWorker(ThreadPoolExecutor.java:946)
	at org.apache.tomcat.util.threads.ThreadPoolExecutor$Worker.run(ThreadPoolExecutor.java:480)
	at org.apache.tomcat.util.threads.TaskThread$WrappingRunnable.run(TaskThread.java:57)
	at java.base/java.lang.Thread.run(Thread.java:1583)
Caused by: org.hibernate.exception.SQLGrammarException: JDBC exception executing SQL [ERROR: for SELECT DISTINCT, ORDER BY expressions must appear in select list
  Position: 520] [select distinct pi1_0.id,pi1_0.active,pi1_0.created_at,pi1_0.created_by,pi1_0.current_address_id,pi1_0.date_of_birth,pi1_0.employment_type,pi1_0.first_name,pi1_0.gender,pi1_0.last_name,pi1_0.marital_status,pi1_0.middle_name,pi1_0.permanent_address_id,pi1_0.profile_image_url,pi1_0.record_status,pi1_0.spouse_or_parent_name,pi1_0.updated_at,pi1_0.updated_by from personal_information pi1_0 left join work_profiles wp1_0 on pi1_0.id=wp1_0.personal_information_id where pi1_0.active=? and pi1_0.record_status=? order by wp1_0.date_of_joining desc offset ? rows fetch first ? rows only]
	at org.hibernate.exception.internal.SQLStateConversionDelegate.convert(SQLStateConversionDelegate.java:63)
	at org.hibernate.exception.internal.StandardSQLExceptionConverter.convert(StandardSQLExceptionConverter.java:34)
	at org.hibernate.engine.jdbc.spi.SqlExceptionHelper.convert(SqlExceptionHelper.java:115)
	at org.hibernate.sql.results.jdbc.internal.DeferredResultSetAccess.executeQuery(DeferredResultSetAccess.java:290)
	at org.hibernate.sql.results.jdbc.internal.DeferredResultSetAccess.getResultSet(DeferredResultSetAccess.java:190)
	at org.hibernate.sql.results.jdbc.internal.JdbcValuesResultSetImpl.<init>(JdbcValuesResultSetImpl.java:71)
	at org.hibernate.sql.exec.internal.JdbcSelectExecutorStandardImpl.resolveJdbcValues(JdbcSelectExecutorStandardImpl.java:393)
	at org.hibernate.sql.exec.internal.JdbcSelectExecutorStandardImpl.resolveJdbcValuesSource(JdbcSelectExecutorStandardImpl.java:354)
	at org.hibernate.sql.exec.internal.JdbcSelectExecutorStandardImpl.doExecuteQuery(JdbcSelectExecutorStandardImpl.java:135)
	at org.hibernate.sql.exec.internal.JdbcSelectExecutorStandardImpl.executeQuery(JdbcSelectExecutorStandardImpl.java:100)
	at org.hibernate.sql.exec.spi.JdbcSelectExecutor.executeQuery(JdbcSelectExecutor.java:63)
	at org.hibernate.sql.exec.spi.JdbcSelectExecutor.list(JdbcSelectExecutor.java:137)
	at org.hibernate.query.sqm.internal.ConcreteSqmSelectQueryPlan.lambda$new$1(ConcreteSqmSelectQueryPlan.java:128)
	at org.hibernate.query.sqm.internal.ConcreteSqmSelectQueryPlan.withCacheableSqmInterpretation(ConcreteSqmSelectQueryPlan.java:427)
	at org.hibernate.query.sqm.internal.ConcreteSqmSelectQueryPlan.performList(ConcreteSqmSelectQueryPlan.java:355)
	at org.hibernate.query.sqm.internal.SqmQueryImpl.doList(SqmQueryImpl.java:374)
	at org.hibernate.query.spi.AbstractSelectionQuery.list(AbstractSelectionQuery.java:153)
	at org.hibernate.query.Query.getResultList(Query.java:121)
	at org.springframework.data.jpa.repository.support.SimpleJpaRepository.readPage(SimpleJpaRepository.java:745)
	at org.springframework.data.jpa.repository.support.SimpleJpaRepository.findAll(SimpleJpaRepository.java:480)
	at org.springframework.data.jpa.repository.support.SimpleJpaRepository.findAll(SimpleJpaRepository.java:469)
	at java.base/jdk.internal.reflect.DirectMethodHandleAccessor.invoke(DirectMethodHandleAccessor.java:103)
	at java.base/java.lang.reflect.Method.invoke(Method.java:580)
	at org.springframework.aop.support.AopUtils.invokeJoinpointUsingReflection(AopUtils.java:359)
	at org.springframework.data.repository.core.support.RepositoryMethodInvoker$RepositoryFragmentMethodInvoker.lambda$new$0(RepositoryMethodInvoker.java:278)
	at org.springframework.data.repository.core.support.RepositoryMethodInvoker.doInvoke(RepositoryMethodInvoker.java:169)
	at org.springframework.data.repository.core.support.RepositoryMethodInvoker.invoke(RepositoryMethodInvoker.java:158)
	at org.springframework.data.repository.core.support.RepositoryComposition$RepositoryFragments.invoke(RepositoryComposition.java:545)
	at org.springframework.data.repository.core.support.RepositoryComposition.invoke(RepositoryComposition.java:290)
	at org.springframework.data.repository.core.support.RepositoryFactorySupport$ImplementationMethodExecutionInterceptor.invoke(RepositoryFactorySupport.java:690)
	at org.springframework.aop.framework.ReflectiveMethodInvocation.proceed(ReflectiveMethodInvocation.java:179)
	at org.springframework.data.repository.core.support.QueryExecutorMethodInterceptor.doInvoke(QueryExecutorMethodInterceptor.java:171)
	at org.springframework.data.repository.core.support.QueryExecutorMethodInterceptor.invoke(QueryExecutorMethodInterceptor.java:146)
	at org.springframework.aop.framework.ReflectiveMethodInvocation.proceed(ReflectiveMethodInvocation.java:179)
	at org.springframework.data.projection.DefaultMethodInvokingMethodInterceptor.invoke(DefaultMethodInvokingMethodInterceptor.java:69)
	at org.springframework.aop.framework.ReflectiveMethodInvocation.proceed(ReflectiveMethodInvocation.java:179)
	at org.springframework.transaction.interceptor.TransactionInterceptor$1.proceedWithInvocation(TransactionInterceptor.java:133)
	at org.springframework.transaction.interceptor.TransactionAspectSupport.invokeWithinTransaction(TransactionAspectSupport.java:371)
	at org.springframework.transaction.interceptor.TransactionInterceptor.invoke(TransactionInterceptor.java:130)
	at org.springframework.aop.framework.ReflectiveMethodInvocation.proceed(ReflectiveMethodInvocation.java:179)
	at org.springframework.dao.support.PersistenceExceptionTranslationInterceptor.invoke(PersistenceExceptionTranslationInterceptor.java:135)
	... 126 common frames omitted
Caused by: org.postgresql.util.PSQLException: ERROR: for SELECT DISTINCT, ORDER BY expressions must appear in select list
  Position: 520
	at org.postgresql.core.v3.QueryExecutorImpl.receiveErrorResponse(QueryExecutorImpl.java:2846)
	at org.postgresql.core.v3.QueryExecutorImpl.processResults(QueryExecutorImpl.java:2531)
	at org.postgresql.core.v3.QueryExecutorImpl.execute(QueryExecutorImpl.java:429)
	at org.postgresql.jdbc.PgStatement.executeInternal(PgStatement.java:526)
	at org.postgresql.jdbc.PgStatement.execute(PgStatement.java:436)
	at org.postgresql.jdbc.PgPreparedStatement.executeWithFlags(PgPreparedStatement.java:196)
	at org.postgresql.jdbc.PgPreparedStatement.executeQuery(PgPreparedStatement.java:139)
	at com.zaxxer.hikari.pool.ProxyPreparedStatement.executeQuery(ProxyPreparedStatement.java:52)
	at com.zaxxer.hikari.pool.HikariProxyPreparedStatement.executeQuery(HikariProxyPreparedStatement.java)
	at org.hibernate.sql.results.jdbc.internal.DeferredResultSetAccess.executeQuery(DeferredResultSetAccess.java:271)
	... 163 common frames omitted
2026-05-13 10:42:20.375 WARN  [http-nio-8080-exec-9] o.s.w.s.m.m.a.ExceptionHandlerExceptionResolver - Resolved [org.springframework.dao.InvalidDataAccessResourceUsageException: JDBC exception executing SQL [ERROR: for SELECT DISTINCT, ORDER BY expressions must appear in select list<EOL>  Position: 520] [select distinct pi1_0.id,pi1_0.active,pi1_0.created_at,pi1_0.created_by,pi1_0.current_address_id,pi1_0.date_of_birth,pi1_0.employment_type,pi1_0.first_name,pi1_0.gender,pi1_0.last_name,pi1_0.marital_status,pi1_0.middle_name,pi1_0.permanent_address_id,pi1_0.profile_image_url,pi1_0.record_status,pi1_0.spouse_or_parent_name,pi1_0.updated_at,pi1_0.updated_by from personal_information pi1_0 left join work_profiles wp1_0 on pi1_0.id=wp1_0.personal_information_id where pi1_0.active=? and pi1_0.record_status=? order by wp1_0.date_of_joining desc offset ? rows fetch first ? rows only]; SQL [select distinct pi1_0.id,pi1_0.active,pi1_0.created_at,pi1_0.created_by,pi1_0.current_address_id,pi1_0.date_of_birth,pi1_0.employment_type,pi1_0.first_name,pi1_0.gender,pi1_0.last_name,pi1_0.marital_status,pi1_0.middle_name,pi1_0.permanent_address_id,pi1_0.profile_image_url,pi1_0.record_status,pi1_0.spouse_or_parent_name,pi1_0.updated_at,pi1_0.updated_by from personal_information pi1_0 left join work_profiles wp1_0 on pi1_0.id=wp1_0.personal_information_id where pi1_0.active=? and pi1_0.record_status=? order by wp1_0.date_of_joining desc offset ? rows fetch first ? rows only]]
2026-05-13 10:42:21.061 WARN  [http-nio-8080-exec-7] org.hibernate.orm.jdbc.error - HHH000247: ErrorCode: 0, SQLState: 42P10
2026-05-13 10:42:21.061 WARN  [http-nio-8080-exec-7] org.hibernate.orm.jdbc.error - ERROR: for SELECT DISTINCT, ORDER BY expressions must appear in select list
  Position: 520
2026-05-13 10:42:21.062 ERROR [http-nio-8080-exec-7] c.g.h.e.GlobalExceptionHandler - Unexpected error
org.springframework.dao.InvalidDataAccessResourceUsageException: JDBC exception executing SQL [ERROR: for SELECT DISTINCT, ORDER BY expressions must appear in select list
  Position: 520] [select distinct pi1_0.id,pi1_0.active,pi1_0.created_at,pi1_0.created_by,pi1_0.current_address_id,pi1_0.date_of_birth,pi1_0.employment_type,pi1_0.first_name,pi1_0.gender,pi1_0.last_name,pi1_0.marital_status,pi1_0.middle_name,pi1_0.permanent_address_id,pi1_0.profile_image_url,pi1_0.record_status,pi1_0.spouse_or_parent_name,pi1_0.updated_at,pi1_0.updated_by from personal_information pi1_0 left join work_profiles wp1_0 on pi1_0.id=wp1_0.personal_information_id where pi1_0.active=? and pi1_0.record_status=? order by wp1_0.date_of_joining offset ? rows fetch first ? rows only]; SQL [select distinct pi1_0.id,pi1_0.active,pi1_0.created_at,pi1_0.created_by,pi1_0.current_address_id,pi1_0.date_of_birth,pi1_0.employment_type,pi1_0.first_name,pi1_0.gender,pi1_0.last_name,pi1_0.marital_status,pi1_0.middle_name,pi1_0.permanent_address_id,pi1_0.profile_image_url,pi1_0.record_status,pi1_0.spouse_or_parent_name,pi1_0.updated_at,pi1_0.updated_by from personal_information pi1_0 left join work_profiles wp1_0 on pi1_0.id=wp1_0.personal_information_id where pi1_0.active=? and pi1_0.record_status=? order by wp1_0.date_of_joining offset ? rows fetch first ? rows only]
	at org.springframework.orm.jpa.hibernate.HibernateExceptionTranslator.convertHibernateAccessException(HibernateExceptionTranslator.java:156)
	at org.springframework.orm.jpa.hibernate.HibernateExceptionTranslator.convertHibernateAccessException(HibernateExceptionTranslator.java:131)
	at org.springframework.orm.jpa.hibernate.HibernateExceptionTranslator.translateExceptionIfPossible(HibernateExceptionTranslator.java:105)
	at org.springframework.orm.jpa.vendor.HibernateJpaDialect.translateExceptionIfPossible(HibernateJpaDialect.java:199)
	at org.springframework.orm.jpa.AbstractEntityManagerFactoryBean.translateExceptionIfPossible(AbstractEntityManagerFactoryBean.java:556)
	at org.springframework.dao.support.ChainedPersistenceExceptionTranslator.translateExceptionIfPossible(ChainedPersistenceExceptionTranslator.java:61)
	at org.springframework.dao.support.DataAccessUtils.translateIfNecessary(DataAccessUtils.java:346)
	at org.springframework.dao.support.PersistenceExceptionTranslationInterceptor.invoke(PersistenceExceptionTranslationInterceptor.java:157)
	at org.springframework.aop.framework.ReflectiveMethodInvocation.proceed(ReflectiveMethodInvocation.java:179)
	at org.springframework.data.jpa.repository.support.CrudMethodMetadataPostProcessor$CrudMethodMetadataPopulatingMethodInterceptor.invoke(CrudMethodMetadataPostProcessor.java:166)
	at org.springframework.aop.framework.ReflectiveMethodInvocation.proceed(ReflectiveMethodInvocation.java:179)
	at org.springframework.aop.framework.JdkDynamicAopProxy.invoke(JdkDynamicAopProxy.java:222)
	at jdk.proxy4/jdk.proxy4.$Proxy191.findAll(Unknown Source)
	at com.gm.hrms.service.impl.EmployeeServiceImpl.getAll(EmployeeServiceImpl.java:308)
	at java.base/jdk.internal.reflect.DirectMethodHandleAccessor.invoke(DirectMethodHandleAccessor.java:103)
	at java.base/java.lang.reflect.Method.invoke(Method.java:580)
	at org.springframework.aop.support.AopUtils.invokeJoinpointUsingReflection(AopUtils.java:359)
	at org.springframework.aop.framework.ReflectiveMethodInvocation.invokeJoinpoint(ReflectiveMethodInvocation.java:190)
	at org.springframework.aop.framework.ReflectiveMethodInvocation.proceed(ReflectiveMethodInvocation.java:158)
	at org.springframework.transaction.interceptor.TransactionInterceptor$1.proceedWithInvocation(TransactionInterceptor.java:133)
	at org.springframework.transaction.interceptor.TransactionAspectSupport.invokeWithinTransaction(TransactionAspectSupport.java:371)
	at org.springframework.transaction.interceptor.TransactionInterceptor.invoke(TransactionInterceptor.java:130)
	at org.springframework.aop.framework.ReflectiveMethodInvocation.proceed(ReflectiveMethodInvocation.java:179)
	at org.springframework.aop.framework.CglibAopProxy$DynamicAdvisedInterceptor.intercept(CglibAopProxy.java:719)
	at com.gm.hrms.service.impl.EmployeeServiceImpl$$SpringCGLIB$$0.getAll(<generated>)
	at com.gm.hrms.controller.EmployeeController.getAll(EmployeeController.java:63)
	at java.base/jdk.internal.reflect.DirectMethodHandleAccessor.invoke(DirectMethodHandleAccessor.java:103)
	at java.base/java.lang.reflect.Method.invoke(Method.java:580)
	at org.springframework.aop.support.AopUtils.invokeJoinpointUsingReflection(AopUtils.java:359)
	at org.springframework.aop.framework.ReflectiveMethodInvocation.invokeJoinpoint(ReflectiveMethodInvocation.java:190)
	at org.springframework.aop.framework.ReflectiveMethodInvocation.proceed(ReflectiveMethodInvocation.java:158)
	at org.springframework.security.authorization.method.AuthorizationManagerBeforeMethodInterceptor.proceed(AuthorizationManagerBeforeMethodInterceptor.java:271)
	at org.springframework.security.authorization.method.AuthorizationManagerBeforeMethodInterceptor.attemptAuthorization(AuthorizationManagerBeforeMethodInterceptor.java:266)
	at org.springframework.security.authorization.method.AuthorizationManagerBeforeMethodInterceptor.invoke(AuthorizationManagerBeforeMethodInterceptor.java:197)
	at org.springframework.security.config.annotation.method.configuration.DeferringMethodInterceptor.invoke(DeferringMethodInterceptor.java:44)
	at org.springframework.aop.framework.ReflectiveMethodInvocation.proceed(ReflectiveMethodInvocation.java:179)
	at org.springframework.aop.interceptor.ExposeInvocationInterceptor.invoke(ExposeInvocationInterceptor.java:96)
	at org.springframework.aop.framework.ReflectiveMethodInvocation.proceed(ReflectiveMethodInvocation.java:179)
	at org.springframework.aop.framework.CglibAopProxy$DynamicAdvisedInterceptor.intercept(CglibAopProxy.java:719)
	at com.gm.hrms.controller.EmployeeController$$SpringCGLIB$$0.getAll(<generated>)
	at java.base/jdk.internal.reflect.DirectMethodHandleAccessor.invoke(DirectMethodHandleAccessor.java:103)
	at java.base/java.lang.reflect.Method.invoke(Method.java:580)
	at org.springframework.web.method.support.InvocableHandlerMethod.doInvoke(InvocableHandlerMethod.java:258)
	at org.springframework.web.method.support.InvocableHandlerMethod.invokeForRequest(InvocableHandlerMethod.java:190)
	at org.springframework.web.servlet.mvc.method.annotation.ServletInvocableHandlerMethod.invokeAndHandle(ServletInvocableHandlerMethod.java:117)
	at org.springframework.web.servlet.mvc.method.annotation.RequestMappingHandlerAdapter.invokeHandlerMethod(RequestMappingHandlerAdapter.java:934)
	at org.springframework.web.servlet.mvc.method.annotation.RequestMappingHandlerAdapter.handleInternal(RequestMappingHandlerAdapter.java:853)
	at org.springframework.web.servlet.mvc.method.AbstractHandlerMethodAdapter.handle(AbstractHandlerMethodAdapter.java:86)
	at org.springframework.web.servlet.DispatcherServlet.doDispatch(DispatcherServlet.java:963)
	at org.springframework.web.servlet.DispatcherServlet.doService(DispatcherServlet.java:866)
	at org.springframework.web.servlet.FrameworkServlet.processRequest(FrameworkServlet.java:1003)
	at org.springframework.web.servlet.FrameworkServlet.doGet(FrameworkServlet.java:892)
	at jakarta.servlet.http.HttpServlet.service(HttpServlet.java:622)
	at org.springframework.web.servlet.FrameworkServlet.service(FrameworkServlet.java:874)
	at jakarta.servlet.http.HttpServlet.service(HttpServlet.java:710)
	at org.apache.catalina.core.ApplicationFilterChain.doFilter(ApplicationFilterChain.java:128)
	at org.apache.tomcat.websocket.server.WsFilter.doFilter(WsFilter.java:53)
	at org.apache.catalina.core.ApplicationFilterChain.doFilter(ApplicationFilterChain.java:107)
	at org.springframework.web.filter.CorsFilter.doFilterInternal(CorsFilter.java:91)
	at org.springframework.web.filter.OncePerRequestFilter.doFilter(OncePerRequestFilter.java:116)
	at org.apache.catalina.core.ApplicationFilterChain.doFilter(ApplicationFilterChain.java:107)
	at org.springframework.web.filter.OncePerRequestFilter.doFilter(OncePerRequestFilter.java:110)
	at org.apache.catalina.core.ApplicationFilterChain.doFilter(ApplicationFilterChain.java:107)
	at org.springframework.web.filter.CompositeFilter$VirtualFilterChain.doFilter(CompositeFilter.java:108)
	at org.springframework.security.web.FilterChainProxy.lambda$doFilterInternal$3(FilterChainProxy.java:235)
	at org.springframework.security.web.FilterChainProxy$VirtualFilterChain.doFilter(FilterChainProxy.java:371)
	at org.springframework.security.web.access.intercept.AuthorizationFilter.doFilter(AuthorizationFilter.java:101)
	at org.springframework.security.web.FilterChainProxy$VirtualFilterChain.doFilter(FilterChainProxy.java:380)
	at org.springframework.security.web.access.ExceptionTranslationFilter.doFilter(ExceptionTranslationFilter.java:126)
	at org.springframework.security.web.access.ExceptionTranslationFilter.doFilter(ExceptionTranslationFilter.java:120)
	at org.springframework.security.web.FilterChainProxy$VirtualFilterChain.doFilter(FilterChainProxy.java:380)
	at org.springframework.security.web.authentication.AnonymousAuthenticationFilter.doFilter(AnonymousAuthenticationFilter.java:100)
	at org.springframework.security.web.FilterChainProxy$VirtualFilterChain.doFilter(FilterChainProxy.java:380)
	at org.springframework.security.web.servletapi.SecurityContextHolderAwareRequestFilter.doFilter(SecurityContextHolderAwareRequestFilter.java:181)
	at org.springframework.security.web.FilterChainProxy$VirtualFilterChain.doFilter(FilterChainProxy.java:380)
	at org.springframework.security.web.savedrequest.RequestCacheAwareFilter.doFilter(RequestCacheAwareFilter.java:63)
	at org.springframework.security.web.FilterChainProxy$VirtualFilterChain.doFilter(FilterChainProxy.java:380)
	at com.gm.hrms.config.JwtAuthenticationFilter.doFilterInternal(JwtAuthenticationFilter.java:72)
	at org.springframework.web.filter.OncePerRequestFilter.doFilter(OncePerRequestFilter.java:116)
	at org.springframework.security.web.FilterChainProxy$VirtualFilterChain.doFilter(FilterChainProxy.java:380)
	at org.springframework.security.web.authentication.logout.LogoutFilter.doFilter(LogoutFilter.java:110)
	at org.springframework.security.web.authentication.logout.LogoutFilter.doFilter(LogoutFilter.java:96)
	at org.springframework.security.web.FilterChainProxy$VirtualFilterChain.doFilter(FilterChainProxy.java:380)
	at org.springframework.web.filter.CorsFilter.doFilterInternal(CorsFilter.java:91)
	at org.springframework.web.filter.OncePerRequestFilter.doFilter(OncePerRequestFilter.java:116)
	at org.springframework.security.web.FilterChainProxy$VirtualFilterChain.doFilter(FilterChainProxy.java:380)
	at org.springframework.security.web.header.HeaderWriterFilter.doHeadersAfter(HeaderWriterFilter.java:90)
	at org.springframework.security.web.header.HeaderWriterFilter.doFilterInternal(HeaderWriterFilter.java:75)
	at org.springframework.web.filter.OncePerRequestFilter.doFilter(OncePerRequestFilter.java:116)
	at org.springframework.security.web.FilterChainProxy$VirtualFilterChain.doFilter(FilterChainProxy.java:380)
	at org.springframework.security.web.context.SecurityContextHolderFilter.doFilter(SecurityContextHolderFilter.java:82)
	at org.springframework.security.web.context.SecurityContextHolderFilter.doFilter(SecurityContextHolderFilter.java:69)
	at org.springframework.security.web.FilterChainProxy$VirtualFilterChain.doFilter(FilterChainProxy.java:380)
	at org.springframework.security.web.context.request.async.WebAsyncManagerIntegrationFilter.doFilterInternal(WebAsyncManagerIntegrationFilter.java:62)
	at org.springframework.web.filter.OncePerRequestFilter.doFilter(OncePerRequestFilter.java:116)
	at org.springframework.security.web.FilterChainProxy$VirtualFilterChain.doFilter(FilterChainProxy.java:380)
	at org.springframework.security.web.session.DisableEncodeUrlFilter.doFilterInternal(DisableEncodeUrlFilter.java:42)
	at org.springframework.web.filter.OncePerRequestFilter.doFilter(OncePerRequestFilter.java:116)
	at org.springframework.security.web.FilterChainProxy$VirtualFilterChain.doFilter(FilterChainProxy.java:380)
	at org.springframework.security.web.FilterChainProxy.doFilterInternal(FilterChainProxy.java:237)
	at org.springframework.security.web.FilterChainProxy.doFilter(FilterChainProxy.java:195)
	at org.springframework.web.filter.CompositeFilter$VirtualFilterChain.doFilter(CompositeFilter.java:113)
	at org.springframework.web.filter.ServletRequestPathFilter.doFilter(ServletRequestPathFilter.java:52)
	at org.springframework.web.filter.CompositeFilter$VirtualFilterChain.doFilter(CompositeFilter.java:113)
	at org.springframework.web.filter.CompositeFilter.doFilter(CompositeFilter.java:74)
	at org.springframework.security.config.annotation.web.configuration.WebSecurityConfiguration$CompositeFilterChainProxy.doFilter(WebSecurityConfiguration.java:317)
	at org.springframework.web.filter.DelegatingFilterProxy.invokeDelegate(DelegatingFilterProxy.java:355)
	at org.springframework.web.filter.DelegatingFilterProxy.doFilter(DelegatingFilterProxy.java:272)
	at org.apache.catalina.core.ApplicationFilterChain.doFilter(ApplicationFilterChain.java:107)
	at org.springframework.web.filter.RequestContextFilter.doFilterInternal(RequestContextFilter.java:100)
	at org.springframework.web.filter.OncePerRequestFilter.doFilter(OncePerRequestFilter.java:116)
	at org.apache.catalina.core.ApplicationFilterChain.doFilter(ApplicationFilterChain.java:107)
	at org.springframework.web.filter.FormContentFilter.doFilterInternal(FormContentFilter.java:93)
	at org.springframework.web.filter.OncePerRequestFilter.doFilter(OncePerRequestFilter.java:116)
	at org.apache.catalina.core.ApplicationFilterChain.doFilter(ApplicationFilterChain.java:107)
	at org.springframework.web.filter.CharacterEncodingFilter.doFilterInternal(CharacterEncodingFilter.java:199)
	at org.springframework.web.filter.OncePerRequestFilter.doFilter(OncePerRequestFilter.java:116)
	at org.apache.catalina.core.ApplicationFilterChain.doFilter(ApplicationFilterChain.java:107)
	at org.apache.catalina.core.StandardWrapperValve.invoke(StandardWrapperValve.java:165)
	at org.apache.catalina.core.StandardContextValve.invoke(StandardContextValve.java:77)
	at org.apache.catalina.authenticator.AuthenticatorBase.invoke(AuthenticatorBase.java:482)
	at org.apache.catalina.core.StandardHostValve.invoke(StandardHostValve.java:113)
	at org.apache.catalina.valves.ErrorReportValve.invoke(ErrorReportValve.java:83)
	at org.apache.catalina.core.StandardEngineValve.invoke(StandardEngineValve.java:72)
	at org.apache.catalina.connector.CoyoteAdapter.service(CoyoteAdapter.java:341)
	at org.apache.coyote.http11.Http11Processor.service(Http11Processor.java:397)
	at org.apache.coyote.AbstractProcessorLight.process(AbstractProcessorLight.java:63)
	at org.apache.coyote.AbstractProtocol$ConnectionHandler.process(AbstractProtocol.java:903)
	at org.apache.tomcat.util.net.NioEndpoint$SocketProcessor.doRun(NioEndpoint.java:1778)
	at org.apache.tomcat.util.net.SocketProcessorBase.run(SocketProcessorBase.java:52)
	at org.apache.tomcat.util.threads.ThreadPoolExecutor.runWorker(ThreadPoolExecutor.java:946)
	at org.apache.tomcat.util.threads.ThreadPoolExecutor$Worker.run(ThreadPoolExecutor.java:480)
	at org.apache.tomcat.util.threads.TaskThread$WrappingRunnable.run(TaskThread.java:57)
	at java.base/java.lang.Thread.run(Thread.java:1583)
Caused by: org.hibernate.exception.SQLGrammarException: JDBC exception executing SQL [ERROR: for SELECT DISTINCT, ORDER BY expressions must appear in select list
  Position: 520] [select distinct pi1_0.id,pi1_0.active,pi1_0.created_at,pi1_0.created_by,pi1_0.current_address_id,pi1_0.date_of_birth,pi1_0.employment_type,pi1_0.first_name,pi1_0.gender,pi1_0.last_name,pi1_0.marital_status,pi1_0.middle_name,pi1_0.permanent_address_id,pi1_0.profile_image_url,pi1_0.record_status,pi1_0.spouse_or_parent_name,pi1_0.updated_at,pi1_0.updated_by from personal_information pi1_0 left join work_profiles wp1_0 on pi1_0.id=wp1_0.personal_information_id where pi1_0.active=? and pi1_0.record_status=? order by wp1_0.date_of_joining offset ? rows fetch first ? rows only]
	at org.hibernate.exception.internal.SQLStateConversionDelegate.convert(SQLStateConversionDelegate.java:63)
	at org.hibernate.exception.internal.StandardSQLExceptionConverter.convert(StandardSQLExceptionConverter.java:34)
	at org.hibernate.engine.jdbc.spi.SqlExceptionHelper.convert(SqlExceptionHelper.java:115)
	at org.hibernate.sql.results.jdbc.internal.DeferredResultSetAccess.executeQuery(DeferredResultSetAccess.java:290)
	at org.hibernate.sql.results.jdbc.internal.DeferredResultSetAccess.getResultSet(DeferredResultSetAccess.java:190)
	at org.hibernate.sql.results.jdbc.internal.JdbcValuesResultSetImpl.<init>(JdbcValuesResultSetImpl.java:71)
	at org.hibernate.sql.exec.internal.JdbcSelectExecutorStandardImpl.resolveJdbcValues(JdbcSelectExecutorStandardImpl.java:393)
	at org.hibernate.sql.exec.internal.JdbcSelectExecutorStandardImpl.resolveJdbcValuesSource(JdbcSelectExecutorStandardImpl.java:354)
	at org.hibernate.sql.exec.internal.JdbcSelectExecutorStandardImpl.doExecuteQuery(JdbcSelectExecutorStandardImpl.java:135)
	at org.hibernate.sql.exec.internal.JdbcSelectExecutorStandardImpl.executeQuery(JdbcSelectExecutorStandardImpl.java:100)
	at org.hibernate.sql.exec.spi.JdbcSelectExecutor.executeQuery(JdbcSelectExecutor.java:63)
	at org.hibernate.sql.exec.spi.JdbcSelectExecutor.list(JdbcSelectExecutor.java:137)
	at org.hibernate.query.sqm.internal.ConcreteSqmSelectQueryPlan.lambda$new$1(ConcreteSqmSelectQueryPlan.java:128)
	at org.hibernate.query.sqm.internal.ConcreteSqmSelectQueryPlan.withCacheableSqmInterpretation(ConcreteSqmSelectQueryPlan.java:427)
	at org.hibernate.query.sqm.internal.ConcreteSqmSelectQueryPlan.performList(ConcreteSqmSelectQueryPlan.java:355)
	at org.hibernate.query.sqm.internal.SqmQueryImpl.doList(SqmQueryImpl.java:374)
	at org.hibernate.query.spi.AbstractSelectionQuery.list(AbstractSelectionQuery.java:153)
	at org.hibernate.query.Query.getResultList(Query.java:121)
	at org.springframework.data.jpa.repository.support.SimpleJpaRepository.readPage(SimpleJpaRepository.java:745)
	at org.springframework.data.jpa.repository.support.SimpleJpaRepository.findAll(SimpleJpaRepository.java:480)
	at org.springframework.data.jpa.repository.support.SimpleJpaRepository.findAll(SimpleJpaRepository.java:469)
	at java.base/jdk.internal.reflect.DirectMethodHandleAccessor.invoke(DirectMethodHandleAccessor.java:103)
	at java.base/java.lang.reflect.Method.invoke(Method.java:580)
	at org.springframework.aop.support.AopUtils.invokeJoinpointUsingReflection(AopUtils.java:359)
	at org.springframework.data.repository.core.support.RepositoryMethodInvoker$RepositoryFragmentMethodInvoker.lambda$new$0(RepositoryMethodInvoker.java:278)
	at org.springframework.data.repository.core.support.RepositoryMethodInvoker.doInvoke(RepositoryMethodInvoker.java:169)
	at org.springframework.data.repository.core.support.RepositoryMethodInvoker.invoke(RepositoryMethodInvoker.java:158)
	at org.springframework.data.repository.core.support.RepositoryComposition$RepositoryFragments.invoke(RepositoryComposition.java:545)
	at org.springframework.data.repository.core.support.RepositoryComposition.invoke(RepositoryComposition.java:290)
	at org.springframework.data.repository.core.support.RepositoryFactorySupport$ImplementationMethodExecutionInterceptor.invoke(RepositoryFactorySupport.java:690)
	at org.springframework.aop.framework.ReflectiveMethodInvocation.proceed(ReflectiveMethodInvocation.java:179)
	at org.springframework.data.repository.core.support.QueryExecutorMethodInterceptor.doInvoke(QueryExecutorMethodInterceptor.java:171)
	at org.springframework.data.repository.core.support.QueryExecutorMethodInterceptor.invoke(QueryExecutorMethodInterceptor.java:146)
	at org.springframework.aop.framework.ReflectiveMethodInvocation.proceed(ReflectiveMethodInvocation.java:179)
	at org.springframework.data.projection.DefaultMethodInvokingMethodInterceptor.invoke(DefaultMethodInvokingMethodInterceptor.java:69)
	at org.springframework.aop.framework.ReflectiveMethodInvocation.proceed(ReflectiveMethodInvocation.java:179)
	at org.springframework.transaction.interceptor.TransactionInterceptor$1.proceedWithInvocation(TransactionInterceptor.java:133)
	at org.springframework.transaction.interceptor.TransactionAspectSupport.invokeWithinTransaction(TransactionAspectSupport.java:371)
	at org.springframework.transaction.interceptor.TransactionInterceptor.invoke(TransactionInterceptor.java:130)
	at org.springframework.aop.framework.ReflectiveMethodInvocation.proceed(ReflectiveMethodInvocation.java:179)
	at org.springframework.dao.support.PersistenceExceptionTranslationInterceptor.invoke(PersistenceExceptionTranslationInterceptor.java:135)
	... 126 common frames omitted
Caused by: org.postgresql.util.PSQLException: ERROR: for SELECT DISTINCT, ORDER BY expressions must appear in select list
  Position: 520
	at org.postgresql.core.v3.QueryExecutorImpl.receiveErrorResponse(QueryExecutorImpl.java:2846)
	at org.postgresql.core.v3.QueryExecutorImpl.processResults(QueryExecutorImpl.java:2531)
	at org.postgresql.core.v3.QueryExecutorImpl.execute(QueryExecutorImpl.java:429)
	at org.postgresql.jdbc.PgStatement.executeInternal(PgStatement.java:526)
	at org.postgresql.jdbc.PgStatement.execute(PgStatement.java:436)
	at org.postgresql.jdbc.PgPreparedStatement.executeWithFlags(PgPreparedStatement.java:196)
	at org.postgresql.jdbc.PgPreparedStatement.executeQuery(PgPreparedStatement.java:139)
	at com.zaxxer.hikari.pool.ProxyPreparedStatement.executeQuery(ProxyPreparedStatement.java:52)
	at com.zaxxer.hikari.pool.HikariProxyPreparedStatement.executeQuery(HikariProxyPreparedStatement.java)
	at org.hibernate.sql.results.jdbc.internal.DeferredResultSetAccess.executeQuery(DeferredResultSetAccess.java:271)
	... 163 common frames omitted
2026-05-13 10:42:21.073 WARN  [http-nio-8080-exec-7] o.s.w.s.m.m.a.ExceptionHandlerExceptionResolver - Resolved [org.springframework.dao.InvalidDataAccessResourceUsageException: JDBC exception executing SQL [ERROR: for SELECT DISTINCT, ORDER BY expressions must appear in select list<EOL>  Position: 520] [select distinct pi1_0.id,pi1_0.active,pi1_0.created_at,pi1_0.created_by,pi1_0.current_address_id,pi1_0.date_of_birth,pi1_0.employment_type,pi1_0.first_name,pi1_0.gender,pi1_0.last_name,pi1_0.marital_status,pi1_0.middle_name,pi1_0.permanent_address_id,pi1_0.profile_image_url,pi1_0.record_status,pi1_0.spouse_or_parent_name,pi1_0.updated_at,pi1_0.updated_by from personal_information pi1_0 left join work_profiles wp1_0 on pi1_0.id=wp1_0.personal_information_id where pi1_0.active=? and pi1_0.record_status=? order by wp1_0.date_of_joining offset ? rows fetch first ? rows only]; SQL [select distinct pi1_0.id,pi1_0.active,pi1_0.created_at,pi1_0.created_by,pi1_0.current_address_id,pi1_0.date_of_birth,pi1_0.employment_type,pi1_0.first_name,pi1_0.gender,pi1_0.last_name,pi1_0.marital_status,pi1_0.middle_name,pi1_0.permanent_address_id,pi1_0.profile_image_url,pi1_0.record_status,pi1_0.spouse_or_parent_name,pi1_0.updated_at,pi1_0.updated_by from personal_information pi1_0 left join work_profiles wp1_0 on pi1_0.id=wp1_0.personal_information_id where pi1_0.active=? and pi1_0.record_status=? order by wp1_0.date_of_joining offset ? rows fetch first ? rows only]]
2026-05-13 10:42:21.943 WARN  [http-nio-8080-exec-10] org.hibernate.orm.jdbc.error - HHH000247: ErrorCode: 0, SQLState: 42P10
2026-05-13 10:42:21.944 WARN  [http-nio-8080-exec-10] org.hibernate.orm.jdbc.error - ERROR: for SELECT DISTINCT, ORDER BY expressions must appear in select list
  Position: 520
2026-05-13 10:42:21.945 ERROR [http-nio-8080-exec-10] c.g.h.e.GlobalExceptionHandler - Unexpected error
org.springframework.dao.InvalidDataAccessResourceUsageException: JDBC exception executing SQL [ERROR: for SELECT DISTINCT, ORDER BY expressions must appear in select list
  Position: 520] [select distinct pi1_0.id,pi1_0.active,pi1_0.created_at,pi1_0.created_by,pi1_0.current_address_id,pi1_0.date_of_birth,pi1_0.employment_type,pi1_0.first_name,pi1_0.gender,pi1_0.last_name,pi1_0.marital_status,pi1_0.middle_name,pi1_0.permanent_address_id,pi1_0.profile_image_url,pi1_0.record_status,pi1_0.spouse_or_parent_name,pi1_0.updated_at,pi1_0.updated_by from personal_information pi1_0 left join work_profiles wp1_0 on pi1_0.id=wp1_0.personal_information_id where pi1_0.active=? and pi1_0.record_status=? order by wp1_0.date_of_joining desc offset ? rows fetch first ? rows only]; SQL [select distinct pi1_0.id,pi1_0.active,pi1_0.created_at,pi1_0.created_by,pi1_0.current_address_id,pi1_0.date_of_birth,pi1_0.employment_type,pi1_0.first_name,pi1_0.gender,pi1_0.last_name,pi1_0.marital_status,pi1_0.middle_name,pi1_0.permanent_address_id,pi1_0.profile_image_url,pi1_0.record_status,pi1_0.spouse_or_parent_name,pi1_0.updated_at,pi1_0.updated_by from personal_information pi1_0 left join work_profiles wp1_0 on pi1_0.id=wp1_0.personal_information_id where pi1_0.active=? and pi1_0.record_status=? order by wp1_0.date_of_joining desc offset ? rows fetch first ? rows only]
	at org.springframework.orm.jpa.hibernate.HibernateExceptionTranslator.convertHibernateAccessException(HibernateExceptionTranslator.java:156)
	at org.springframework.orm.jpa.hibernate.HibernateExceptionTranslator.convertHibernateAccessException(HibernateExceptionTranslator.java:131)
	at org.springframework.orm.jpa.hibernate.HibernateExceptionTranslator.translateExceptionIfPossible(HibernateExceptionTranslator.java:105)
	at org.springframework.orm.jpa.vendor.HibernateJpaDialect.translateExceptionIfPossible(HibernateJpaDialect.java:199)
	at org.springframework.orm.jpa.AbstractEntityManagerFactoryBean.translateExceptionIfPossible(AbstractEntityManagerFactoryBean.java:556)
	at org.springframework.dao.support.ChainedPersistenceExceptionTranslator.translateExceptionIfPossible(ChainedPersistenceExceptionTranslator.java:61)
	at org.springframework.dao.support.DataAccessUtils.translateIfNecessary(DataAccessUtils.java:346)
	at org.springframework.dao.support.PersistenceExceptionTranslationInterceptor.invoke(PersistenceExceptionTranslationInterceptor.java:157)
	at org.springframework.aop.framework.ReflectiveMethodInvocation.proceed(ReflectiveMethodInvocation.java:179)
	at org.springframework.data.jpa.repository.support.CrudMethodMetadataPostProcessor$CrudMethodMetadataPopulatingMethodInterceptor.invoke(CrudMethodMetadataPostProcessor.java:166)
	at org.springframework.aop.framework.ReflectiveMethodInvocation.proceed(ReflectiveMethodInvocation.java:179)
	at org.springframework.aop.framework.JdkDynamicAopProxy.invoke(JdkDynamicAopProxy.java:222)
	at jdk.proxy4/jdk.proxy4.$Proxy191.findAll(Unknown Source)
	at com.gm.hrms.service.impl.EmployeeServiceImpl.getAll(EmployeeServiceImpl.java:308)
	at java.base/jdk.internal.reflect.DirectMethodHandleAccessor.invoke(DirectMethodHandleAccessor.java:103)
	at java.base/java.lang.reflect.Method.invoke(Method.java:580)
	at org.springframework.aop.support.AopUtils.invokeJoinpointUsingReflection(AopUtils.java:359)
	at org.springframework.aop.framework.ReflectiveMethodInvocation.invokeJoinpoint(ReflectiveMethodInvocation.java:190)
	at org.springframework.aop.framework.ReflectiveMethodInvocation.proceed(ReflectiveMethodInvocation.java:158)
	at org.springframework.transaction.interceptor.TransactionInterceptor$1.proceedWithInvocation(TransactionInterceptor.java:133)
	at org.springframework.transaction.interceptor.TransactionAspectSupport.invokeWithinTransaction(TransactionAspectSupport.java:371)
	at org.springframework.transaction.interceptor.TransactionInterceptor.invoke(TransactionInterceptor.java:130)
	at org.springframework.aop.framework.ReflectiveMethodInvocation.proceed(ReflectiveMethodInvocation.java:179)
	at org.springframework.aop.framework.CglibAopProxy$DynamicAdvisedInterceptor.intercept(CglibAopProxy.java:719)
	at com.gm.hrms.service.impl.EmployeeServiceImpl$$SpringCGLIB$$0.getAll(<generated>)
	at com.gm.hrms.controller.EmployeeController.getAll(EmployeeController.java:63)
	at java.base/jdk.internal.reflect.DirectMethodHandleAccessor.invoke(DirectMethodHandleAccessor.java:103)
	at java.base/java.lang.reflect.Method.invoke(Method.java:580)
	at org.springframework.aop.support.AopUtils.invokeJoinpointUsingReflection(AopUtils.java:359)
	at org.springframework.aop.framework.ReflectiveMethodInvocation.invokeJoinpoint(ReflectiveMethodInvocation.java:190)
	at org.springframework.aop.framework.ReflectiveMethodInvocation.proceed(ReflectiveMethodInvocation.java:158)
	at org.springframework.security.authorization.method.AuthorizationManagerBeforeMethodInterceptor.proceed(AuthorizationManagerBeforeMethodInterceptor.java:271)
	at org.springframework.security.authorization.method.AuthorizationManagerBeforeMethodInterceptor.attemptAuthorization(AuthorizationManagerBeforeMethodInterceptor.java:266)
	at org.springframework.security.authorization.method.AuthorizationManagerBeforeMethodInterceptor.invoke(AuthorizationManagerBeforeMethodInterceptor.java:197)
	at org.springframework.security.config.annotation.method.configuration.DeferringMethodInterceptor.invoke(DeferringMethodInterceptor.java:44)
	at org.springframework.aop.framework.ReflectiveMethodInvocation.proceed(ReflectiveMethodInvocation.java:179)
	at org.springframework.aop.interceptor.ExposeInvocationInterceptor.invoke(ExposeInvocationInterceptor.java:96)
	at org.springframework.aop.framework.ReflectiveMethodInvocation.proceed(ReflectiveMethodInvocation.java:179)
	at org.springframework.aop.framework.CglibAopProxy$DynamicAdvisedInterceptor.intercept(CglibAopProxy.java:719)
	at com.gm.hrms.controller.EmployeeController$$SpringCGLIB$$0.getAll(<generated>)
	at java.base/jdk.internal.reflect.DirectMethodHandleAccessor.invoke(DirectMethodHandleAccessor.java:103)
	at java.base/java.lang.reflect.Method.invoke(Method.java:580)
	at org.springframework.web.method.support.InvocableHandlerMethod.doInvoke(InvocableHandlerMethod.java:258)
	at org.springframework.web.method.support.InvocableHandlerMethod.invokeForRequest(InvocableHandlerMethod.java:190)
	at org.springframework.web.servlet.mvc.method.annotation.ServletInvocableHandlerMethod.invokeAndHandle(ServletInvocableHandlerMethod.java:117)
	at org.springframework.web.servlet.mvc.method.annotation.RequestMappingHandlerAdapter.invokeHandlerMethod(RequestMappingHandlerAdapter.java:934)
	at org.springframework.web.servlet.mvc.method.annotation.RequestMappingHandlerAdapter.handleInternal(RequestMappingHandlerAdapter.java:853)
	at org.springframework.web.servlet.mvc.method.AbstractHandlerMethodAdapter.handle(AbstractHandlerMethodAdapter.java:86)
	at org.springframework.web.servlet.DispatcherServlet.doDispatch(DispatcherServlet.java:963)
	at org.springframework.web.servlet.DispatcherServlet.doService(DispatcherServlet.java:866)
	at org.springframework.web.servlet.FrameworkServlet.processRequest(FrameworkServlet.java:1003)
	at org.springframework.web.servlet.FrameworkServlet.doGet(FrameworkServlet.java:892)
	at jakarta.servlet.http.HttpServlet.service(HttpServlet.java:622)
	at org.springframework.web.servlet.FrameworkServlet.service(FrameworkServlet.java:874)
	at jakarta.servlet.http.HttpServlet.service(HttpServlet.java:710)
	at org.apache.catalina.core.ApplicationFilterChain.doFilter(ApplicationFilterChain.java:128)
	at org.apache.tomcat.websocket.server.WsFilter.doFilter(WsFilter.java:53)
	at org.apache.catalina.core.ApplicationFilterChain.doFilter(ApplicationFilterChain.java:107)
	at org.springframework.web.filter.CorsFilter.doFilterInternal(CorsFilter.java:91)
	at org.springframework.web.filter.OncePerRequestFilter.doFilter(OncePerRequestFilter.java:116)
	at org.apache.catalina.core.ApplicationFilterChain.doFilter(ApplicationFilterChain.java:107)
	at org.springframework.web.filter.OncePerRequestFilter.doFilter(OncePerRequestFilter.java:110)
	at org.apache.catalina.core.ApplicationFilterChain.doFilter(ApplicationFilterChain.java:107)
	at org.springframework.web.filter.CompositeFilter$VirtualFilterChain.doFilter(CompositeFilter.java:108)
	at org.springframework.security.web.FilterChainProxy.lambda$doFilterInternal$3(FilterChainProxy.java:235)
	at org.springframework.security.web.FilterChainProxy$VirtualFilterChain.doFilter(FilterChainProxy.java:371)
	at org.springframework.security.web.access.intercept.AuthorizationFilter.doFilter(AuthorizationFilter.java:101)
	at org.springframework.security.web.FilterChainProxy$VirtualFilterChain.doFilter(FilterChainProxy.java:380)
	at org.springframework.security.web.access.ExceptionTranslationFilter.doFilter(ExceptionTranslationFilter.java:126)
	at org.springframework.security.web.access.ExceptionTranslationFilter.doFilter(ExceptionTranslationFilter.java:120)
	at org.springframework.security.web.FilterChainProxy$VirtualFilterChain.doFilter(FilterChainProxy.java:380)
	at org.springframework.security.web.authentication.AnonymousAuthenticationFilter.doFilter(AnonymousAuthenticationFilter.java:100)
	at org.springframework.security.web.FilterChainProxy$VirtualFilterChain.doFilter(FilterChainProxy.java:380)
	at org.springframework.security.web.servletapi.SecurityContextHolderAwareRequestFilter.doFilter(SecurityContextHolderAwareRequestFilter.java:181)
	at org.springframework.security.web.FilterChainProxy$VirtualFilterChain.doFilter(FilterChainProxy.java:380)
	at org.springframework.security.web.savedrequest.RequestCacheAwareFilter.doFilter(RequestCacheAwareFilter.java:63)
	at org.springframework.security.web.FilterChainProxy$VirtualFilterChain.doFilter(FilterChainProxy.java:380)
	at com.gm.hrms.config.JwtAuthenticationFilter.doFilterInternal(JwtAuthenticationFilter.java:72)
	at org.springframework.web.filter.OncePerRequestFilter.doFilter(OncePerRequestFilter.java:116)
	at org.springframework.security.web.FilterChainProxy$VirtualFilterChain.doFilter(FilterChainProxy.java:380)
	at org.springframework.security.web.authentication.logout.LogoutFilter.doFilter(LogoutFilter.java:110)
	at org.springframework.security.web.authentication.logout.LogoutFilter.doFilter(LogoutFilter.java:96)
	at org.springframework.security.web.FilterChainProxy$VirtualFilterChain.doFilter(FilterChainProxy.java:380)
	at org.springframework.web.filter.CorsFilter.doFilterInternal(CorsFilter.java:91)
	at org.springframework.web.filter.OncePerRequestFilter.doFilter(OncePerRequestFilter.java:116)
	at org.springframework.security.web.FilterChainProxy$VirtualFilterChain.doFilter(FilterChainProxy.java:380)
	at org.springframework.security.web.header.HeaderWriterFilter.doHeadersAfter(HeaderWriterFilter.java:90)
	at org.springframework.security.web.header.HeaderWriterFilter.doFilterInternal(HeaderWriterFilter.java:75)
	at org.springframework.web.filter.OncePerRequestFilter.doFilter(OncePerRequestFilter.java:116)
	at org.springframework.security.web.FilterChainProxy$VirtualFilterChain.doFilter(FilterChainProxy.java:380)
	at org.springframework.security.web.context.SecurityContextHolderFilter.doFilter(SecurityContextHolderFilter.java:82)
	at org.springframework.security.web.context.SecurityContextHolderFilter.doFilter(SecurityContextHolderFilter.java:69)
	at org.springframework.security.web.FilterChainProxy$VirtualFilterChain.doFilter(FilterChainProxy.java:380)
	at org.springframework.security.web.context.request.async.WebAsyncManagerIntegrationFilter.doFilterInternal(WebAsyncManagerIntegrationFilter.java:62)
	at org.springframework.web.filter.OncePerRequestFilter.doFilter(OncePerRequestFilter.java:116)
	at org.springframework.security.web.FilterChainProxy$VirtualFilterChain.doFilter(FilterChainProxy.java:380)
	at org.springframework.security.web.session.DisableEncodeUrlFilter.doFilterInternal(DisableEncodeUrlFilter.java:42)
	at org.springframework.web.filter.OncePerRequestFilter.doFilter(OncePerRequestFilter.java:116)
	at org.springframework.security.web.FilterChainProxy$VirtualFilterChain.doFilter(FilterChainProxy.java:380)
	at org.springframework.security.web.FilterChainProxy.doFilterInternal(FilterChainProxy.java:237)
	at org.springframework.security.web.FilterChainProxy.doFilter(FilterChainProxy.java:195)
	at org.springframework.web.filter.CompositeFilter$VirtualFilterChain.doFilter(CompositeFilter.java:113)
	at org.springframework.web.filter.ServletRequestPathFilter.doFilter(ServletRequestPathFilter.java:52)
	at org.springframework.web.filter.CompositeFilter$VirtualFilterChain.doFilter(CompositeFilter.java:113)
	at org.springframework.web.filter.CompositeFilter.doFilter(CompositeFilter.java:74)
	at org.springframework.security.config.annotation.web.configuration.WebSecurityConfiguration$CompositeFilterChainProxy.doFilter(WebSecurityConfiguration.java:317)
	at org.springframework.web.filter.DelegatingFilterProxy.invokeDelegate(DelegatingFilterProxy.java:355)
	at org.springframework.web.filter.DelegatingFilterProxy.doFilter(DelegatingFilterProxy.java:272)
	at org.apache.catalina.core.ApplicationFilterChain.doFilter(ApplicationFilterChain.java:107)
	at org.springframework.web.filter.RequestContextFilter.doFilterInternal(RequestContextFilter.java:100)
	at org.springframework.web.filter.OncePerRequestFilter.doFilter(OncePerRequestFilter.java:116)
	at org.apache.catalina.core.ApplicationFilterChain.doFilter(ApplicationFilterChain.java:107)
	at org.springframework.web.filter.FormContentFilter.doFilterInternal(FormContentFilter.java:93)
	at org.springframework.web.filter.OncePerRequestFilter.doFilter(OncePerRequestFilter.java:116)
	at org.apache.catalina.core.ApplicationFilterChain.doFilter(ApplicationFilterChain.java:107)
	at org.springframework.web.filter.CharacterEncodingFilter.doFilterInternal(CharacterEncodingFilter.java:199)
	at org.springframework.web.filter.OncePerRequestFilter.doFilter(OncePerRequestFilter.java:116)
	at org.apache.catalina.core.ApplicationFilterChain.doFilter(ApplicationFilterChain.java:107)
	at org.apache.catalina.core.StandardWrapperValve.invoke(StandardWrapperValve.java:165)
	at org.apache.catalina.core.StandardContextValve.invoke(StandardContextValve.java:77)
	at org.apache.catalina.authenticator.AuthenticatorBase.invoke(AuthenticatorBase.java:482)
	at org.apache.catalina.core.StandardHostValve.invoke(StandardHostValve.java:113)
	at org.apache.catalina.valves.ErrorReportValve.invoke(ErrorReportValve.java:83)
	at org.apache.catalina.core.StandardEngineValve.invoke(StandardEngineValve.java:72)
	at org.apache.catalina.connector.CoyoteAdapter.service(CoyoteAdapter.java:341)
	at org.apache.coyote.http11.Http11Processor.service(Http11Processor.java:397)
	at org.apache.coyote.AbstractProcessorLight.process(AbstractProcessorLight.java:63)
	at org.apache.coyote.AbstractProtocol$ConnectionHandler.process(AbstractProtocol.java:903)
	at org.apache.tomcat.util.net.NioEndpoint$SocketProcessor.doRun(NioEndpoint.java:1778)
	at org.apache.tomcat.util.net.SocketProcessorBase.run(SocketProcessorBase.java:52)
	at org.apache.tomcat.util.threads.ThreadPoolExecutor.runWorker(ThreadPoolExecutor.java:946)
	at org.apache.tomcat.util.threads.ThreadPoolExecutor$Worker.run(ThreadPoolExecutor.java:480)
	at org.apache.tomcat.util.threads.TaskThread$WrappingRunnable.run(TaskThread.java:57)
	at java.base/java.lang.Thread.run(Thread.java:1583)
Caused by: org.hibernate.exception.SQLGrammarException: JDBC exception executing SQL [ERROR: for SELECT DISTINCT, ORDER BY expressions must appear in select list
  Position: 520] [select distinct pi1_0.id,pi1_0.active,pi1_0.created_at,pi1_0.created_by,pi1_0.current_address_id,pi1_0.date_of_birth,pi1_0.employment_type,pi1_0.first_name,pi1_0.gender,pi1_0.last_name,pi1_0.marital_status,pi1_0.middle_name,pi1_0.permanent_address_id,pi1_0.profile_image_url,pi1_0.record_status,pi1_0.spouse_or_parent_name,pi1_0.updated_at,pi1_0.updated_by from personal_information pi1_0 left join work_profiles wp1_0 on pi1_0.id=wp1_0.personal_information_id where pi1_0.active=? and pi1_0.record_status=? order by wp1_0.date_of_joining desc offset ? rows fetch first ? rows only]
	at org.hibernate.exception.internal.SQLStateConversionDelegate.convert(SQLStateConversionDelegate.java:63)
	at org.hibernate.exception.internal.StandardSQLExceptionConverter.convert(StandardSQLExceptionConverter.java:34)
	at org.hibernate.engine.jdbc.spi.SqlExceptionHelper.convert(SqlExceptionHelper.java:115)
	at org.hibernate.sql.results.jdbc.internal.DeferredResultSetAccess.executeQuery(DeferredResultSetAccess.java:290)
	at org.hibernate.sql.results.jdbc.internal.DeferredResultSetAccess.getResultSet(DeferredResultSetAccess.java:190)
	at org.hibernate.sql.results.jdbc.internal.JdbcValuesResultSetImpl.<init>(JdbcValuesResultSetImpl.java:71)
	at org.hibernate.sql.exec.internal.JdbcSelectExecutorStandardImpl.resolveJdbcValues(JdbcSelectExecutorStandardImpl.java:393)
	at org.hibernate.sql.exec.internal.JdbcSelectExecutorStandardImpl.resolveJdbcValuesSource(JdbcSelectExecutorStandardImpl.java:354)
	at org.hibernate.sql.exec.internal.JdbcSelectExecutorStandardImpl.doExecuteQuery(JdbcSelectExecutorStandardImpl.java:135)
	at org.hibernate.sql.exec.internal.JdbcSelectExecutorStandardImpl.executeQuery(JdbcSelectExecutorStandardImpl.java:100)
	at org.hibernate.sql.exec.spi.JdbcSelectExecutor.executeQuery(JdbcSelectExecutor.java:63)
	at org.hibernate.sql.exec.spi.JdbcSelectExecutor.list(JdbcSelectExecutor.java:137)
	at org.hibernate.query.sqm.internal.ConcreteSqmSelectQueryPlan.lambda$new$1(ConcreteSqmSelectQueryPlan.java:128)
	at org.hibernate.query.sqm.internal.ConcreteSqmSelectQueryPlan.withCacheableSqmInterpretation(ConcreteSqmSelectQueryPlan.java:427)
	at org.hibernate.query.sqm.internal.ConcreteSqmSelectQueryPlan.performList(ConcreteSqmSelectQueryPlan.java:355)
	at org.hibernate.query.sqm.internal.SqmQueryImpl.doList(SqmQueryImpl.java:374)
	at org.hibernate.query.spi.AbstractSelectionQuery.list(AbstractSelectionQuery.java:153)
	at org.hibernate.query.Query.getResultList(Query.java:121)
	at org.springframework.data.jpa.repository.support.SimpleJpaRepository.readPage(SimpleJpaRepository.java:745)
	at org.springframework.data.jpa.repository.support.SimpleJpaRepository.findAll(SimpleJpaRepository.java:480)
	at org.springframework.data.jpa.repository.support.SimpleJpaRepository.findAll(SimpleJpaRepository.java:469)
	at java.base/jdk.internal.reflect.DirectMethodHandleAccessor.invoke(DirectMethodHandleAccessor.java:103)
	at java.base/java.lang.reflect.Method.invoke(Method.java:580)
	at org.springframework.aop.support.AopUtils.invokeJoinpointUsingReflection(AopUtils.java:359)
	at org.springframework.data.repository.core.support.RepositoryMethodInvoker$RepositoryFragmentMethodInvoker.lambda$new$0(RepositoryMethodInvoker.java:278)
	at org.springframework.data.repository.core.support.RepositoryMethodInvoker.doInvoke(RepositoryMethodInvoker.java:169)
	at org.springframework.data.repository.core.support.RepositoryMethodInvoker.invoke(RepositoryMethodInvoker.java:158)
	at org.springframework.data.repository.core.support.RepositoryComposition$RepositoryFragments.invoke(RepositoryComposition.java:545)
	at org.springframework.data.repository.core.support.RepositoryComposition.invoke(RepositoryComposition.java:290)
	at org.springframework.data.repository.core.support.RepositoryFactorySupport$ImplementationMethodExecutionInterceptor.invoke(RepositoryFactorySupport.java:690)
	at org.springframework.aop.framework.ReflectiveMethodInvocation.proceed(ReflectiveMethodInvocation.java:179)
	at org.springframework.data.repository.core.support.QueryExecutorMethodInterceptor.doInvoke(QueryExecutorMethodInterceptor.java:171)
	at org.springframework.data.repository.core.support.QueryExecutorMethodInterceptor.invoke(QueryExecutorMethodInterceptor.java:146)
	at org.springframework.aop.framework.ReflectiveMethodInvocation.proceed(ReflectiveMethodInvocation.java:179)
	at org.springframework.data.projection.DefaultMethodInvokingMethodInterceptor.invoke(DefaultMethodInvokingMethodInterceptor.java:69)
	at org.springframework.aop.framework.ReflectiveMethodInvocation.proceed(ReflectiveMethodInvocation.java:179)
	at org.springframework.transaction.interceptor.TransactionInterceptor$1.proceedWithInvocation(TransactionInterceptor.java:133)
	at org.springframework.transaction.interceptor.TransactionAspectSupport.invokeWithinTransaction(TransactionAspectSupport.java:371)
	at org.springframework.transaction.interceptor.TransactionInterceptor.invoke(TransactionInterceptor.java:130)
	at org.springframework.aop.framework.ReflectiveMethodInvocation.proceed(ReflectiveMethodInvocation.java:179)
	at org.springframework.dao.support.PersistenceExceptionTranslationInterceptor.invoke(PersistenceExceptionTranslationInterceptor.java:135)
	... 126 common frames omitted
Caused by: org.postgresql.util.PSQLException: ERROR: for SELECT DISTINCT, ORDER BY expressions must appear in select list
  Position: 520
	at org.postgresql.core.v3.QueryExecutorImpl.receiveErrorResponse(QueryExecutorImpl.java:2846)
	at org.postgresql.core.v3.QueryExecutorImpl.processResults(QueryExecutorImpl.java:2531)
	at org.postgresql.core.v3.QueryExecutorImpl.execute(QueryExecutorImpl.java:429)
	at org.postgresql.jdbc.PgStatement.executeInternal(PgStatement.java:526)
	at org.postgresql.jdbc.PgStatement.execute(PgStatement.java:436)
	at org.postgresql.jdbc.PgPreparedStatement.executeWithFlags(PgPreparedStatement.java:196)
	at org.postgresql.jdbc.PgPreparedStatement.executeQuery(PgPreparedStatement.java:139)
	at com.zaxxer.hikari.pool.ProxyPreparedStatement.executeQuery(ProxyPreparedStatement.java:52)
	at com.zaxxer.hikari.pool.HikariProxyPreparedStatement.executeQuery(HikariProxyPreparedStatement.java)
	at org.hibernate.sql.results.jdbc.internal.DeferredResultSetAccess.executeQuery(DeferredResultSetAccess.java:271)
	... 163 common frames omitted
2026-05-13 10:42:21.949 WARN  [http-nio-8080-exec-10] o.s.w.s.m.m.a.ExceptionHandlerExceptionResolver - Resolved [org.springframework.dao.InvalidDataAccessResourceUsageException: JDBC exception executing SQL [ERROR: for SELECT DISTINCT, ORDER BY expressions must appear in select list<EOL>  Position: 520] [select distinct pi1_0.id,pi1_0.active,pi1_0.created_at,pi1_0.created_by,pi1_0.current_address_id,pi1_0.date_of_birth,pi1_0.employment_type,pi1_0.first_name,pi1_0.gender,pi1_0.last_name,pi1_0.marital_status,pi1_0.middle_name,pi1_0.permanent_address_id,pi1_0.profile_image_url,pi1_0.record_status,pi1_0.spouse_or_parent_name,pi1_0.updated_at,pi1_0.updated_by from personal_information pi1_0 left join work_profiles wp1_0 on pi1_0.id=wp1_0.personal_information_id where pi1_0.active=? and pi1_0.record_status=? order by wp1_0.date_of_joining desc offset ? rows fetch first ? rows only]; SQL [select distinct pi1_0.id,pi1_0.active,pi1_0.created_at,pi1_0.created_by,pi1_0.current_address_id,pi1_0.date_of_birth,pi1_0.employment_type,pi1_0.first_name,pi1_0.gender,pi1_0.last_name,pi1_0.marital_status,pi1_0.middle_name,pi1_0.permanent_address_id,pi1_0.profile_image_url,pi1_0.record_status,pi1_0.spouse_or_parent_name,pi1_0.updated_at,pi1_0.updated_by from personal_information pi1_0 left join work_profiles wp1_0 on pi1_0.id=wp1_0.personal_information_id where pi1_0.active=? and pi1_0.record_status=? order by wp1_0.date_of_joining desc offset ? rows fetch first ? rows only]]
2026-05-13 10:48:00.186 WARN  [http-nio-8080-exec-1] org.hibernate.orm.jdbc.error - HHH000247: ErrorCode: 0, SQLState: 42P10
2026-05-13 10:48:00.186 WARN  [http-nio-8080-exec-1] org.hibernate.orm.jdbc.error - ERROR: for SELECT DISTINCT, ORDER BY expressions must appear in select list
  Position: 520
2026-05-13 10:48:00.188 ERROR [http-nio-8080-exec-1] c.g.h.e.GlobalExceptionHandler - Unexpected error
org.springframework.dao.InvalidDataAccessResourceUsageException: JDBC exception executing SQL [ERROR: for SELECT DISTINCT, ORDER BY expressions must appear in select list
  Position: 520] [select distinct pi1_0.id,pi1_0.active,pi1_0.created_at,pi1_0.created_by,pi1_0.current_address_id,pi1_0.date_of_birth,pi1_0.employment_type,pi1_0.first_name,pi1_0.gender,pi1_0.last_name,pi1_0.marital_status,pi1_0.middle_name,pi1_0.permanent_address_id,pi1_0.profile_image_url,pi1_0.record_status,pi1_0.spouse_or_parent_name,pi1_0.updated_at,pi1_0.updated_by from personal_information pi1_0 left join work_profiles wp1_0 on pi1_0.id=wp1_0.personal_information_id where pi1_0.active=? and pi1_0.record_status=? order by wp1_0.date_of_joining desc offset ? rows fetch first ? rows only]; SQL [select distinct pi1_0.id,pi1_0.active,pi1_0.created_at,pi1_0.created_by,pi1_0.current_address_id,pi1_0.date_of_birth,pi1_0.employment_type,pi1_0.first_name,pi1_0.gender,pi1_0.last_name,pi1_0.marital_status,pi1_0.middle_name,pi1_0.permanent_address_id,pi1_0.profile_image_url,pi1_0.record_status,pi1_0.spouse_or_parent_name,pi1_0.updated_at,pi1_0.updated_by from personal_information pi1_0 left join work_profiles wp1_0 on pi1_0.id=wp1_0.personal_information_id where pi1_0.active=? and pi1_0.record_status=? order by wp1_0.date_of_joining desc offset ? rows fetch first ? rows only]
	at org.springframework.orm.jpa.hibernate.HibernateExceptionTranslator.convertHibernateAccessException(HibernateExceptionTranslator.java:156)
	at org.springframework.orm.jpa.hibernate.HibernateExceptionTranslator.convertHibernateAccessException(HibernateExceptionTranslator.java:131)
	at org.springframework.orm.jpa.hibernate.HibernateExceptionTranslator.translateExceptionIfPossible(HibernateExceptionTranslator.java:105)
	at org.springframework.orm.jpa.vendor.HibernateJpaDialect.translateExceptionIfPossible(HibernateJpaDialect.java:199)
	at org.springframework.orm.jpa.AbstractEntityManagerFactoryBean.translateExceptionIfPossible(AbstractEntityManagerFactoryBean.java:556)
	at org.springframework.dao.support.ChainedPersistenceExceptionTranslator.translateExceptionIfPossible(ChainedPersistenceExceptionTranslator.java:61)
	at org.springframework.dao.support.DataAccessUtils.translateIfNecessary(DataAccessUtils.java:346)
	at org.springframework.dao.support.PersistenceExceptionTranslationInterceptor.invoke(PersistenceExceptionTranslationInterceptor.java:157)
	at org.springframework.aop.framework.ReflectiveMethodInvocation.proceed(ReflectiveMethodInvocation.java:179)
	at org.springframework.data.jpa.repository.support.CrudMethodMetadataPostProcessor$CrudMethodMetadataPopulatingMethodInterceptor.invoke(CrudMethodMetadataPostProcessor.java:166)
	at org.springframework.aop.framework.ReflectiveMethodInvocation.proceed(ReflectiveMethodInvocation.java:179)
	at org.springframework.aop.framework.JdkDynamicAopProxy.invoke(JdkDynamicAopProxy.java:222)
	at jdk.proxy4/jdk.proxy4.$Proxy191.findAll(Unknown Source)
	at com.gm.hrms.service.impl.EmployeeServiceImpl.getAll(EmployeeServiceImpl.java:308)
	at java.base/jdk.internal.reflect.DirectMethodHandleAccessor.invoke(DirectMethodHandleAccessor.java:103)
	at java.base/java.lang.reflect.Method.invoke(Method.java:580)
	at org.springframework.aop.support.AopUtils.invokeJoinpointUsingReflection(AopUtils.java:359)
	at org.springframework.aop.framework.ReflectiveMethodInvocation.invokeJoinpoint(ReflectiveMethodInvocation.java:190)
	at org.springframework.aop.framework.ReflectiveMethodInvocation.proceed(ReflectiveMethodInvocation.java:158)
	at org.springframework.transaction.interceptor.TransactionInterceptor$1.proceedWithInvocation(TransactionInterceptor.java:133)
	at org.springframework.transaction.interceptor.TransactionAspectSupport.invokeWithinTransaction(TransactionAspectSupport.java:371)
	at org.springframework.transaction.interceptor.TransactionInterceptor.invoke(TransactionInterceptor.java:130)
	at org.springframework.aop.framework.ReflectiveMethodInvocation.proceed(ReflectiveMethodInvocation.java:179)
	at org.springframework.aop.framework.CglibAopProxy$DynamicAdvisedInterceptor.intercept(CglibAopProxy.java:719)
	at com.gm.hrms.service.impl.EmployeeServiceImpl$$SpringCGLIB$$0.getAll(<generated>)
	at com.gm.hrms.controller.EmployeeController.getAll(EmployeeController.java:63)
	at java.base/jdk.internal.reflect.DirectMethodHandleAccessor.invoke(DirectMethodHandleAccessor.java:103)
	at java.base/java.lang.reflect.Method.invoke(Method.java:580)
	at org.springframework.aop.support.AopUtils.invokeJoinpointUsingReflection(AopUtils.java:359)
	at org.springframework.aop.framework.ReflectiveMethodInvocation.invokeJoinpoint(ReflectiveMethodInvocation.java:190)
	at org.springframework.aop.framework.ReflectiveMethodInvocation.proceed(ReflectiveMethodInvocation.java:158)
	at org.springframework.security.authorization.method.AuthorizationManagerBeforeMethodInterceptor.proceed(AuthorizationManagerBeforeMethodInterceptor.java:271)
	at org.springframework.security.authorization.method.AuthorizationManagerBeforeMethodInterceptor.attemptAuthorization(AuthorizationManagerBeforeMethodInterceptor.java:266)
	at org.springframework.security.authorization.method.AuthorizationManagerBeforeMethodInterceptor.invoke(AuthorizationManagerBeforeMethodInterceptor.java:197)
	at org.springframework.security.config.annotation.method.configuration.DeferringMethodInterceptor.invoke(DeferringMethodInterceptor.java:44)
	at org.springframework.aop.framework.ReflectiveMethodInvocation.proceed(ReflectiveMethodInvocation.java:179)
	at org.springframework.aop.interceptor.ExposeInvocationInterceptor.invoke(ExposeInvocationInterceptor.java:96)
	at org.springframework.aop.framework.ReflectiveMethodInvocation.proceed(ReflectiveMethodInvocation.java:179)
	at org.springframework.aop.framework.CglibAopProxy$DynamicAdvisedInterceptor.intercept(CglibAopProxy.java:719)
	at com.gm.hrms.controller.EmployeeController$$SpringCGLIB$$0.getAll(<generated>)
	at java.base/jdk.internal.reflect.DirectMethodHandleAccessor.invoke(DirectMethodHandleAccessor.java:103)
	at java.base/java.lang.reflect.Method.invoke(Method.java:580)
	at org.springframework.web.method.support.InvocableHandlerMethod.doInvoke(InvocableHandlerMethod.java:258)
	at org.springframework.web.method.support.InvocableHandlerMethod.invokeForRequest(InvocableHandlerMethod.java:190)
	at org.springframework.web.servlet.mvc.method.annotation.ServletInvocableHandlerMethod.invokeAndHandle(ServletInvocableHandlerMethod.java:117)
	at org.springframework.web.servlet.mvc.method.annotation.RequestMappingHandlerAdapter.invokeHandlerMethod(RequestMappingHandlerAdapter.java:934)
	at org.springframework.web.servlet.mvc.method.annotation.RequestMappingHandlerAdapter.handleInternal(RequestMappingHandlerAdapter.java:853)
	at org.springframework.web.servlet.mvc.method.AbstractHandlerMethodAdapter.handle(AbstractHandlerMethodAdapter.java:86)
	at org.springframework.web.servlet.DispatcherServlet.doDispatch(DispatcherServlet.java:963)
	at org.springframework.web.servlet.DispatcherServlet.doService(DispatcherServlet.java:866)
	at org.springframework.web.servlet.FrameworkServlet.processRequest(FrameworkServlet.java:1003)
	at org.springframework.web.servlet.FrameworkServlet.doGet(FrameworkServlet.java:892)
	at jakarta.servlet.http.HttpServlet.service(HttpServlet.java:622)
	at org.springframework.web.servlet.FrameworkServlet.service(FrameworkServlet.java:874)
	at jakarta.servlet.http.HttpServlet.service(HttpServlet.java:710)
	at org.apache.catalina.core.ApplicationFilterChain.doFilter(ApplicationFilterChain.java:128)
	at org.apache.tomcat.websocket.server.WsFilter.doFilter(WsFilter.java:53)
	at org.apache.catalina.core.ApplicationFilterChain.doFilter(ApplicationFilterChain.java:107)
	at org.springframework.web.filter.CorsFilter.doFilterInternal(CorsFilter.java:91)
	at org.springframework.web.filter.OncePerRequestFilter.doFilter(OncePerRequestFilter.java:116)
	at org.apache.catalina.core.ApplicationFilterChain.doFilter(ApplicationFilterChain.java:107)
	at org.springframework.web.filter.OncePerRequestFilter.doFilter(OncePerRequestFilter.java:110)
	at org.apache.catalina.core.ApplicationFilterChain.doFilter(ApplicationFilterChain.java:107)
	at org.springframework.web.filter.CompositeFilter$VirtualFilterChain.doFilter(CompositeFilter.java:108)
	at org.springframework.security.web.FilterChainProxy.lambda$doFilterInternal$3(FilterChainProxy.java:235)
	at org.springframework.security.web.FilterChainProxy$VirtualFilterChain.doFilter(FilterChainProxy.java:371)
	at org.springframework.security.web.access.intercept.AuthorizationFilter.doFilter(AuthorizationFilter.java:101)
	at org.springframework.security.web.FilterChainProxy$VirtualFilterChain.doFilter(FilterChainProxy.java:380)
	at org.springframework.security.web.access.ExceptionTranslationFilter.doFilter(ExceptionTranslationFilter.java:126)
	at org.springframework.security.web.access.ExceptionTranslationFilter.doFilter(ExceptionTranslationFilter.java:120)
	at org.springframework.security.web.FilterChainProxy$VirtualFilterChain.doFilter(FilterChainProxy.java:380)
	at org.springframework.security.web.authentication.AnonymousAuthenticationFilter.doFilter(AnonymousAuthenticationFilter.java:100)
	at org.springframework.security.web.FilterChainProxy$VirtualFilterChain.doFilter(FilterChainProxy.java:380)
	at org.springframework.security.web.servletapi.SecurityContextHolderAwareRequestFilter.doFilter(SecurityContextHolderAwareRequestFilter.java:181)
	at org.springframework.security.web.FilterChainProxy$VirtualFilterChain.doFilter(FilterChainProxy.java:380)
	at org.springframework.security.web.savedrequest.RequestCacheAwareFilter.doFilter(RequestCacheAwareFilter.java:63)
	at org.springframework.security.web.FilterChainProxy$VirtualFilterChain.doFilter(FilterChainProxy.java:380)
	at com.gm.hrms.config.JwtAuthenticationFilter.doFilterInternal(JwtAuthenticationFilter.java:72)
	at org.springframework.web.filter.OncePerRequestFilter.doFilter(OncePerRequestFilter.java:116)
	at org.springframework.security.web.FilterChainProxy$VirtualFilterChain.doFilter(FilterChainProxy.java:380)
	at org.springframework.security.web.authentication.logout.LogoutFilter.doFilter(LogoutFilter.java:110)
	at org.springframework.security.web.authentication.logout.LogoutFilter.doFilter(LogoutFilter.java:96)
	at org.springframework.security.web.FilterChainProxy$VirtualFilterChain.doFilter(FilterChainProxy.java:380)
	at org.springframework.web.filter.CorsFilter.doFilterInternal(CorsFilter.java:91)
	at org.springframework.web.filter.OncePerRequestFilter.doFilter(OncePerRequestFilter.java:116)
	at org.springframework.security.web.FilterChainProxy$VirtualFilterChain.doFilter(FilterChainProxy.java:380)
	at org.springframework.security.web.header.HeaderWriterFilter.doHeadersAfter(HeaderWriterFilter.java:90)
	at org.springframework.security.web.header.HeaderWriterFilter.doFilterInternal(HeaderWriterFilter.java:75)
	at org.springframework.web.filter.OncePerRequestFilter.doFilter(OncePerRequestFilter.java:116)
	at org.springframework.security.web.FilterChainProxy$VirtualFilterChain.doFilter(FilterChainProxy.java:380)
	at org.springframework.security.web.context.SecurityContextHolderFilter.doFilter(SecurityContextHolderFilter.java:82)
	at org.springframework.security.web.context.SecurityContextHolderFilter.doFilter(SecurityContextHolderFilter.java:69)
	at org.springframework.security.web.FilterChainProxy$VirtualFilterChain.doFilter(FilterChainProxy.java:380)
	at org.springframework.security.web.context.request.async.WebAsyncManagerIntegrationFilter.doFilterInternal(WebAsyncManagerIntegrationFilter.java:62)
	at org.springframework.web.filter.OncePerRequestFilter.doFilter(OncePerRequestFilter.java:116)
	at org.springframework.security.web.FilterChainProxy$VirtualFilterChain.doFilter(FilterChainProxy.java:380)
	at org.springframework.security.web.session.DisableEncodeUrlFilter.doFilterInternal(DisableEncodeUrlFilter.java:42)
	at org.springframework.web.filter.OncePerRequestFilter.doFilter(OncePerRequestFilter.java:116)
	at org.springframework.security.web.FilterChainProxy$VirtualFilterChain.doFilter(FilterChainProxy.java:380)
	at org.springframework.security.web.FilterChainProxy.doFilterInternal(FilterChainProxy.java:237)
	at org.springframework.security.web.FilterChainProxy.doFilter(FilterChainProxy.java:195)
	at org.springframework.web.filter.CompositeFilter$VirtualFilterChain.doFilter(CompositeFilter.java:113)
	at org.springframework.web.filter.ServletRequestPathFilter.doFilter(ServletRequestPathFilter.java:52)
	at org.springframework.web.filter.CompositeFilter$VirtualFilterChain.doFilter(CompositeFilter.java:113)
	at org.springframework.web.filter.CompositeFilter.doFilter(CompositeFilter.java:74)
	at org.springframework.security.config.annotation.web.configuration.WebSecurityConfiguration$CompositeFilterChainProxy.doFilter(WebSecurityConfiguration.java:317)
	at org.springframework.web.filter.DelegatingFilterProxy.invokeDelegate(DelegatingFilterProxy.java:355)
	at org.springframework.web.filter.DelegatingFilterProxy.doFilter(DelegatingFilterProxy.java:272)
	at org.apache.catalina.core.ApplicationFilterChain.doFilter(ApplicationFilterChain.java:107)
	at org.springframework.web.filter.RequestContextFilter.doFilterInternal(RequestContextFilter.java:100)
	at org.springframework.web.filter.OncePerRequestFilter.doFilter(OncePerRequestFilter.java:116)
	at org.apache.catalina.core.ApplicationFilterChain.doFilter(ApplicationFilterChain.java:107)
	at org.springframework.web.filter.FormContentFilter.doFilterInternal(FormContentFilter.java:93)
	at org.springframework.web.filter.OncePerRequestFilter.doFilter(OncePerRequestFilter.java:116)
	at org.apache.catalina.core.ApplicationFilterChain.doFilter(ApplicationFilterChain.java:107)
	at org.springframework.web.filter.CharacterEncodingFilter.doFilterInternal(CharacterEncodingFilter.java:199)
	at org.springframework.web.filter.OncePerRequestFilter.doFilter(OncePerRequestFilter.java:116)
	at org.apache.catalina.core.ApplicationFilterChain.doFilter(ApplicationFilterChain.java:107)
	at org.apache.catalina.core.StandardWrapperValve.invoke(StandardWrapperValve.java:165)
	at org.apache.catalina.core.StandardContextValve.invoke(StandardContextValve.java:77)
	at org.apache.catalina.authenticator.AuthenticatorBase.invoke(AuthenticatorBase.java:482)
	at org.apache.catalina.core.StandardHostValve.invoke(StandardHostValve.java:113)
	at org.apache.catalina.valves.ErrorReportValve.invoke(ErrorReportValve.java:83)
	at org.apache.catalina.core.StandardEngineValve.invoke(StandardEngineValve.java:72)
	at org.apache.catalina.connector.CoyoteAdapter.service(CoyoteAdapter.java:341)
	at org.apache.coyote.http11.Http11Processor.service(Http11Processor.java:397)
	at org.apache.coyote.AbstractProcessorLight.process(AbstractProcessorLight.java:63)
	at org.apache.coyote.AbstractProtocol$ConnectionHandler.process(AbstractProtocol.java:903)
	at org.apache.tomcat.util.net.NioEndpoint$SocketProcessor.doRun(NioEndpoint.java:1778)
	at org.apache.tomcat.util.net.SocketProcessorBase.run(SocketProcessorBase.java:52)
	at org.apache.tomcat.util.threads.ThreadPoolExecutor.runWorker(ThreadPoolExecutor.java:946)
	at org.apache.tomcat.util.threads.ThreadPoolExecutor$Worker.run(ThreadPoolExecutor.java:480)
	at org.apache.tomcat.util.threads.TaskThread$WrappingRunnable.run(TaskThread.java:57)
	at java.base/java.lang.Thread.run(Thread.java:1583)
Caused by: org.hibernate.exception.SQLGrammarException: JDBC exception executing SQL [ERROR: for SELECT DISTINCT, ORDER BY expressions must appear in select list
  Position: 520] [select distinct pi1_0.id,pi1_0.active,pi1_0.created_at,pi1_0.created_by,pi1_0.current_address_id,pi1_0.date_of_birth,pi1_0.employment_type,pi1_0.first_name,pi1_0.gender,pi1_0.last_name,pi1_0.marital_status,pi1_0.middle_name,pi1_0.permanent_address_id,pi1_0.profile_image_url,pi1_0.record_status,pi1_0.spouse_or_parent_name,pi1_0.updated_at,pi1_0.updated_by from personal_information pi1_0 left join work_profiles wp1_0 on pi1_0.id=wp1_0.personal_information_id where pi1_0.active=? and pi1_0.record_status=? order by wp1_0.date_of_joining desc offset ? rows fetch first ? rows only]
	at org.hibernate.exception.internal.SQLStateConversionDelegate.convert(SQLStateConversionDelegate.java:63)
	at org.hibernate.exception.internal.StandardSQLExceptionConverter.convert(StandardSQLExceptionConverter.java:34)
	at org.hibernate.engine.jdbc.spi.SqlExceptionHelper.convert(SqlExceptionHelper.java:115)
	at org.hibernate.sql.results.jdbc.internal.DeferredResultSetAccess.executeQuery(DeferredResultSetAccess.java:290)
	at org.hibernate.sql.results.jdbc.internal.DeferredResultSetAccess.getResultSet(DeferredResultSetAccess.java:190)
	at org.hibernate.sql.results.jdbc.internal.JdbcValuesResultSetImpl.<init>(JdbcValuesResultSetImpl.java:71)
	at org.hibernate.sql.exec.internal.JdbcSelectExecutorStandardImpl.resolveJdbcValues(JdbcSelectExecutorStandardImpl.java:393)
	at org.hibernate.sql.exec.internal.JdbcSelectExecutorStandardImpl.resolveJdbcValuesSource(JdbcSelectExecutorStandardImpl.java:354)
	at org.hibernate.sql.exec.internal.JdbcSelectExecutorStandardImpl.doExecuteQuery(JdbcSelectExecutorStandardImpl.java:135)
	at org.hibernate.sql.exec.internal.JdbcSelectExecutorStandardImpl.executeQuery(JdbcSelectExecutorStandardImpl.java:100)
	at org.hibernate.sql.exec.spi.JdbcSelectExecutor.executeQuery(JdbcSelectExecutor.java:63)
	at org.hibernate.sql.exec.spi.JdbcSelectExecutor.list(JdbcSelectExecutor.java:137)
	at org.hibernate.query.sqm.internal.ConcreteSqmSelectQueryPlan.lambda$new$1(ConcreteSqmSelectQueryPlan.java:128)
	at org.hibernate.query.sqm.internal.ConcreteSqmSelectQueryPlan.withCacheableSqmInterpretation(ConcreteSqmSelectQueryPlan.java:427)
	at org.hibernate.query.sqm.internal.ConcreteSqmSelectQueryPlan.performList(ConcreteSqmSelectQueryPlan.java:355)
	at org.hibernate.query.sqm.internal.SqmQueryImpl.doList(SqmQueryImpl.java:374)
	at org.hibernate.query.spi.AbstractSelectionQuery.list(AbstractSelectionQuery.java:153)
	at org.hibernate.query.Query.getResultList(Query.java:121)
	at org.springframework.data.jpa.repository.support.SimpleJpaRepository.readPage(SimpleJpaRepository.java:745)
	at org.springframework.data.jpa.repository.support.SimpleJpaRepository.findAll(SimpleJpaRepository.java:480)
	at org.springframework.data.jpa.repository.support.SimpleJpaRepository.findAll(SimpleJpaRepository.java:469)
	at java.base/jdk.internal.reflect.DirectMethodHandleAccessor.invoke(DirectMethodHandleAccessor.java:103)
	at java.base/java.lang.reflect.Method.invoke(Method.java:580)
	at org.springframework.aop.support.AopUtils.invokeJoinpointUsingReflection(AopUtils.java:359)
	at org.springframework.data.repository.core.support.RepositoryMethodInvoker$RepositoryFragmentMethodInvoker.lambda$new$0(RepositoryMethodInvoker.java:278)
	at org.springframework.data.repository.core.support.RepositoryMethodInvoker.doInvoke(RepositoryMethodInvoker.java:169)
	at org.springframework.data.repository.core.support.RepositoryMethodInvoker.invoke(RepositoryMethodInvoker.java:158)
	at org.springframework.data.repository.core.support.RepositoryComposition$RepositoryFragments.invoke(RepositoryComposition.java:545)
	at org.springframework.data.repository.core.support.RepositoryComposition.invoke(RepositoryComposition.java:290)
	at org.springframework.data.repository.core.support.RepositoryFactorySupport$ImplementationMethodExecutionInterceptor.invoke(RepositoryFactorySupport.java:690)
	at org.springframework.aop.framework.ReflectiveMethodInvocation.proceed(ReflectiveMethodInvocation.java:179)
	at org.springframework.data.repository.core.support.QueryExecutorMethodInterceptor.doInvoke(QueryExecutorMethodInterceptor.java:171)
	at org.springframework.data.repository.core.support.QueryExecutorMethodInterceptor.invoke(QueryExecutorMethodInterceptor.java:146)
	at org.springframework.aop.framework.ReflectiveMethodInvocation.proceed(ReflectiveMethodInvocation.java:179)
	at org.springframework.data.projection.DefaultMethodInvokingMethodInterceptor.invoke(DefaultMethodInvokingMethodInterceptor.java:69)
	at org.springframework.aop.framework.ReflectiveMethodInvocation.proceed(ReflectiveMethodInvocation.java:179)
	at org.springframework.transaction.interceptor.TransactionInterceptor$1.proceedWithInvocation(TransactionInterceptor.java:133)
	at org.springframework.transaction.interceptor.TransactionAspectSupport.invokeWithinTransaction(TransactionAspectSupport.java:371)
	at org.springframework.transaction.interceptor.TransactionInterceptor.invoke(TransactionInterceptor.java:130)
	at org.springframework.aop.framework.ReflectiveMethodInvocation.proceed(ReflectiveMethodInvocation.java:179)
	at org.springframework.dao.support.PersistenceExceptionTranslationInterceptor.invoke(PersistenceExceptionTranslationInterceptor.java:135)
	... 126 common frames omitted
Caused by: org.postgresql.util.PSQLException: ERROR: for SELECT DISTINCT, ORDER BY expressions must appear in select list
  Position: 520
	at org.postgresql.core.v3.QueryExecutorImpl.receiveErrorResponse(QueryExecutorImpl.java:2846)
	at org.postgresql.core.v3.QueryExecutorImpl.processResults(QueryExecutorImpl.java:2531)
	at org.postgresql.core.v3.QueryExecutorImpl.execute(QueryExecutorImpl.java:429)
	at org.postgresql.jdbc.PgStatement.executeInternal(PgStatement.java:526)
	at org.postgresql.jdbc.PgStatement.execute(PgStatement.java:436)
	at org.postgresql.jdbc.PgPreparedStatement.executeWithFlags(PgPreparedStatement.java:196)
	at org.postgresql.jdbc.PgPreparedStatement.executeQuery(PgPreparedStatement.java:139)
	at com.zaxxer.hikari.pool.ProxyPreparedStatement.executeQuery(ProxyPreparedStatement.java:52)
	at com.zaxxer.hikari.pool.HikariProxyPreparedStatement.executeQuery(HikariProxyPreparedStatement.java)
	at org.hibernate.sql.results.jdbc.internal.DeferredResultSetAccess.executeQuery(DeferredResultSetAccess.java:271)
	... 163 common frames omitted
2026-05-13 10:48:00.191 WARN  [http-nio-8080-exec-1] o.s.w.s.m.m.a.ExceptionHandlerExceptionResolver - Resolved [org.springframework.dao.InvalidDataAccessResourceUsageException: JDBC exception executing SQL [ERROR: for SELECT DISTINCT, ORDER BY expressions must appear in select list<EOL>  Position: 520] [select distinct pi1_0.id,pi1_0.active,pi1_0.created_at,pi1_0.created_by,pi1_0.current_address_id,pi1_0.date_of_birth,pi1_0.employment_type,pi1_0.first_name,pi1_0.gender,pi1_0.last_name,pi1_0.marital_status,pi1_0.middle_name,pi1_0.permanent_address_id,pi1_0.profile_image_url,pi1_0.record_status,pi1_0.spouse_or_parent_name,pi1_0.updated_at,pi1_0.updated_by from personal_information pi1_0 left join work_profiles wp1_0 on pi1_0.id=wp1_0.personal_information_id where pi1_0.active=? and pi1_0.record_status=? order by wp1_0.date_of_joining desc offset ? rows fetch first ? rows only]; SQL [select distinct pi1_0.id,pi1_0.active,pi1_0.created_at,pi1_0.created_by,pi1_0.current_address_id,pi1_0.date_of_birth,pi1_0.employment_type,pi1_0.first_name,pi1_0.gender,pi1_0.last_name,pi1_0.marital_status,pi1_0.middle_name,pi1_0.permanent_address_id,pi1_0.profile_image_url,pi1_0.record_status,pi1_0.spouse_or_parent_name,pi1_0.updated_at,pi1_0.updated_by from personal_information pi1_0 left join work_profiles wp1_0 on pi1_0.id=wp1_0.personal_information_id where pi1_0.active=? and pi1_0.record_status=? order by wp1_0.date_of_joining desc offset ? rows fetch first ? rows only]]
2026-05-13 13:47:07.106 INFO  [restartedMain] com.gm.hrms.GMHrmsApplication - Starting GMHrmsApplication using Java 21.0.7 with PID 50020 (D:\Projects\GM HRMS\gm-hrms-backend\target\classes started by G M TECHNOSYS in D:\Projects\GM HRMS\gm-hrms-backend)
2026-05-13 13:47:07.109 INFO  [restartedMain] com.gm.hrms.GMHrmsApplication - The following 1 profile is active: "dev"
2026-05-13 13:47:17.152 WARN  [restartedMain] org.hibernate.orm.deprecation - HHH90000025: PostgreSQLDialect does not need to be specified explicitly using 'hibernate.dialect' (remove the property setting and it will be selected by default)
2026-05-13 13:47:23.646 WARN  [restartedMain] o.s.s.c.a.a.c.InitializeUserDetailsBeanManagerConfigurer$InitializeUserDetailsManagerConfigurer - Global AuthenticationManager configured with an AuthenticationProvider bean. UserDetailsService beans will not be used by Spring Security for automatically configuring username/password login. Consider removing the AuthenticationProvider bean. Alternatively, consider using the UserDetailsService in a manually instantiated DaoAuthenticationProvider. If the current configuration is intentional, to turn off this warning, increase the logging level of 'org.springframework.security.config.annotation.authentication.configuration.InitializeUserDetailsBeanManagerConfigurer' to ERROR
2026-05-13 13:47:26.454 WARN  [restartedMain] n.s.j.engine.xml.JRTextFieldFactory - The 'isStretchWithOverflow' attribute is deprecated. Use the 'textAdjust' attribute instead.
2026-05-13 13:47:26.670 WARN  [restartedMain] n.s.j.engine.xml.JRTextFieldFactory - The 'isStretchWithOverflow' attribute is deprecated. Use the 'textAdjust' attribute instead.
2026-05-13 13:47:27.291 INFO  [restartedMain] c.g.h.r.s.i.JasperPayslipReportService - Payslip JRXML compiled and cached successfully from 'reports/payslip.jrxml'.
2026-05-13 13:47:27.790 WARN  [restartedMain] o.s.b.j.a.JpaBaseConfiguration$JpaWebConfiguration - spring.jpa.open-in-view is enabled by default. Therefore, database queries may be performed during view rendering. Explicitly configure spring.jpa.open-in-view to disable this warning
2026-05-13 13:47:29.317 INFO  [restartedMain] com.gm.hrms.GMHrmsApplication - Started GMHrmsApplication in 23.069 seconds (process running for 24.174)
2026-05-13 13:48:53.123 INFO  [restartedMain] com.gm.hrms.GMHrmsApplication - Starting GMHrmsApplication using Java 21.0.7 with PID 58508 (D:\Projects\GM HRMS\gm-hrms-backend\target\classes started by G M TECHNOSYS in D:\Projects\GM HRMS\gm-hrms-backend)
2026-05-13 13:48:53.129 INFO  [restartedMain] com.gm.hrms.GMHrmsApplication - The following 1 profile is active: "dev"
2026-05-13 13:48:57.526 WARN  [restartedMain] org.hibernate.orm.deprecation - HHH90000025: PostgreSQLDialect does not need to be specified explicitly using 'hibernate.dialect' (remove the property setting and it will be selected by default)
2026-05-13 13:49:01.761 WARN  [restartedMain] o.s.s.c.a.a.c.InitializeUserDetailsBeanManagerConfigurer$InitializeUserDetailsManagerConfigurer - Global AuthenticationManager configured with an AuthenticationProvider bean. UserDetailsService beans will not be used by Spring Security for automatically configuring username/password login. Consider removing the AuthenticationProvider bean. Alternatively, consider using the UserDetailsService in a manually instantiated DaoAuthenticationProvider. If the current configuration is intentional, to turn off this warning, increase the logging level of 'org.springframework.security.config.annotation.authentication.configuration.InitializeUserDetailsBeanManagerConfigurer' to ERROR
2026-05-13 13:49:03.687 WARN  [restartedMain] n.s.j.engine.xml.JRTextFieldFactory - The 'isStretchWithOverflow' attribute is deprecated. Use the 'textAdjust' attribute instead.
2026-05-13 13:49:03.780 WARN  [restartedMain] n.s.j.engine.xml.JRTextFieldFactory - The 'isStretchWithOverflow' attribute is deprecated. Use the 'textAdjust' attribute instead.
2026-05-13 13:49:04.088 INFO  [restartedMain] c.g.h.r.s.i.JasperPayslipReportService - Payslip JRXML compiled and cached successfully from 'reports/payslip.jrxml'.
2026-05-13 13:49:04.407 WARN  [restartedMain] o.s.b.j.a.JpaBaseConfiguration$JpaWebConfiguration - spring.jpa.open-in-view is enabled by default. Therefore, database queries may be performed during view rendering. Explicitly configure spring.jpa.open-in-view to disable this warning
2026-05-13 13:49:05.215 INFO  [restartedMain] com.gm.hrms.GMHrmsApplication - Started GMHrmsApplication in 12.893 seconds (process running for 13.8)
2026-05-13 14:20:22.242 WARN  [http-nio-8080-exec-6] o.s.w.s.m.m.a.ExceptionHandlerExceptionResolver - Resolved [com.gm.hrms.exception.TokenNotFoundException: Refresh token not found]
2026-05-13 14:31:54.260 WARN  [http-nio-8080-exec-2] o.s.w.s.m.m.a.ExceptionHandlerExceptionResolver - Resolved [com.gm.hrms.exception.InvalidRequestException: Invalid email or password. Please try again.]
2026-05-13 14:34:47.439 WARN  [http-nio-8080-exec-9] o.s.w.s.m.m.a.ExceptionHandlerExceptionResolver - Resolved [com.gm.hrms.exception.TokenNotFoundException: Refresh token not found]
2026-05-13 14:59:54.350 WARN  [http-nio-8080-exec-8] o.s.w.s.m.m.a.ExceptionHandlerExceptionResolver - Resolved [com.gm.hrms.exception.TokenNotFoundException: Refresh token not found]
2026-05-13 15:11:16.776 WARN  [http-nio-8080-exec-1] o.s.w.s.m.m.a.ExceptionHandlerExceptionResolver - Resolved [com.gm.hrms.exception.DuplicateResourceException: Branch code already exists: 1]
2026-05-13 15:35:07.761 WARN  [http-nio-8080-exec-3] o.s.w.s.m.m.a.ExceptionHandlerExceptionResolver - Resolved [com.gm.hrms.exception.TokenNotFoundException: Refresh token not found]
2026-05-13 15:38:35.584 WARN  [http-nio-8080-exec-10] org.hibernate.orm.jdbc.error - HHH000247: ErrorCode: 0, SQLState: 42P10
2026-05-13 15:38:35.586 WARN  [http-nio-8080-exec-10] org.hibernate.orm.jdbc.error - ERROR: for SELECT DISTINCT, ORDER BY expressions must appear in select list
  Position: 549
2026-05-13 15:38:35.612 ERROR [http-nio-8080-exec-10] c.g.h.e.GlobalExceptionHandler - Unexpected error
org.springframework.dao.InvalidDataAccessResourceUsageException: JDBC exception executing SQL [ERROR: for SELECT DISTINCT, ORDER BY expressions must appear in select list
  Position: 549] [select distinct pi1_0.id,pi1_0.active,pi1_0.created_at,pi1_0.created_by,pi1_0.current_address_id,pi1_0.date_of_birth,pi1_0.employment_type,pi1_0.first_name,pi1_0.gender,pi1_0.last_name,pi1_0.marital_status,pi1_0.middle_name,pi1_0.permanent_address_id,pi1_0.profile_image_url,pi1_0.record_status,pi1_0.spouse_or_parent_name,pi1_0.updated_at,pi1_0.updated_by from personal_information pi1_0 left join work_profiles wp1_0 on pi1_0.id=wp1_0.personal_information_id where pi1_0.active=? and pi1_0.record_status=? and pi1_0.employment_type=? order by wp1_0.date_of_joining offset ? rows fetch first ? rows only]; SQL [select distinct pi1_0.id,pi1_0.active,pi1_0.created_at,pi1_0.created_by,pi1_0.current_address_id,pi1_0.date_of_birth,pi1_0.employment_type,pi1_0.first_name,pi1_0.gender,pi1_0.last_name,pi1_0.marital_status,pi1_0.middle_name,pi1_0.permanent_address_id,pi1_0.profile_image_url,pi1_0.record_status,pi1_0.spouse_or_parent_name,pi1_0.updated_at,pi1_0.updated_by from personal_information pi1_0 left join work_profiles wp1_0 on pi1_0.id=wp1_0.personal_information_id where pi1_0.active=? and pi1_0.record_status=? and pi1_0.employment_type=? order by wp1_0.date_of_joining offset ? rows fetch first ? rows only]
	at org.springframework.orm.jpa.hibernate.HibernateExceptionTranslator.convertHibernateAccessException(HibernateExceptionTranslator.java:156)
	at org.springframework.orm.jpa.hibernate.HibernateExceptionTranslator.convertHibernateAccessException(HibernateExceptionTranslator.java:131)
	at org.springframework.orm.jpa.hibernate.HibernateExceptionTranslator.translateExceptionIfPossible(HibernateExceptionTranslator.java:105)
	at org.springframework.orm.jpa.vendor.HibernateJpaDialect.translateExceptionIfPossible(HibernateJpaDialect.java:199)
	at org.springframework.orm.jpa.AbstractEntityManagerFactoryBean.translateExceptionIfPossible(AbstractEntityManagerFactoryBean.java:556)
	at org.springframework.dao.support.ChainedPersistenceExceptionTranslator.translateExceptionIfPossible(ChainedPersistenceExceptionTranslator.java:61)
	at org.springframework.dao.support.DataAccessUtils.translateIfNecessary(DataAccessUtils.java:346)
	at org.springframework.dao.support.PersistenceExceptionTranslationInterceptor.invoke(PersistenceExceptionTranslationInterceptor.java:157)
	at org.springframework.aop.framework.ReflectiveMethodInvocation.proceed(ReflectiveMethodInvocation.java:179)
	at org.springframework.data.jpa.repository.support.CrudMethodMetadataPostProcessor$CrudMethodMetadataPopulatingMethodInterceptor.invoke(CrudMethodMetadataPostProcessor.java:166)
	at org.springframework.aop.framework.ReflectiveMethodInvocation.proceed(ReflectiveMethodInvocation.java:179)
	at org.springframework.aop.framework.JdkDynamicAopProxy.invoke(JdkDynamicAopProxy.java:222)
	at jdk.proxy4/jdk.proxy4.$Proxy191.findAll(Unknown Source)
	at com.gm.hrms.service.impl.EmployeeServiceImpl.getAll(EmployeeServiceImpl.java:308)
	at java.base/jdk.internal.reflect.DirectMethodHandleAccessor.invoke(DirectMethodHandleAccessor.java:103)
	at java.base/java.lang.reflect.Method.invoke(Method.java:580)
	at org.springframework.aop.support.AopUtils.invokeJoinpointUsingReflection(AopUtils.java:359)
	at org.springframework.aop.framework.ReflectiveMethodInvocation.invokeJoinpoint(ReflectiveMethodInvocation.java:190)
	at org.springframework.aop.framework.ReflectiveMethodInvocation.proceed(ReflectiveMethodInvocation.java:158)
	at org.springframework.transaction.interceptor.TransactionInterceptor$1.proceedWithInvocation(TransactionInterceptor.java:133)
	at org.springframework.transaction.interceptor.TransactionAspectSupport.invokeWithinTransaction(TransactionAspectSupport.java:371)
	at org.springframework.transaction.interceptor.TransactionInterceptor.invoke(TransactionInterceptor.java:130)
	at org.springframework.aop.framework.ReflectiveMethodInvocation.proceed(ReflectiveMethodInvocation.java:179)
	at org.springframework.aop.framework.CglibAopProxy$DynamicAdvisedInterceptor.intercept(CglibAopProxy.java:719)
	at com.gm.hrms.service.impl.EmployeeServiceImpl$$SpringCGLIB$$0.getAll(<generated>)
	at com.gm.hrms.controller.EmployeeController.getAll(EmployeeController.java:63)
	at java.base/jdk.internal.reflect.DirectMethodHandleAccessor.invoke(DirectMethodHandleAccessor.java:103)
	at java.base/java.lang.reflect.Method.invoke(Method.java:580)
	at org.springframework.aop.support.AopUtils.invokeJoinpointUsingReflection(AopUtils.java:359)
	at org.springframework.aop.framework.ReflectiveMethodInvocation.invokeJoinpoint(ReflectiveMethodInvocation.java:190)
	at org.springframework.aop.framework.ReflectiveMethodInvocation.proceed(ReflectiveMethodInvocation.java:158)
	at org.springframework.security.authorization.method.AuthorizationManagerBeforeMethodInterceptor.proceed(AuthorizationManagerBeforeMethodInterceptor.java:271)
	at org.springframework.security.authorization.method.AuthorizationManagerBeforeMethodInterceptor.attemptAuthorization(AuthorizationManagerBeforeMethodInterceptor.java:266)
	at org.springframework.security.authorization.method.AuthorizationManagerBeforeMethodInterceptor.invoke(AuthorizationManagerBeforeMethodInterceptor.java:197)
	at org.springframework.security.config.annotation.method.configuration.DeferringMethodInterceptor.invoke(DeferringMethodInterceptor.java:44)
	at org.springframework.aop.framework.ReflectiveMethodInvocation.proceed(ReflectiveMethodInvocation.java:179)
	at org.springframework.aop.interceptor.ExposeInvocationInterceptor.invoke(ExposeInvocationInterceptor.java:96)
	at org.springframework.aop.framework.ReflectiveMethodInvocation.proceed(ReflectiveMethodInvocation.java:179)
	at org.springframework.aop.framework.CglibAopProxy$DynamicAdvisedInterceptor.intercept(CglibAopProxy.java:719)
	at com.gm.hrms.controller.EmployeeController$$SpringCGLIB$$0.getAll(<generated>)
	at java.base/jdk.internal.reflect.DirectMethodHandleAccessor.invoke(DirectMethodHandleAccessor.java:103)
	at java.base/java.lang.reflect.Method.invoke(Method.java:580)
	at org.springframework.web.method.support.InvocableHandlerMethod.doInvoke(InvocableHandlerMethod.java:258)
	at org.springframework.web.method.support.InvocableHandlerMethod.invokeForRequest(InvocableHandlerMethod.java:190)
	at org.springframework.web.servlet.mvc.method.annotation.ServletInvocableHandlerMethod.invokeAndHandle(ServletInvocableHandlerMethod.java:117)
	at org.springframework.web.servlet.mvc.method.annotation.RequestMappingHandlerAdapter.invokeHandlerMethod(RequestMappingHandlerAdapter.java:934)
	at org.springframework.web.servlet.mvc.method.annotation.RequestMappingHandlerAdapter.handleInternal(RequestMappingHandlerAdapter.java:853)
	at org.springframework.web.servlet.mvc.method.AbstractHandlerMethodAdapter.handle(AbstractHandlerMethodAdapter.java:86)
	at org.springframework.web.servlet.DispatcherServlet.doDispatch(DispatcherServlet.java:963)
	at org.springframework.web.servlet.DispatcherServlet.doService(DispatcherServlet.java:866)
	at org.springframework.web.servlet.FrameworkServlet.processRequest(FrameworkServlet.java:1003)
	at org.springframework.web.servlet.FrameworkServlet.doGet(FrameworkServlet.java:892)
	at jakarta.servlet.http.HttpServlet.service(HttpServlet.java:622)
	at org.springframework.web.servlet.FrameworkServlet.service(FrameworkServlet.java:874)
	at jakarta.servlet.http.HttpServlet.service(HttpServlet.java:710)
	at org.apache.catalina.core.ApplicationFilterChain.doFilter(ApplicationFilterChain.java:128)
	at org.apache.tomcat.websocket.server.WsFilter.doFilter(WsFilter.java:53)
	at org.apache.catalina.core.ApplicationFilterChain.doFilter(ApplicationFilterChain.java:107)
	at org.springframework.web.filter.CorsFilter.doFilterInternal(CorsFilter.java:91)
	at org.springframework.web.filter.OncePerRequestFilter.doFilter(OncePerRequestFilter.java:116)
	at org.apache.catalina.core.ApplicationFilterChain.doFilter(ApplicationFilterChain.java:107)
	at org.springframework.web.filter.OncePerRequestFilter.doFilter(OncePerRequestFilter.java:110)
	at org.apache.catalina.core.ApplicationFilterChain.doFilter(ApplicationFilterChain.java:107)
	at org.springframework.web.filter.CompositeFilter$VirtualFilterChain.doFilter(CompositeFilter.java:108)
	at org.springframework.security.web.FilterChainProxy.lambda$doFilterInternal$3(FilterChainProxy.java:235)
	at org.springframework.security.web.FilterChainProxy$VirtualFilterChain.doFilter(FilterChainProxy.java:371)
	at org.springframework.security.web.access.intercept.AuthorizationFilter.doFilter(AuthorizationFilter.java:101)
	at org.springframework.security.web.FilterChainProxy$VirtualFilterChain.doFilter(FilterChainProxy.java:380)
	at org.springframework.security.web.access.ExceptionTranslationFilter.doFilter(ExceptionTranslationFilter.java:126)
	at org.springframework.security.web.access.ExceptionTranslationFilter.doFilter(ExceptionTranslationFilter.java:120)
	at org.springframework.security.web.FilterChainProxy$VirtualFilterChain.doFilter(FilterChainProxy.java:380)
	at org.springframework.security.web.authentication.AnonymousAuthenticationFilter.doFilter(AnonymousAuthenticationFilter.java:100)
	at org.springframework.security.web.FilterChainProxy$VirtualFilterChain.doFilter(FilterChainProxy.java:380)
	at org.springframework.security.web.servletapi.SecurityContextHolderAwareRequestFilter.doFilter(SecurityContextHolderAwareRequestFilter.java:181)
	at org.springframework.security.web.FilterChainProxy$VirtualFilterChain.doFilter(FilterChainProxy.java:380)
	at org.springframework.security.web.savedrequest.RequestCacheAwareFilter.doFilter(RequestCacheAwareFilter.java:63)
	at org.springframework.security.web.FilterChainProxy$VirtualFilterChain.doFilter(FilterChainProxy.java:380)
	at com.gm.hrms.config.JwtAuthenticationFilter.doFilterInternal(JwtAuthenticationFilter.java:72)
	at org.springframework.web.filter.OncePerRequestFilter.doFilter(OncePerRequestFilter.java:116)
	at org.springframework.security.web.FilterChainProxy$VirtualFilterChain.doFilter(FilterChainProxy.java:380)
	at org.springframework.security.web.authentication.logout.LogoutFilter.doFilter(LogoutFilter.java:110)
	at org.springframework.security.web.authentication.logout.LogoutFilter.doFilter(LogoutFilter.java:96)
	at org.springframework.security.web.FilterChainProxy$VirtualFilterChain.doFilter(FilterChainProxy.java:380)
	at org.springframework.web.filter.CorsFilter.doFilterInternal(CorsFilter.java:91)
	at org.springframework.web.filter.OncePerRequestFilter.doFilter(OncePerRequestFilter.java:116)
	at org.springframework.security.web.FilterChainProxy$VirtualFilterChain.doFilter(FilterChainProxy.java:380)
	at org.springframework.security.web.header.HeaderWriterFilter.doHeadersAfter(HeaderWriterFilter.java:90)
	at org.springframework.security.web.header.HeaderWriterFilter.doFilterInternal(HeaderWriterFilter.java:75)
	at org.springframework.web.filter.OncePerRequestFilter.doFilter(OncePerRequestFilter.java:116)
	at org.springframework.security.web.FilterChainProxy$VirtualFilterChain.doFilter(FilterChainProxy.java:380)
	at org.springframework.security.web.context.SecurityContextHolderFilter.doFilter(SecurityContextHolderFilter.java:82)
	at org.springframework.security.web.context.SecurityContextHolderFilter.doFilter(SecurityContextHolderFilter.java:69)
	at org.springframework.security.web.FilterChainProxy$VirtualFilterChain.doFilter(FilterChainProxy.java:380)
	at org.springframework.security.web.context.request.async.WebAsyncManagerIntegrationFilter.doFilterInternal(WebAsyncManagerIntegrationFilter.java:62)
	at org.springframework.web.filter.OncePerRequestFilter.doFilter(OncePerRequestFilter.java:116)
	at org.springframework.security.web.FilterChainProxy$VirtualFilterChain.doFilter(FilterChainProxy.java:380)
	at org.springframework.security.web.session.DisableEncodeUrlFilter.doFilterInternal(DisableEncodeUrlFilter.java:42)
	at org.springframework.web.filter.OncePerRequestFilter.doFilter(OncePerRequestFilter.java:116)
	at org.springframework.security.web.FilterChainProxy$VirtualFilterChain.doFilter(FilterChainProxy.java:380)
	at org.springframework.security.web.FilterChainProxy.doFilterInternal(FilterChainProxy.java:237)
	at org.springframework.security.web.FilterChainProxy.doFilter(FilterChainProxy.java:195)
	at org.springframework.web.filter.CompositeFilter$VirtualFilterChain.doFilter(CompositeFilter.java:113)
	at org.springframework.web.filter.ServletRequestPathFilter.doFilter(ServletRequestPathFilter.java:52)
	at org.springframework.web.filter.CompositeFilter$VirtualFilterChain.doFilter(CompositeFilter.java:113)
	at org.springframework.web.filter.CompositeFilter.doFilter(CompositeFilter.java:74)
	at org.springframework.security.config.annotation.web.configuration.WebSecurityConfiguration$CompositeFilterChainProxy.doFilter(WebSecurityConfiguration.java:317)
	at org.springframework.web.filter.DelegatingFilterProxy.invokeDelegate(DelegatingFilterProxy.java:355)
	at org.springframework.web.filter.DelegatingFilterProxy.doFilter(DelegatingFilterProxy.java:272)
	at org.apache.catalina.core.ApplicationFilterChain.doFilter(ApplicationFilterChain.java:107)
	at org.springframework.web.filter.RequestContextFilter.doFilterInternal(RequestContextFilter.java:100)
	at org.springframework.web.filter.OncePerRequestFilter.doFilter(OncePerRequestFilter.java:116)
	at org.apache.catalina.core.ApplicationFilterChain.doFilter(ApplicationFilterChain.java:107)
	at org.springframework.web.filter.FormContentFilter.doFilterInternal(FormContentFilter.java:93)
	at org.springframework.web.filter.OncePerRequestFilter.doFilter(OncePerRequestFilter.java:116)
	at org.apache.catalina.core.ApplicationFilterChain.doFilter(ApplicationFilterChain.java:107)
	at org.springframework.web.filter.CharacterEncodingFilter.doFilterInternal(CharacterEncodingFilter.java:199)
	at org.springframework.web.filter.OncePerRequestFilter.doFilter(OncePerRequestFilter.java:116)
	at org.apache.catalina.core.ApplicationFilterChain.doFilter(ApplicationFilterChain.java:107)
	at org.apache.catalina.core.StandardWrapperValve.invoke(StandardWrapperValve.java:165)
	at org.apache.catalina.core.StandardContextValve.invoke(StandardContextValve.java:77)
	at org.apache.catalina.authenticator.AuthenticatorBase.invoke(AuthenticatorBase.java:482)
	at org.apache.catalina.core.StandardHostValve.invoke(StandardHostValve.java:113)
	at org.apache.catalina.valves.ErrorReportValve.invoke(ErrorReportValve.java:83)
	at org.apache.catalina.core.StandardEngineValve.invoke(StandardEngineValve.java:72)
	at org.apache.catalina.connector.CoyoteAdapter.service(CoyoteAdapter.java:341)
	at org.apache.coyote.http11.Http11Processor.service(Http11Processor.java:397)
	at org.apache.coyote.AbstractProcessorLight.process(AbstractProcessorLight.java:63)
	at org.apache.coyote.AbstractProtocol$ConnectionHandler.process(AbstractProtocol.java:903)
	at org.apache.tomcat.util.net.NioEndpoint$SocketProcessor.doRun(NioEndpoint.java:1778)
	at org.apache.tomcat.util.net.SocketProcessorBase.run(SocketProcessorBase.java:52)
	at org.apache.tomcat.util.threads.ThreadPoolExecutor.runWorker(ThreadPoolExecutor.java:946)
	at org.apache.tomcat.util.threads.ThreadPoolExecutor$Worker.run(ThreadPoolExecutor.java:480)
	at org.apache.tomcat.util.threads.TaskThread$WrappingRunnable.run(TaskThread.java:57)
	at java.base/java.lang.Thread.run(Thread.java:1583)
Caused by: org.hibernate.exception.SQLGrammarException: JDBC exception executing SQL [ERROR: for SELECT DISTINCT, ORDER BY expressions must appear in select list
  Position: 549] [select distinct pi1_0.id,pi1_0.active,pi1_0.created_at,pi1_0.created_by,pi1_0.current_address_id,pi1_0.date_of_birth,pi1_0.employment_type,pi1_0.first_name,pi1_0.gender,pi1_0.last_name,pi1_0.marital_status,pi1_0.middle_name,pi1_0.permanent_address_id,pi1_0.profile_image_url,pi1_0.record_status,pi1_0.spouse_or_parent_name,pi1_0.updated_at,pi1_0.updated_by from personal_information pi1_0 left join work_profiles wp1_0 on pi1_0.id=wp1_0.personal_information_id where pi1_0.active=? and pi1_0.record_status=? and pi1_0.employment_type=? order by wp1_0.date_of_joining offset ? rows fetch first ? rows only]
	at org.hibernate.exception.internal.SQLStateConversionDelegate.convert(SQLStateConversionDelegate.java:63)
	at org.hibernate.exception.internal.StandardSQLExceptionConverter.convert(StandardSQLExceptionConverter.java:34)
	at org.hibernate.engine.jdbc.spi.SqlExceptionHelper.convert(SqlExceptionHelper.java:115)
	at org.hibernate.sql.results.jdbc.internal.DeferredResultSetAccess.executeQuery(DeferredResultSetAccess.java:290)
	at org.hibernate.sql.results.jdbc.internal.DeferredResultSetAccess.getResultSet(DeferredResultSetAccess.java:190)
	at org.hibernate.sql.results.jdbc.internal.JdbcValuesResultSetImpl.<init>(JdbcValuesResultSetImpl.java:71)
	at org.hibernate.sql.exec.internal.JdbcSelectExecutorStandardImpl.resolveJdbcValues(JdbcSelectExecutorStandardImpl.java:393)
	at org.hibernate.sql.exec.internal.JdbcSelectExecutorStandardImpl.resolveJdbcValuesSource(JdbcSelectExecutorStandardImpl.java:354)
	at org.hibernate.sql.exec.internal.JdbcSelectExecutorStandardImpl.doExecuteQuery(JdbcSelectExecutorStandardImpl.java:135)
	at org.hibernate.sql.exec.internal.JdbcSelectExecutorStandardImpl.executeQuery(JdbcSelectExecutorStandardImpl.java:100)
	at org.hibernate.sql.exec.spi.JdbcSelectExecutor.executeQuery(JdbcSelectExecutor.java:63)
	at org.hibernate.sql.exec.spi.JdbcSelectExecutor.list(JdbcSelectExecutor.java:137)
	at org.hibernate.query.sqm.internal.ConcreteSqmSelectQueryPlan.lambda$new$1(ConcreteSqmSelectQueryPlan.java:128)
	at org.hibernate.query.sqm.internal.ConcreteSqmSelectQueryPlan.withCacheableSqmInterpretation(ConcreteSqmSelectQueryPlan.java:427)
	at org.hibernate.query.sqm.internal.ConcreteSqmSelectQueryPlan.performList(ConcreteSqmSelectQueryPlan.java:355)
	at org.hibernate.query.sqm.internal.SqmQueryImpl.doList(SqmQueryImpl.java:374)
	at org.hibernate.query.spi.AbstractSelectionQuery.list(AbstractSelectionQuery.java:153)
	at org.hibernate.query.Query.getResultList(Query.java:121)
	at org.springframework.data.jpa.repository.support.SimpleJpaRepository.readPage(SimpleJpaRepository.java:745)
	at org.springframework.data.jpa.repository.support.SimpleJpaRepository.findAll(SimpleJpaRepository.java:480)
	at org.springframework.data.jpa.repository.support.SimpleJpaRepository.findAll(SimpleJpaRepository.java:469)
	at java.base/jdk.internal.reflect.DirectMethodHandleAccessor.invoke(DirectMethodHandleAccessor.java:103)
	at java.base/java.lang.reflect.Method.invoke(Method.java:580)
	at org.springframework.aop.support.AopUtils.invokeJoinpointUsingReflection(AopUtils.java:359)
	at org.springframework.data.repository.core.support.RepositoryMethodInvoker$RepositoryFragmentMethodInvoker.lambda$new$0(RepositoryMethodInvoker.java:278)
	at org.springframework.data.repository.core.support.RepositoryMethodInvoker.doInvoke(RepositoryMethodInvoker.java:169)
	at org.springframework.data.repository.core.support.RepositoryMethodInvoker.invoke(RepositoryMethodInvoker.java:158)
	at org.springframework.data.repository.core.support.RepositoryComposition$RepositoryFragments.invoke(RepositoryComposition.java:545)
	at org.springframework.data.repository.core.support.RepositoryComposition.invoke(RepositoryComposition.java:290)
	at org.springframework.data.repository.core.support.RepositoryFactorySupport$ImplementationMethodExecutionInterceptor.invoke(RepositoryFactorySupport.java:690)
	at org.springframework.aop.framework.ReflectiveMethodInvocation.proceed(ReflectiveMethodInvocation.java:179)
	at org.springframework.data.repository.core.support.QueryExecutorMethodInterceptor.doInvoke(QueryExecutorMethodInterceptor.java:171)
	at org.springframework.data.repository.core.support.QueryExecutorMethodInterceptor.invoke(QueryExecutorMethodInterceptor.java:146)
	at org.springframework.aop.framework.ReflectiveMethodInvocation.proceed(ReflectiveMethodInvocation.java:179)
	at org.springframework.data.projection.DefaultMethodInvokingMethodInterceptor.invoke(DefaultMethodInvokingMethodInterceptor.java:69)
	at org.springframework.aop.framework.ReflectiveMethodInvocation.proceed(ReflectiveMethodInvocation.java:179)
	at org.springframework.transaction.interceptor.TransactionInterceptor$1.proceedWithInvocation(TransactionInterceptor.java:133)
	at org.springframework.transaction.interceptor.TransactionAspectSupport.invokeWithinTransaction(TransactionAspectSupport.java:371)
	at org.springframework.transaction.interceptor.TransactionInterceptor.invoke(TransactionInterceptor.java:130)
	at org.springframework.aop.framework.ReflectiveMethodInvocation.proceed(ReflectiveMethodInvocation.java:179)
	at org.springframework.dao.support.PersistenceExceptionTranslationInterceptor.invoke(PersistenceExceptionTranslationInterceptor.java:135)
	... 126 common frames omitted
Caused by: org.postgresql.util.PSQLException: ERROR: for SELECT DISTINCT, ORDER BY expressions must appear in select list
  Position: 549
	at org.postgresql.core.v3.QueryExecutorImpl.receiveErrorResponse(QueryExecutorImpl.java:2846)
	at org.postgresql.core.v3.QueryExecutorImpl.processResults(QueryExecutorImpl.java:2531)
	at org.postgresql.core.v3.QueryExecutorImpl.execute(QueryExecutorImpl.java:429)
	at org.postgresql.jdbc.PgStatement.executeInternal(PgStatement.java:526)
	at org.postgresql.jdbc.PgStatement.execute(PgStatement.java:436)
	at org.postgresql.jdbc.PgPreparedStatement.executeWithFlags(PgPreparedStatement.java:196)
	at org.postgresql.jdbc.PgPreparedStatement.executeQuery(PgPreparedStatement.java:139)
	at com.zaxxer.hikari.pool.ProxyPreparedStatement.executeQuery(ProxyPreparedStatement.java:52)
	at com.zaxxer.hikari.pool.HikariProxyPreparedStatement.executeQuery(HikariProxyPreparedStatement.java)
	at org.hibernate.sql.results.jdbc.internal.DeferredResultSetAccess.executeQuery(DeferredResultSetAccess.java:271)
	... 163 common frames omitted
2026-05-13 15:38:35.635 WARN  [http-nio-8080-exec-10] o.s.w.s.m.m.a.ExceptionHandlerExceptionResolver - Resolved [org.springframework.dao.InvalidDataAccessResourceUsageException: JDBC exception executing SQL [ERROR: for SELECT DISTINCT, ORDER BY expressions must appear in select list<EOL>  Position: 549] [select distinct pi1_0.id,pi1_0.active,pi1_0.created_at,pi1_0.created_by,pi1_0.current_address_id,pi1_0.date_of_birth,pi1_0.employment_type,pi1_0.first_name,pi1_0.gender,pi1_0.last_name,pi1_0.marital_status,pi1_0.middle_name,pi1_0.permanent_address_id,pi1_0.profile_image_url,pi1_0.record_status,pi1_0.spouse_or_parent_name,pi1_0.updated_at,pi1_0.updated_by from personal_information pi1_0 left join work_profiles wp1_0 on pi1_0.id=wp1_0.personal_information_id where pi1_0.active=? and pi1_0.record_status=? and pi1_0.employment_type=? order by wp1_0.date_of_joining offset ? rows fetch first ? rows only]; SQL [select distinct pi1_0.id,pi1_0.active,pi1_0.created_at,pi1_0.created_by,pi1_0.current_address_id,pi1_0.date_of_birth,pi1_0.employment_type,pi1_0.first_name,pi1_0.gender,pi1_0.last_name,pi1_0.marital_status,pi1_0.middle_name,pi1_0.permanent_address_id,pi1_0.profile_image_url,pi1_0.record_status,pi1_0.spouse_or_parent_name,pi1_0.updated_at,pi1_0.updated_by from personal_information pi1_0 left join work_profiles wp1_0 on pi1_0.id=wp1_0.personal_information_id where pi1_0.active=? and pi1_0.record_status=? and pi1_0.employment_type=? order by wp1_0.date_of_joining offset ? rows fetch first ? rows only]]
2026-05-13 16:54:13.868 WARN  [http-nio-8080-exec-6] o.s.w.s.m.m.a.ExceptionHandlerExceptionResolver - Resolved [com.gm.hrms.exception.InvalidRequestException: Invalid email or password. Please try again.]
2026-05-13 17:01:02.667 WARN  [http-nio-8080-exec-7] o.s.w.s.m.m.a.ExceptionHandlerExceptionResolver - Resolved [org.springframework.web.HttpRequestMethodNotSupportedException: Request method 'GET' is not supported]
2026-05-13 17:01:02.679 WARN  [http-nio-8080-exec-10] o.s.w.s.m.m.a.ExceptionHandlerExceptionResolver - Resolved [org.springframework.web.HttpRequestMethodNotSupportedException: Request method 'GET' is not supported]
2026-05-13 17:01:02.697 WARN  [http-nio-8080-exec-6] o.s.w.s.m.m.a.ExceptionHandlerExceptionResolver - Resolved [org.springframework.web.HttpRequestMethodNotSupportedException: Request method 'GET' is not supported]
2026-05-13 17:01:02.717 WARN  [http-nio-8080-exec-5] o.s.w.s.m.m.a.ExceptionHandlerExceptionResolver - Resolved [org.springframework.web.HttpRequestMethodNotSupportedException: Request method 'GET' is not supported]
2026-05-13 17:01:02.732 WARN  [http-nio-8080-exec-4] o.s.w.s.m.m.a.ExceptionHandlerExceptionResolver - Resolved [org.springframework.web.HttpRequestMethodNotSupportedException: Request method 'GET' is not supported]
2026-05-13 17:01:02.747 WARN  [http-nio-8080-exec-2] o.s.w.s.m.m.a.ExceptionHandlerExceptionResolver - Resolved [org.springframework.web.HttpRequestMethodNotSupportedException: Request method 'GET' is not supported]
2026-05-13 17:01:02.784 WARN  [http-nio-8080-exec-10] o.s.w.s.m.m.a.ExceptionHandlerExceptionResolver - Resolved [org.springframework.web.HttpRequestMethodNotSupportedException: Request method 'GET' is not supported]
2026-05-13 17:01:02.802 WARN  [http-nio-8080-exec-6] o.s.w.s.m.m.a.ExceptionHandlerExceptionResolver - Resolved [org.springframework.web.HttpRequestMethodNotSupportedException: Request method 'GET' is not supported]
2026-05-13 17:01:02.817 WARN  [http-nio-8080-exec-5] o.s.w.s.m.m.a.ExceptionHandlerExceptionResolver - Resolved [org.springframework.web.HttpRequestMethodNotSupportedException: Request method 'GET' is not supported]
2026-05-13 17:01:02.847 WARN  [http-nio-8080-exec-3] o.s.w.s.m.m.a.ExceptionHandlerExceptionResolver - Resolved [org.springframework.web.HttpRequestMethodNotSupportedException: Request method 'GET' is not supported]
2026-05-13 17:01:02.861 WARN  [http-nio-8080-exec-2] o.s.w.s.m.m.a.ExceptionHandlerExceptionResolver - Resolved [org.springframework.web.HttpRequestMethodNotSupportedException: Request method 'GET' is not supported]
2026-05-13 17:01:02.877 WARN  [http-nio-8080-exec-8] o.s.w.s.m.m.a.ExceptionHandlerExceptionResolver - Resolved [org.springframework.web.HttpRequestMethodNotSupportedException: Request method 'GET' is not supported]
2026-05-13 17:01:02.887 WARN  [http-nio-8080-exec-6] o.s.w.s.m.m.a.ExceptionHandlerExceptionResolver - Resolved [org.springframework.web.HttpRequestMethodNotSupportedException: Request method 'GET' is not supported]
2026-05-13 17:01:02.905 WARN  [http-nio-8080-exec-5] o.s.w.s.m.m.a.ExceptionHandlerExceptionResolver - Resolved [org.springframework.web.HttpRequestMethodNotSupportedException: Request method 'GET' is not supported]
2026-05-13 17:01:02.929 WARN  [http-nio-8080-exec-4] o.s.w.s.m.m.a.ExceptionHandlerExceptionResolver - Resolved [org.springframework.web.HttpRequestMethodNotSupportedException: Request method 'GET' is not supported]
2026-05-13 17:01:02.943 WARN  [http-nio-8080-exec-2] o.s.w.s.m.m.a.ExceptionHandlerExceptionResolver - Resolved [org.springframework.web.HttpRequestMethodNotSupportedException: Request method 'GET' is not supported]
2026-05-13 17:01:02.961 WARN  [http-nio-8080-exec-8] o.s.w.s.m.m.a.ExceptionHandlerExceptionResolver - Resolved [org.springframework.web.HttpRequestMethodNotSupportedException: Request method 'GET' is not supported]
2026-05-13 17:01:02.975 WARN  [http-nio-8080-exec-6] o.s.w.s.m.m.a.ExceptionHandlerExceptionResolver - Resolved [org.springframework.web.HttpRequestMethodNotSupportedException: Request method 'GET' is not supported]
2026-05-13 17:01:02.989 WARN  [http-nio-8080-exec-5] o.s.w.s.m.m.a.ExceptionHandlerExceptionResolver - Resolved [org.springframework.web.HttpRequestMethodNotSupportedException: Request method 'GET' is not supported]
2026-05-13 17:01:03.005 WARN  [http-nio-8080-exec-4] o.s.w.s.m.m.a.ExceptionHandlerExceptionResolver - Resolved [org.springframework.web.HttpRequestMethodNotSupportedException: Request method 'GET' is not supported]
2026-05-13 17:01:03.018 WARN  [http-nio-8080-exec-2] o.s.w.s.m.m.a.ExceptionHandlerExceptionResolver - Resolved [org.springframework.web.HttpRequestMethodNotSupportedException: Request method 'GET' is not supported]
2026-05-13 17:01:03.033 WARN  [http-nio-8080-exec-8] o.s.w.s.m.m.a.ExceptionHandlerExceptionResolver - Resolved [org.springframework.web.HttpRequestMethodNotSupportedException: Request method 'GET' is not supported]
2026-05-13 17:01:03.046 WARN  [http-nio-8080-exec-6] o.s.w.s.m.m.a.ExceptionHandlerExceptionResolver - Resolved [org.springframework.web.HttpRequestMethodNotSupportedException: Request method 'GET' is not supported]
2026-05-13 17:01:03.059 WARN  [http-nio-8080-exec-5] o.s.w.s.m.m.a.ExceptionHandlerExceptionResolver - Resolved [org.springframework.web.HttpRequestMethodNotSupportedException: Request method 'GET' is not supported]
2026-05-13 17:01:03.073 WARN  [http-nio-8080-exec-4] o.s.w.s.m.m.a.ExceptionHandlerExceptionResolver - Resolved [org.springframework.web.HttpRequestMethodNotSupportedException: Request method 'GET' is not supported]
2026-05-13 17:01:03.086 WARN  [http-nio-8080-exec-2] o.s.w.s.m.m.a.ExceptionHandlerExceptionResolver - Resolved [org.springframework.web.HttpRequestMethodNotSupportedException: Request method 'GET' is not supported]
2026-05-13 17:01:03.102 WARN  [http-nio-8080-exec-8] o.s.w.s.m.m.a.ExceptionHandlerExceptionResolver - Resolved [org.springframework.web.HttpRequestMethodNotSupportedException: Request method 'GET' is not supported]
2026-05-13 17:01:03.120 WARN  [http-nio-8080-exec-10] o.s.w.s.m.m.a.ExceptionHandlerExceptionResolver - Resolved [org.springframework.web.HttpRequestMethodNotSupportedException: Request method 'GET' is not supported]
2026-05-13 17:01:03.138 WARN  [http-nio-8080-exec-5] o.s.w.s.m.m.a.ExceptionHandlerExceptionResolver - Resolved [org.springframework.web.HttpRequestMethodNotSupportedException: Request method 'GET' is not supported]
2026-05-13 17:01:03.155 WARN  [http-nio-8080-exec-4] o.s.w.s.m.m.a.ExceptionHandlerExceptionResolver - Resolved [org.springframework.web.HttpRequestMethodNotSupportedException: Request method 'GET' is not supported]
2026-05-13 17:01:03.175 WARN  [http-nio-8080-exec-2] o.s.w.s.m.m.a.ExceptionHandlerExceptionResolver - Resolved [org.springframework.web.HttpRequestMethodNotSupportedException: Request method 'GET' is not supported]
2026-05-13 17:01:03.190 WARN  [http-nio-8080-exec-7] o.s.w.s.m.m.a.ExceptionHandlerExceptionResolver - Resolved [org.springframework.web.HttpRequestMethodNotSupportedException: Request method 'GET' is not supported]
2026-05-13 17:01:03.205 WARN  [http-nio-8080-exec-10] o.s.w.s.m.m.a.ExceptionHandlerExceptionResolver - Resolved [org.springframework.web.HttpRequestMethodNotSupportedException: Request method 'GET' is not supported]
2026-05-13 17:01:03.217 WARN  [http-nio-8080-exec-9] o.s.w.s.m.m.a.ExceptionHandlerExceptionResolver - Resolved [org.springframework.web.HttpRequestMethodNotSupportedException: Request method 'GET' is not supported]
2026-05-13 17:01:03.233 WARN  [http-nio-8080-exec-4] o.s.w.s.m.m.a.ExceptionHandlerExceptionResolver - Resolved [org.springframework.web.HttpRequestMethodNotSupportedException: Request method 'GET' is not supported]
2026-05-13 17:01:03.246 WARN  [http-nio-8080-exec-3] o.s.w.s.m.m.a.ExceptionHandlerExceptionResolver - Resolved [org.springframework.web.HttpRequestMethodNotSupportedException: Request method 'GET' is not supported]
2026-05-13 17:01:03.263 WARN  [http-nio-8080-exec-8] o.s.w.s.m.m.a.ExceptionHandlerExceptionResolver - Resolved [org.springframework.web.HttpRequestMethodNotSupportedException: Request method 'GET' is not supported]
2026-05-13 17:01:03.276 WARN  [http-nio-8080-exec-10] o.s.w.s.m.m.a.ExceptionHandlerExceptionResolver - Resolved [org.springframework.web.HttpRequestMethodNotSupportedException: Request method 'GET' is not supported]
2026-05-13 17:01:03.298 WARN  [http-nio-8080-exec-5] o.s.w.s.m.m.a.ExceptionHandlerExceptionResolver - Resolved [org.springframework.web.HttpRequestMethodNotSupportedException: Request method 'GET' is not supported]
2026-05-13 17:01:03.313 WARN  [http-nio-8080-exec-4] o.s.w.s.m.m.a.ExceptionHandlerExceptionResolver - Resolved [org.springframework.web.HttpRequestMethodNotSupportedException: Request method 'GET' is not supported]
2026-05-13 17:01:03.330 WARN  [http-nio-8080-exec-3] o.s.w.s.m.m.a.ExceptionHandlerExceptionResolver - Resolved [org.springframework.web.HttpRequestMethodNotSupportedException: Request method 'GET' is not supported]
2026-05-13 17:01:03.345 WARN  [http-nio-8080-exec-8] o.s.w.s.m.m.a.ExceptionHandlerExceptionResolver - Resolved [org.springframework.web.HttpRequestMethodNotSupportedException: Request method 'GET' is not supported]
2026-05-13 17:01:03.358 WARN  [http-nio-8080-exec-10] o.s.w.s.m.m.a.ExceptionHandlerExceptionResolver - Resolved [org.springframework.web.HttpRequestMethodNotSupportedException: Request method 'GET' is not supported]
2026-05-13 17:01:03.369 WARN  [http-nio-8080-exec-5] o.s.w.s.m.m.a.ExceptionHandlerExceptionResolver - Resolved [org.springframework.web.HttpRequestMethodNotSupportedException: Request method 'GET' is not supported]
2026-05-13 17:01:03.380 WARN  [http-nio-8080-exec-1] o.s.w.s.m.m.a.ExceptionHandlerExceptionResolver - Resolved [org.springframework.web.HttpRequestMethodNotSupportedException: Request method 'GET' is not supported]
2026-05-13 17:01:03.394 WARN  [http-nio-8080-exec-3] o.s.w.s.m.m.a.ExceptionHandlerExceptionResolver - Resolved [org.springframework.web.HttpRequestMethodNotSupportedException: Request method 'GET' is not supported]
2026-05-13 17:01:03.405 WARN  [http-nio-8080-exec-8] o.s.w.s.m.m.a.ExceptionHandlerExceptionResolver - Resolved [org.springframework.web.HttpRequestMethodNotSupportedException: Request method 'GET' is not supported]
2026-05-13 17:01:03.417 WARN  [http-nio-8080-exec-10] o.s.w.s.m.m.a.ExceptionHandlerExceptionResolver - Resolved [org.springframework.web.HttpRequestMethodNotSupportedException: Request method 'GET' is not supported]
2026-05-13 17:01:03.429 WARN  [http-nio-8080-exec-5] o.s.w.s.m.m.a.ExceptionHandlerExceptionResolver - Resolved [org.springframework.web.HttpRequestMethodNotSupportedException: Request method 'GET' is not supported]
2026-05-13 17:01:03.442 WARN  [http-nio-8080-exec-1] o.s.w.s.m.m.a.ExceptionHandlerExceptionResolver - Resolved [org.springframework.web.HttpRequestMethodNotSupportedException: Request method 'GET' is not supported]
2026-05-13 17:01:03.453 WARN  [http-nio-8080-exec-3] o.s.w.s.m.m.a.ExceptionHandlerExceptionResolver - Resolved [org.springframework.web.HttpRequestMethodNotSupportedException: Request method 'GET' is not supported]
2026-05-13 17:01:03.466 WARN  [http-nio-8080-exec-2] o.s.w.s.m.m.a.ExceptionHandlerExceptionResolver - Resolved [org.springframework.web.HttpRequestMethodNotSupportedException: Request method 'GET' is not supported]
2026-05-13 17:01:03.479 WARN  [http-nio-8080-exec-7] o.s.w.s.m.m.a.ExceptionHandlerExceptionResolver - Resolved [org.springframework.web.HttpRequestMethodNotSupportedException: Request method 'GET' is not supported]
2026-05-13 17:01:03.496 WARN  [http-nio-8080-exec-6] o.s.w.s.m.m.a.ExceptionHandlerExceptionResolver - Resolved [org.springframework.web.HttpRequestMethodNotSupportedException: Request method 'GET' is not supported]
2026-05-13 17:01:03.510 WARN  [http-nio-8080-exec-1] o.s.w.s.m.m.a.ExceptionHandlerExceptionResolver - Resolved [org.springframework.web.HttpRequestMethodNotSupportedException: Request method 'GET' is not supported]
2026-05-13 17:01:03.521 WARN  [http-nio-8080-exec-3] o.s.w.s.m.m.a.ExceptionHandlerExceptionResolver - Resolved [org.springframework.web.HttpRequestMethodNotSupportedException: Request method 'GET' is not supported]
2026-05-13 17:01:03.540 WARN  [http-nio-8080-exec-4] o.s.w.s.m.m.a.ExceptionHandlerExceptionResolver - Resolved [org.springframework.web.HttpRequestMethodNotSupportedException: Request method 'GET' is not supported]
2026-05-13 17:01:03.556 WARN  [http-nio-8080-exec-8] o.s.w.s.m.m.a.ExceptionHandlerExceptionResolver - Resolved [org.springframework.web.HttpRequestMethodNotSupportedException: Request method 'GET' is not supported]
2026-05-13 17:01:03.581 WARN  [http-nio-8080-exec-10] o.s.w.s.m.m.a.ExceptionHandlerExceptionResolver - Resolved [org.springframework.web.HttpRequestMethodNotSupportedException: Request method 'GET' is not supported]
2026-05-13 17:01:03.597 WARN  [http-nio-8080-exec-5] o.s.w.s.m.m.a.ExceptionHandlerExceptionResolver - Resolved [org.springframework.web.HttpRequestMethodNotSupportedException: Request method 'GET' is not supported]
2026-05-13 17:01:03.625 WARN  [http-nio-8080-exec-9] o.s.w.s.m.m.a.ExceptionHandlerExceptionResolver - Resolved [org.springframework.web.HttpRequestMethodNotSupportedException: Request method 'GET' is not supported]
2026-05-13 17:01:03.654 WARN  [http-nio-8080-exec-4] o.s.w.s.m.m.a.ExceptionHandlerExceptionResolver - Resolved [org.springframework.web.HttpRequestMethodNotSupportedException: Request method 'GET' is not supported]
2026-05-13 17:01:03.696 WARN  [http-nio-8080-exec-7] o.s.w.s.m.m.a.ExceptionHandlerExceptionResolver - Resolved [org.springframework.web.HttpRequestMethodNotSupportedException: Request method 'GET' is not supported]
2026-05-13 17:01:03.713 WARN  [http-nio-8080-exec-6] o.s.w.s.m.m.a.ExceptionHandlerExceptionResolver - Resolved [org.springframework.web.HttpRequestMethodNotSupportedException: Request method 'GET' is not supported]
2026-05-13 17:01:03.720 WARN  [http-nio-8080-exec-1] o.s.web.servlet.PageNotFound - No mapping for GET /api/leave-encashment-requests
2026-05-13 17:01:03.720 WARN  [http-nio-8080-exec-3] o.s.w.s.m.m.a.ExceptionHandlerExceptionResolver - Resolved [org.springframework.web.HttpRequestMethodNotSupportedException: Request method 'GET' is not supported]
2026-05-13 17:01:03.723 WARN  [http-nio-8080-exec-1] o.s.w.s.m.m.a.ExceptionHandlerExceptionResolver - Resolved [org.springframework.web.servlet.NoHandlerFoundException: No endpoint GET /api/leave-encashment-requests.]
2026-05-13 17:01:03.735 WARN  [http-nio-8080-exec-2] o.s.web.servlet.PageNotFound - No mapping for GET /api/leave-encashment-requests
2026-05-13 17:01:03.736 WARN  [http-nio-8080-exec-2] o.s.w.s.m.m.a.ExceptionHandlerExceptionResolver - Resolved [org.springframework.web.servlet.NoHandlerFoundException: No endpoint GET /api/leave-encashment-requests.]
2026-05-13 17:01:03.736 WARN  [http-nio-8080-exec-4] o.s.w.s.m.m.a.ExceptionHandlerExceptionResolver - Resolved [org.springframework.web.HttpRequestMethodNotSupportedException: Request method 'GET' is not supported]
2026-05-13 17:01:03.763 WARN  [http-nio-8080-exec-7] o.s.web.servlet.PageNotFound - No mapping for GET /api/leave-encashment-requests
2026-05-13 17:01:03.764 WARN  [http-nio-8080-exec-7] o.s.w.s.m.m.a.ExceptionHandlerExceptionResolver - Resolved [org.springframework.web.servlet.NoHandlerFoundException: No endpoint GET /api/leave-encashment-requests.]
2026-05-13 17:01:03.766 WARN  [http-nio-8080-exec-10] o.s.w.s.m.m.a.ExceptionHandlerExceptionResolver - Resolved [org.springframework.web.HttpRequestMethodNotSupportedException: Request method 'GET' is not supported]
2026-05-13 17:01:03.785 WARN  [http-nio-8080-exec-6] o.s.web.servlet.PageNotFound - No mapping for GET /api/leave-encashment-requests
2026-05-13 17:01:03.787 WARN  [http-nio-8080-exec-6] o.s.w.s.m.m.a.ExceptionHandlerExceptionResolver - Resolved [org.springframework.web.servlet.NoHandlerFoundException: No endpoint GET /api/leave-encashment-requests.]
2026-05-13 17:01:03.789 WARN  [http-nio-8080-exec-5] o.s.w.s.m.m.a.ExceptionHandlerExceptionResolver - Resolved [org.springframework.web.HttpRequestMethodNotSupportedException: Request method 'GET' is not supported]
2026-05-13 17:01:03.809 WARN  [http-nio-8080-exec-3] o.s.web.servlet.PageNotFound - No mapping for GET /api/leave-encashment-requests
2026-05-13 17:01:03.810 WARN  [http-nio-8080-exec-1] o.s.w.s.m.m.a.ExceptionHandlerExceptionResolver - Resolved [org.springframework.web.HttpRequestMethodNotSupportedException: Request method 'GET' is not supported]
2026-05-13 17:01:03.810 WARN  [http-nio-8080-exec-3] o.s.w.s.m.m.a.ExceptionHandlerExceptionResolver - Resolved [org.springframework.web.servlet.NoHandlerFoundException: No endpoint GET /api/leave-encashment-requests.]
2026-05-13 17:01:03.825 WARN  [http-nio-8080-exec-2] o.s.web.servlet.PageNotFound - No mapping for GET /api/leave-encashment-requests
2026-05-13 17:01:03.826 WARN  [http-nio-8080-exec-2] o.s.w.s.m.m.a.ExceptionHandlerExceptionResolver - Resolved [org.springframework.web.servlet.NoHandlerFoundException: No endpoint GET /api/leave-encashment-requests.]
2026-05-13 17:01:03.826 WARN  [http-nio-8080-exec-9] o.s.w.s.m.m.a.ExceptionHandlerExceptionResolver - Resolved [org.springframework.web.HttpRequestMethodNotSupportedException: Request method 'GET' is not supported]
2026-05-13 17:01:03.841 WARN  [http-nio-8080-exec-8] o.s.w.s.m.m.a.ExceptionHandlerExceptionResolver - Resolved [org.springframework.web.HttpRequestMethodNotSupportedException: Request method 'GET' is not supported]
2026-05-13 17:01:03.842 WARN  [http-nio-8080-exec-4] o.s.web.servlet.PageNotFound - No mapping for GET /api/leave-encashment-requests
2026-05-13 17:01:03.843 WARN  [http-nio-8080-exec-4] o.s.w.s.m.m.a.ExceptionHandlerExceptionResolver - Resolved [org.springframework.web.servlet.NoHandlerFoundException: No endpoint GET /api/leave-encashment-requests.]
2026-05-13 17:01:03.860 WARN  [http-nio-8080-exec-10] o.s.web.servlet.PageNotFound - No mapping for GET /api/leave-encashment-requests
2026-05-13 17:01:03.861 WARN  [http-nio-8080-exec-7] o.s.w.s.m.m.a.ExceptionHandlerExceptionResolver - Resolved [org.springframework.web.HttpRequestMethodNotSupportedException: Request method 'GET' is not supported]
2026-05-13 17:01:03.861 WARN  [http-nio-8080-exec-10] o.s.w.s.m.m.a.ExceptionHandlerExceptionResolver - Resolved [org.springframework.web.servlet.NoHandlerFoundException: No endpoint GET /api/leave-encashment-requests.]
2026-05-13 17:01:03.878 WARN  [http-nio-8080-exec-5] o.s.web.servlet.PageNotFound - No mapping for GET /api/leave-encashment-requests
2026-05-13 17:01:03.879 WARN  [http-nio-8080-exec-6] o.s.w.s.m.m.a.ExceptionHandlerExceptionResolver - Resolved [org.springframework.web.HttpRequestMethodNotSupportedException: Request method 'GET' is not supported]
2026-05-13 17:01:03.880 WARN  [http-nio-8080-exec-5] o.s.w.s.m.m.a.ExceptionHandlerExceptionResolver - Resolved [org.springframework.web.servlet.NoHandlerFoundException: No endpoint GET /api/leave-encashment-requests.]
2026-05-13 17:01:03.896 WARN  [http-nio-8080-exec-3] o.s.web.servlet.PageNotFound - No mapping for GET /api/leave-encashment-requests
2026-05-13 17:01:03.897 WARN  [http-nio-8080-exec-1] o.s.w.s.m.m.a.ExceptionHandlerExceptionResolver - Resolved [org.springframework.web.HttpRequestMethodNotSupportedException: Request method 'GET' is not supported]
2026-05-13 17:01:03.897 WARN  [http-nio-8080-exec-3] o.s.w.s.m.m.a.ExceptionHandlerExceptionResolver - Resolved [org.springframework.web.servlet.NoHandlerFoundException: No endpoint GET /api/leave-encashment-requests.]
2026-05-13 17:01:03.911 WARN  [http-nio-8080-exec-9] o.s.web.servlet.PageNotFound - No mapping for GET /api/leave-encashment-requests
2026-05-13 17:01:03.912 WARN  [http-nio-8080-exec-2] o.s.w.s.m.m.a.ExceptionHandlerExceptionResolver - Resolved [org.springframework.web.HttpRequestMethodNotSupportedException: Request method 'GET' is not supported]
2026-05-13 17:01:03.913 WARN  [http-nio-8080-exec-9] o.s.w.s.m.m.a.ExceptionHandlerExceptionResolver - Resolved [org.springframework.web.servlet.NoHandlerFoundException: No endpoint GET /api/leave-encashment-requests.]
2026-05-13 17:01:03.928 WARN  [http-nio-8080-exec-4] o.s.web.servlet.PageNotFound - No mapping for GET /api/leave-encashment-requests
2026-05-13 17:01:03.929 WARN  [http-nio-8080-exec-8] o.s.w.s.m.m.a.ExceptionHandlerExceptionResolver - Resolved [org.springframework.web.HttpRequestMethodNotSupportedException: Request method 'GET' is not supported]
2026-05-13 17:01:03.929 WARN  [http-nio-8080-exec-4] o.s.w.s.m.m.a.ExceptionHandlerExceptionResolver - Resolved [org.springframework.web.servlet.NoHandlerFoundException: No endpoint GET /api/leave-encashment-requests.]
2026-05-13 17:01:03.944 WARN  [http-nio-8080-exec-10] o.s.web.servlet.PageNotFound - No mapping for GET /api/leave-encashment-requests
2026-05-13 17:01:03.944 WARN  [http-nio-8080-exec-7] o.s.w.s.m.m.a.ExceptionHandlerExceptionResolver - Resolved [org.springframework.web.HttpRequestMethodNotSupportedException: Request method 'GET' is not supported]
2026-05-13 17:01:03.944 WARN  [http-nio-8080-exec-10] o.s.w.s.m.m.a.ExceptionHandlerExceptionResolver - Resolved [org.springframework.web.servlet.NoHandlerFoundException: No endpoint GET /api/leave-encashment-requests.]
2026-05-13 17:01:03.959 WARN  [http-nio-8080-exec-5] o.s.web.servlet.PageNotFound - No mapping for GET /api/leave-encashment-requests
2026-05-13 17:01:03.960 WARN  [http-nio-8080-exec-6] o.s.w.s.m.m.a.ExceptionHandlerExceptionResolver - Resolved [org.springframework.web.HttpRequestMethodNotSupportedException: Request method 'GET' is not supported]
2026-05-13 17:01:03.960 WARN  [http-nio-8080-exec-5] o.s.w.s.m.m.a.ExceptionHandlerExceptionResolver - Resolved [org.springframework.web.servlet.NoHandlerFoundException: No endpoint GET /api/leave-encashment-requests.]
2026-05-13 17:01:03.972 WARN  [http-nio-8080-exec-1] o.s.w.s.m.m.a.ExceptionHandlerExceptionResolver - Resolved [org.springframework.web.HttpRequestMethodNotSupportedException: Request method 'GET' is not supported]
2026-05-13 17:01:03.972 WARN  [http-nio-8080-exec-3] o.s.web.servlet.PageNotFound - No mapping for GET /api/leave-encashment-requests
2026-05-13 17:01:03.973 WARN  [http-nio-8080-exec-3] o.s.w.s.m.m.a.ExceptionHandlerExceptionResolver - Resolved [org.springframework.web.servlet.NoHandlerFoundException: No endpoint GET /api/leave-encashment-requests.]
2026-05-13 17:01:03.988 WARN  [http-nio-8080-exec-2] o.s.web.servlet.PageNotFound - No mapping for GET /api/leave-encashment-requests
2026-05-13 17:01:03.989 WARN  [http-nio-8080-exec-9] o.s.w.s.m.m.a.ExceptionHandlerExceptionResolver - Resolved [org.springframework.web.HttpRequestMethodNotSupportedException: Request method 'GET' is not supported]
2026-05-13 17:01:03.989 WARN  [http-nio-8080-exec-2] o.s.w.s.m.m.a.ExceptionHandlerExceptionResolver - Resolved [org.springframework.web.servlet.NoHandlerFoundException: No endpoint GET /api/leave-encashment-requests.]
2026-05-13 17:01:04.006 WARN  [http-nio-8080-exec-4] o.s.web.servlet.PageNotFound - No mapping for GET /api/leave-encashment-requests
2026-05-13 17:01:04.006 WARN  [http-nio-8080-exec-4] o.s.w.s.m.m.a.ExceptionHandlerExceptionResolver - Resolved [org.springframework.web.servlet.NoHandlerFoundException: No endpoint GET /api/leave-encashment-requests.]
2026-05-13 17:01:04.007 WARN  [http-nio-8080-exec-8] o.s.w.s.m.m.a.ExceptionHandlerExceptionResolver - Resolved [org.springframework.web.HttpRequestMethodNotSupportedException: Request method 'GET' is not supported]
2026-05-13 17:01:04.020 WARN  [http-nio-8080-exec-7] o.s.web.servlet.PageNotFound - No mapping for GET /api/leave-encashment-requests
2026-05-13 17:01:04.021 WARN  [http-nio-8080-exec-10] o.s.w.s.m.m.a.ExceptionHandlerExceptionResolver - Resolved [org.springframework.web.HttpRequestMethodNotSupportedException: Request method 'GET' is not supported]
2026-05-13 17:01:04.022 WARN  [http-nio-8080-exec-7] o.s.w.s.m.m.a.ExceptionHandlerExceptionResolver - Resolved [org.springframework.web.servlet.NoHandlerFoundException: No endpoint GET /api/leave-encashment-requests.]
2026-05-13 17:01:04.037 WARN  [http-nio-8080-exec-6] o.s.web.servlet.PageNotFound - No mapping for GET /api/leave-encashment-requests
2026-05-13 17:01:04.039 WARN  [http-nio-8080-exec-6] o.s.w.s.m.m.a.ExceptionHandlerExceptionResolver - Resolved [org.springframework.web.servlet.NoHandlerFoundException: No endpoint GET /api/leave-encashment-requests.]
2026-05-13 17:01:04.039 WARN  [http-nio-8080-exec-5] o.s.w.s.m.m.a.ExceptionHandlerExceptionResolver - Resolved [org.springframework.web.HttpRequestMethodNotSupportedException: Request method 'GET' is not supported]
2026-05-13 17:01:04.057 WARN  [http-nio-8080-exec-3] o.s.web.servlet.PageNotFound - No mapping for GET /api/leave-encashment-requests
2026-05-13 17:01:04.058 WARN  [http-nio-8080-exec-3] o.s.w.s.m.m.a.ExceptionHandlerExceptionResolver - Resolved [org.springframework.web.servlet.NoHandlerFoundException: No endpoint GET /api/leave-encashment-requests.]
2026-05-13 17:01:04.058 WARN  [http-nio-8080-exec-1] o.s.w.s.m.m.a.ExceptionHandlerExceptionResolver - Resolved [org.springframework.web.HttpRequestMethodNotSupportedException: Request method 'GET' is not supported]
2026-05-13 17:01:04.068 WARN  [http-nio-8080-exec-9] o.s.web.servlet.PageNotFound - No mapping for GET /api/leave-encashment-requests
2026-05-13 17:01:04.069 WARN  [http-nio-8080-exec-9] o.s.w.s.m.m.a.ExceptionHandlerExceptionResolver - Resolved [org.springframework.web.servlet.NoHandlerFoundException: No endpoint GET /api/leave-encashment-requests.]
2026-05-13 17:01:04.070 WARN  [http-nio-8080-exec-2] o.s.w.s.m.m.a.ExceptionHandlerExceptionResolver - Resolved [org.springframework.web.HttpRequestMethodNotSupportedException: Request method 'GET' is not supported]
2026-05-13 17:01:04.083 WARN  [http-nio-8080-exec-4] o.s.web.servlet.PageNotFound - No mapping for GET /api/leave-encashment-requests
2026-05-13 17:01:04.083 WARN  [http-nio-8080-exec-8] o.s.w.s.m.m.a.ExceptionHandlerExceptionResolver - Resolved [org.springframework.web.HttpRequestMethodNotSupportedException: Request method 'GET' is not supported]
2026-05-13 17:01:04.083 WARN  [http-nio-8080-exec-4] o.s.w.s.m.m.a.ExceptionHandlerExceptionResolver - Resolved [org.springframework.web.servlet.NoHandlerFoundException: No endpoint GET /api/leave-encashment-requests.]
2026-05-13 17:01:04.094 WARN  [http-nio-8080-exec-10] o.s.w.s.m.m.a.ExceptionHandlerExceptionResolver - Resolved [org.springframework.web.HttpRequestMethodNotSupportedException: Request method 'GET' is not supported]
2026-05-13 17:01:04.095 WARN  [http-nio-8080-exec-7] o.s.web.servlet.PageNotFound - No mapping for GET /api/leave-encashment-requests
2026-05-13 17:01:04.096 WARN  [http-nio-8080-exec-7] o.s.w.s.m.m.a.ExceptionHandlerExceptionResolver - Resolved [org.springframework.web.servlet.NoHandlerFoundException: No endpoint GET /api/leave-encashment-requests.]
2026-05-13 17:01:04.105 WARN  [http-nio-8080-exec-6] o.s.w.s.m.m.a.ExceptionHandlerExceptionResolver - Resolved [org.springframework.web.HttpRequestMethodNotSupportedException: Request method 'GET' is not supported]
2026-05-13 17:01:04.108 WARN  [http-nio-8080-exec-5] o.s.web.servlet.PageNotFound - No mapping for GET /api/leave-encashment-requests
2026-05-13 17:01:04.108 WARN  [http-nio-8080-exec-5] o.s.w.s.m.m.a.ExceptionHandlerExceptionResolver - Resolved [org.springframework.web.servlet.NoHandlerFoundException: No endpoint GET /api/leave-encashment-requests.]
2026-05-13 17:01:04.116 WARN  [http-nio-8080-exec-3] o.s.w.s.m.m.a.ExceptionHandlerExceptionResolver - Resolved [org.springframework.web.HttpRequestMethodNotSupportedException: Request method 'GET' is not supported]
2026-05-13 17:01:04.118 WARN  [http-nio-8080-exec-1] o.s.web.servlet.PageNotFound - No mapping for GET /api/leave-encashment-requests
2026-05-13 17:01:04.120 WARN  [http-nio-8080-exec-1] o.s.w.s.m.m.a.ExceptionHandlerExceptionResolver - Resolved [org.springframework.web.servlet.NoHandlerFoundException: No endpoint GET /api/leave-encashment-requests.]
2026-05-13 17:01:04.127 WARN  [http-nio-8080-exec-9] o.s.w.s.m.m.a.ExceptionHandlerExceptionResolver - Resolved [org.springframework.web.HttpRequestMethodNotSupportedException: Request method 'GET' is not supported]
2026-05-13 17:01:04.131 WARN  [http-nio-8080-exec-2] o.s.web.servlet.PageNotFound - No mapping for GET /api/leave-encashment-requests
2026-05-13 17:01:04.132 WARN  [http-nio-8080-exec-2] o.s.w.s.m.m.a.ExceptionHandlerExceptionResolver - Resolved [org.springframework.web.servlet.NoHandlerFoundException: No endpoint GET /api/leave-encashment-requests.]
2026-05-13 17:01:04.137 WARN  [http-nio-8080-exec-8] o.s.w.s.m.m.a.ExceptionHandlerExceptionResolver - Resolved [org.springframework.web.HttpRequestMethodNotSupportedException: Request method 'GET' is not supported]
2026-05-13 17:01:04.142 WARN  [http-nio-8080-exec-4] o.s.web.servlet.PageNotFound - No mapping for GET /api/leave-encashment-requests
2026-05-13 17:01:04.143 WARN  [http-nio-8080-exec-4] o.s.w.s.m.m.a.ExceptionHandlerExceptionResolver - Resolved [org.springframework.web.servlet.NoHandlerFoundException: No endpoint GET /api/leave-encashment-requests.]
2026-05-13 17:01:04.149 WARN  [http-nio-8080-exec-10] o.s.w.s.m.m.a.ExceptionHandlerExceptionResolver - Resolved [org.springframework.web.HttpRequestMethodNotSupportedException: Request method 'GET' is not supported]
2026-05-13 17:01:04.152 WARN  [http-nio-8080-exec-7] o.s.web.servlet.PageNotFound - No mapping for GET /api/leave-encashment-requests
2026-05-13 17:01:04.154 WARN  [http-nio-8080-exec-7] o.s.w.s.m.m.a.ExceptionHandlerExceptionResolver - Resolved [org.springframework.web.servlet.NoHandlerFoundException: No endpoint GET /api/leave-encashment-requests.]
2026-05-13 17:01:04.159 WARN  [http-nio-8080-exec-6] o.s.w.s.m.m.a.ExceptionHandlerExceptionResolver - Resolved [org.springframework.web.HttpRequestMethodNotSupportedException: Request method 'GET' is not supported]
2026-05-13 17:01:04.162 WARN  [http-nio-8080-exec-5] o.s.web.servlet.PageNotFound - No mapping for GET /api/leave-encashment-requests
2026-05-13 17:01:04.163 WARN  [http-nio-8080-exec-5] o.s.w.s.m.m.a.ExceptionHandlerExceptionResolver - Resolved [org.springframework.web.servlet.NoHandlerFoundException: No endpoint GET /api/leave-encashment-requests.]
2026-05-13 17:01:04.168 WARN  [http-nio-8080-exec-3] o.s.w.s.m.m.a.ExceptionHandlerExceptionResolver - Resolved [org.springframework.web.HttpRequestMethodNotSupportedException: Request method 'GET' is not supported]
2026-05-13 17:01:04.174 WARN  [http-nio-8080-exec-1] o.s.web.servlet.PageNotFound - No mapping for GET /api/leave-encashment-requests
2026-05-13 17:01:04.175 WARN  [http-nio-8080-exec-1] o.s.w.s.m.m.a.ExceptionHandlerExceptionResolver - Resolved [org.springframework.web.servlet.NoHandlerFoundException: No endpoint GET /api/leave-encashment-requests.]
2026-05-13 17:01:04.180 WARN  [http-nio-8080-exec-9] o.s.w.s.m.m.a.ExceptionHandlerExceptionResolver - Resolved [org.springframework.web.HttpRequestMethodNotSupportedException: Request method 'GET' is not supported]
2026-05-13 17:01:04.184 WARN  [http-nio-8080-exec-2] o.s.web.servlet.PageNotFound - No mapping for GET /api/leave-encashment-requests
2026-05-13 17:01:04.185 WARN  [http-nio-8080-exec-2] o.s.w.s.m.m.a.ExceptionHandlerExceptionResolver - Resolved [org.springframework.web.servlet.NoHandlerFoundException: No endpoint GET /api/leave-encashment-requests.]
2026-05-13 17:01:04.190 WARN  [http-nio-8080-exec-8] o.s.w.s.m.m.a.ExceptionHandlerExceptionResolver - Resolved [org.springframework.web.HttpRequestMethodNotSupportedException: Request method 'GET' is not supported]
2026-05-13 17:01:04.194 WARN  [http-nio-8080-exec-4] o.s.web.servlet.PageNotFound - No mapping for GET /api/leave-encashment-requests
2026-05-13 17:01:04.195 WARN  [http-nio-8080-exec-4] o.s.w.s.m.m.a.ExceptionHandlerExceptionResolver - Resolved [org.springframework.web.servlet.NoHandlerFoundException: No endpoint GET /api/leave-encashment-requests.]
2026-05-13 17:01:04.201 WARN  [http-nio-8080-exec-10] o.s.w.s.m.m.a.ExceptionHandlerExceptionResolver - Resolved [org.springframework.web.HttpRequestMethodNotSupportedException: Request method 'GET' is not supported]
2026-05-13 17:01:04.208 WARN  [http-nio-8080-exec-7] o.s.web.servlet.PageNotFound - No mapping for GET /api/leave-encashment-requests
2026-05-13 17:01:04.209 WARN  [http-nio-8080-exec-7] o.s.w.s.m.m.a.ExceptionHandlerExceptionResolver - Resolved [org.springframework.web.servlet.NoHandlerFoundException: No endpoint GET /api/leave-encashment-requests.]
2026-05-13 17:01:04.216 WARN  [http-nio-8080-exec-6] o.s.w.s.m.m.a.ExceptionHandlerExceptionResolver - Resolved [org.springframework.web.HttpRequestMethodNotSupportedException: Request method 'GET' is not supported]
2026-05-13 17:01:04.224 WARN  [http-nio-8080-exec-5] o.s.web.servlet.PageNotFound - No mapping for GET /api/leave-encashment-requests
2026-05-13 17:01:04.225 WARN  [http-nio-8080-exec-5] o.s.w.s.m.m.a.ExceptionHandlerExceptionResolver - Resolved [org.springframework.web.servlet.NoHandlerFoundException: No endpoint GET /api/leave-encashment-requests.]
2026-05-13 17:01:04.227 WARN  [http-nio-8080-exec-3] o.s.w.s.m.m.a.ExceptionHandlerExceptionResolver - Resolved [org.springframework.web.HttpRequestMethodNotSupportedException: Request method 'GET' is not supported]
2026-05-13 17:01:04.238 WARN  [http-nio-8080-exec-1] o.s.web.servlet.PageNotFound - No mapping for GET /api/leave-encashment-requests
2026-05-13 17:01:04.240 WARN  [http-nio-8080-exec-1] o.s.w.s.m.m.a.ExceptionHandlerExceptionResolver - Resolved [org.springframework.web.servlet.NoHandlerFoundException: No endpoint GET /api/leave-encashment-requests.]
2026-05-13 17:01:04.241 WARN  [http-nio-8080-exec-9] o.s.w.s.m.m.a.ExceptionHandlerExceptionResolver - Resolved [org.springframework.web.HttpRequestMethodNotSupportedException: Request method 'GET' is not supported]
2026-05-13 17:01:04.254 WARN  [http-nio-8080-exec-2] o.s.web.servlet.PageNotFound - No mapping for GET /api/leave-encashment-requests
2026-05-13 17:01:04.255 WARN  [http-nio-8080-exec-8] o.s.w.s.m.m.a.ExceptionHandlerExceptionResolver - Resolved [org.springframework.web.HttpRequestMethodNotSupportedException: Request method 'GET' is not supported]
2026-05-13 17:01:04.255 WARN  [http-nio-8080-exec-2] o.s.w.s.m.m.a.ExceptionHandlerExceptionResolver - Resolved [org.springframework.web.servlet.NoHandlerFoundException: No endpoint GET /api/leave-encashment-requests.]
2026-05-13 17:01:04.270 WARN  [http-nio-8080-exec-10] o.s.web.servlet.PageNotFound - No mapping for GET /api/leave-encashment-requests
2026-05-13 17:01:04.271 WARN  [http-nio-8080-exec-10] o.s.w.s.m.m.a.ExceptionHandlerExceptionResolver - Resolved [org.springframework.web.servlet.NoHandlerFoundException: No endpoint GET /api/leave-encashment-requests.]
2026-05-13 17:01:04.271 WARN  [http-nio-8080-exec-4] o.s.w.s.m.m.a.ExceptionHandlerExceptionResolver - Resolved [org.springframework.web.HttpRequestMethodNotSupportedException: Request method 'GET' is not supported]
2026-05-13 17:01:04.285 WARN  [http-nio-8080-exec-6] o.s.web.servlet.PageNotFound - No mapping for GET /api/leave-encashment-requests
2026-05-13 17:01:04.287 WARN  [http-nio-8080-exec-7] o.s.w.s.m.m.a.ExceptionHandlerExceptionResolver - Resolved [org.springframework.web.HttpRequestMethodNotSupportedException: Request method 'GET' is not supported]
2026-05-13 17:01:04.287 WARN  [http-nio-8080-exec-6] o.s.w.s.m.m.a.ExceptionHandlerExceptionResolver - Resolved [org.springframework.web.servlet.NoHandlerFoundException: No endpoint GET /api/leave-encashment-requests.]
2026-05-13 17:01:04.303 WARN  [http-nio-8080-exec-3] o.s.web.servlet.PageNotFound - No mapping for GET /api/leave-encashment-requests
2026-05-13 17:01:04.304 WARN  [http-nio-8080-exec-5] o.s.w.s.m.m.a.ExceptionHandlerExceptionResolver - Resolved [org.springframework.web.HttpRequestMethodNotSupportedException: Request method 'GET' is not supported]
2026-05-13 17:01:04.304 WARN  [http-nio-8080-exec-3] o.s.w.s.m.m.a.ExceptionHandlerExceptionResolver - Resolved [org.springframework.web.servlet.NoHandlerFoundException: No endpoint GET /api/leave-encashment-requests.]
2026-05-13 17:01:04.318 WARN  [http-nio-8080-exec-9] o.s.web.servlet.PageNotFound - No mapping for GET /api/leave-encashment-requests
2026-05-13 17:01:04.319 WARN  [http-nio-8080-exec-1] o.s.w.s.m.m.a.ExceptionHandlerExceptionResolver - Resolved [org.springframework.web.HttpRequestMethodNotSupportedException: Request method 'GET' is not supported]
2026-05-13 17:01:04.319 WARN  [http-nio-8080-exec-9] o.s.w.s.m.m.a.ExceptionHandlerExceptionResolver - Resolved [org.springframework.web.servlet.NoHandlerFoundException: No endpoint GET /api/leave-encashment-requests.]
2026-05-13 17:01:04.334 WARN  [http-nio-8080-exec-2] o.s.web.servlet.PageNotFound - No mapping for GET /api/leave-encashment-requests
2026-05-13 17:01:04.335 WARN  [http-nio-8080-exec-8] o.s.w.s.m.m.a.ExceptionHandlerExceptionResolver - Resolved [org.springframework.web.HttpRequestMethodNotSupportedException: Request method 'GET' is not supported]
2026-05-13 17:01:04.335 WARN  [http-nio-8080-exec-2] o.s.w.s.m.m.a.ExceptionHandlerExceptionResolver - Resolved [org.springframework.web.servlet.NoHandlerFoundException: No endpoint GET /api/leave-encashment-requests.]
2026-05-13 17:01:04.350 WARN  [http-nio-8080-exec-4] o.s.web.servlet.PageNotFound - No mapping for GET /api/leave-encashment-requests
2026-05-13 17:01:04.350 WARN  [http-nio-8080-exec-10] o.s.w.s.m.m.a.ExceptionHandlerExceptionResolver - Resolved [org.springframework.web.HttpRequestMethodNotSupportedException: Request method 'GET' is not supported]
2026-05-13 17:01:04.351 WARN  [http-nio-8080-exec-4] o.s.w.s.m.m.a.ExceptionHandlerExceptionResolver - Resolved [org.springframework.web.servlet.NoHandlerFoundException: No endpoint GET /api/leave-encashment-requests.]
2026-05-13 17:01:04.367 WARN  [http-nio-8080-exec-6] o.s.web.servlet.PageNotFound - No mapping for GET /api/leave-encashment-requests
2026-05-13 17:01:04.367 WARN  [http-nio-8080-exec-7] o.s.w.s.m.m.a.ExceptionHandlerExceptionResolver - Resolved [org.springframework.web.HttpRequestMethodNotSupportedException: Request method 'GET' is not supported]
2026-05-13 17:01:04.368 WARN  [http-nio-8080-exec-6] o.s.w.s.m.m.a.ExceptionHandlerExceptionResolver - Resolved [org.springframework.web.servlet.NoHandlerFoundException: No endpoint GET /api/leave-encashment-requests.]
2026-05-13 17:01:04.381 WARN  [http-nio-8080-exec-3] o.s.w.s.m.m.a.ExceptionHandlerExceptionResolver - Resolved [org.springframework.web.HttpRequestMethodNotSupportedException: Request method 'GET' is not supported]
2026-05-13 17:01:04.381 WARN  [http-nio-8080-exec-5] o.s.web.servlet.PageNotFound - No mapping for GET /api/leave-encashment-requests
2026-05-13 17:01:04.382 WARN  [http-nio-8080-exec-5] o.s.w.s.m.m.a.ExceptionHandlerExceptionResolver - Resolved [org.springframework.web.servlet.NoHandlerFoundException: No endpoint GET /api/leave-encashment-requests.]
2026-05-13 17:01:04.396 WARN  [http-nio-8080-exec-9] o.s.web.servlet.PageNotFound - No mapping for GET /api/leave-encashment-requests
2026-05-13 17:01:04.396 WARN  [http-nio-8080-exec-9] o.s.w.s.m.m.a.ExceptionHandlerExceptionResolver - Resolved [org.springframework.web.servlet.NoHandlerFoundException: No endpoint GET /api/leave-encashment-requests.]
2026-05-13 17:01:04.396 WARN  [http-nio-8080-exec-1] o.s.w.s.m.m.a.ExceptionHandlerExceptionResolver - Resolved [org.springframework.web.HttpRequestMethodNotSupportedException: Request method 'GET' is not supported]
2026-05-13 17:01:04.410 WARN  [http-nio-8080-exec-8] o.s.web.servlet.PageNotFound - No mapping for GET /api/leave-encashment-requests
2026-05-13 17:01:04.412 WARN  [http-nio-8080-exec-2] o.s.w.s.m.m.a.ExceptionHandlerExceptionResolver - Resolved [org.springframework.web.HttpRequestMethodNotSupportedException: Request method 'GET' is not supported]
2026-05-13 17:01:04.415 WARN  [http-nio-8080-exec-8] o.s.w.s.m.m.a.ExceptionHandlerExceptionResolver - Resolved [org.springframework.web.servlet.NoHandlerFoundException: No endpoint GET /api/leave-encashment-requests.]
2026-05-13 17:01:04.426 WARN  [http-nio-8080-exec-10] o.s.w.s.m.m.a.ExceptionHandlerExceptionResolver - Resolved [org.springframework.web.HttpRequestMethodNotSupportedException: Request method 'GET' is not supported]
2026-05-13 17:01:04.427 WARN  [http-nio-8080-exec-4] o.s.web.servlet.PageNotFound - No mapping for GET /api/leave-encashment-requests
2026-05-13 17:01:04.428 WARN  [http-nio-8080-exec-4] o.s.w.s.m.m.a.ExceptionHandlerExceptionResolver - Resolved [org.springframework.web.servlet.NoHandlerFoundException: No endpoint GET /api/leave-encashment-requests.]
2026-05-13 17:01:04.441 WARN  [http-nio-8080-exec-6] o.s.web.servlet.PageNotFound - No mapping for GET /api/leave-encashment-requests
2026-05-13 17:01:04.442 WARN  [http-nio-8080-exec-7] o.s.w.s.m.m.a.ExceptionHandlerExceptionResolver - Resolved [org.springframework.web.HttpRequestMethodNotSupportedException: Request method 'GET' is not supported]
2026-05-13 17:01:04.442 WARN  [http-nio-8080-exec-6] o.s.w.s.m.m.a.ExceptionHandlerExceptionResolver - Resolved [org.springframework.web.servlet.NoHandlerFoundException: No endpoint GET /api/leave-encashment-requests.]
2026-05-13 17:01:04.457 WARN  [http-nio-8080-exec-5] o.s.web.servlet.PageNotFound - No mapping for GET /api/leave-encashment-requests
2026-05-13 17:01:04.457 WARN  [http-nio-8080-exec-3] o.s.w.s.m.m.a.ExceptionHandlerExceptionResolver - Resolved [org.springframework.web.HttpRequestMethodNotSupportedException: Request method 'GET' is not supported]
2026-05-13 17:01:04.458 WARN  [http-nio-8080-exec-5] o.s.w.s.m.m.a.ExceptionHandlerExceptionResolver - Resolved [org.springframework.web.servlet.NoHandlerFoundException: No endpoint GET /api/leave-encashment-requests.]
2026-05-13 17:01:04.473 WARN  [http-nio-8080-exec-1] o.s.web.servlet.PageNotFound - No mapping for GET /api/leave-encashment-requests
2026-05-13 17:01:04.473 WARN  [http-nio-8080-exec-9] o.s.w.s.m.m.a.ExceptionHandlerExceptionResolver - Resolved [org.springframework.web.HttpRequestMethodNotSupportedException: Request method 'GET' is not supported]
2026-05-13 17:01:04.474 WARN  [http-nio-8080-exec-1] o.s.w.s.m.m.a.ExceptionHandlerExceptionResolver - Resolved [org.springframework.web.servlet.NoHandlerFoundException: No endpoint GET /api/leave-encashment-requests.]
2026-05-13 17:01:04.491 WARN  [http-nio-8080-exec-8] o.s.web.servlet.PageNotFound - No mapping for GET /api/leave-encashment-requests
2026-05-13 17:01:04.492 WARN  [http-nio-8080-exec-2] o.s.w.s.m.m.a.ExceptionHandlerExceptionResolver - Resolved [org.springframework.web.HttpRequestMethodNotSupportedException: Request method 'GET' is not supported]
2026-05-13 17:01:04.492 WARN  [http-nio-8080-exec-8] o.s.w.s.m.m.a.ExceptionHandlerExceptionResolver - Resolved [org.springframework.web.servlet.NoHandlerFoundException: No endpoint GET /api/leave-encashment-requests.]
2026-05-13 17:01:04.506 WARN  [http-nio-8080-exec-4] o.s.web.servlet.PageNotFound - No mapping for GET /api/leave-encashment-requests
2026-05-13 17:01:04.506 WARN  [http-nio-8080-exec-10] o.s.w.s.m.m.a.ExceptionHandlerExceptionResolver - Resolved [org.springframework.web.HttpRequestMethodNotSupportedException: Request method 'GET' is not supported]
2026-05-13 17:01:04.507 WARN  [http-nio-8080-exec-4] o.s.w.s.m.m.a.ExceptionHandlerExceptionResolver - Resolved [org.springframework.web.servlet.NoHandlerFoundException: No endpoint GET /api/leave-encashment-requests.]
2026-05-13 17:01:04.516 WARN  [http-nio-8080-exec-6] o.s.web.servlet.PageNotFound - No mapping for GET /api/leave-encashment-requests
2026-05-13 17:01:04.517 WARN  [http-nio-8080-exec-6] o.s.w.s.m.m.a.ExceptionHandlerExceptionResolver - Resolved [org.springframework.web.servlet.NoHandlerFoundException: No endpoint GET /api/leave-encashment-requests.]
2026-05-13 17:01:04.517 WARN  [http-nio-8080-exec-7] o.s.w.s.m.m.a.ExceptionHandlerExceptionResolver - Resolved [org.springframework.web.HttpRequestMethodNotSupportedException: Request method 'GET' is not supported]
2026-05-13 17:01:04.527 WARN  [http-nio-8080-exec-3] o.s.web.servlet.PageNotFound - No mapping for GET /api/leave-encashment-requests
2026-05-13 17:01:04.528 WARN  [http-nio-8080-exec-3] o.s.w.s.m.m.a.ExceptionHandlerExceptionResolver - Resolved [org.springframework.web.servlet.NoHandlerFoundException: No endpoint GET /api/leave-encashment-requests.]
2026-05-13 17:01:04.530 WARN  [http-nio-8080-exec-5] o.s.w.s.m.m.a.ExceptionHandlerExceptionResolver - Resolved [org.springframework.web.HttpRequestMethodNotSupportedException: Request method 'GET' is not supported]
2026-05-13 17:01:04.540 WARN  [http-nio-8080-exec-9] o.s.web.servlet.PageNotFound - No mapping for GET /api/leave-encashment-requests
2026-05-13 17:01:04.541 WARN  [http-nio-8080-exec-9] o.s.w.s.m.m.a.ExceptionHandlerExceptionResolver - Resolved [org.springframework.web.servlet.NoHandlerFoundException: No endpoint GET /api/leave-encashment-requests.]
2026-05-13 17:01:04.541 WARN  [http-nio-8080-exec-1] o.s.w.s.m.m.a.ExceptionHandlerExceptionResolver - Resolved [org.springframework.web.HttpRequestMethodNotSupportedException: Request method 'GET' is not supported]
2026-05-13 17:01:04.550 WARN  [http-nio-8080-exec-8] o.s.web.servlet.PageNotFound - No mapping for GET /api/leave-encashment-requests
2026-05-13 17:01:04.551 WARN  [http-nio-8080-exec-2] o.s.w.s.m.m.a.ExceptionHandlerExceptionResolver - Resolved [org.springframework.web.HttpRequestMethodNotSupportedException: Request method 'GET' is not supported]
2026-05-13 17:01:04.551 WARN  [http-nio-8080-exec-8] o.s.w.s.m.m.a.ExceptionHandlerExceptionResolver - Resolved [org.springframework.web.servlet.NoHandlerFoundException: No endpoint GET /api/leave-encashment-requests.]
2026-05-13 17:01:04.564 WARN  [http-nio-8080-exec-4] o.s.web.servlet.PageNotFound - No mapping for GET /api/leave-encashment-requests
2026-05-13 17:01:04.565 WARN  [http-nio-8080-exec-4] o.s.w.s.m.m.a.ExceptionHandlerExceptionResolver - Resolved [org.springframework.web.servlet.NoHandlerFoundException: No endpoint GET /api/leave-encashment-requests.]
2026-05-13 17:01:04.565 WARN  [http-nio-8080-exec-10] o.s.w.s.m.m.a.ExceptionHandlerExceptionResolver - Resolved [org.springframework.web.HttpRequestMethodNotSupportedException: Request method 'GET' is not supported]
2026-05-13 17:01:04.576 WARN  [http-nio-8080-exec-7] o.s.web.servlet.PageNotFound - No mapping for GET /api/leave-encashment-requests
2026-05-13 17:01:04.577 WARN  [http-nio-8080-exec-6] o.s.w.s.m.m.a.ExceptionHandlerExceptionResolver - Resolved [org.springframework.web.HttpRequestMethodNotSupportedException: Request method 'GET' is not supported]
2026-05-13 17:01:04.577 WARN  [http-nio-8080-exec-7] o.s.w.s.m.m.a.ExceptionHandlerExceptionResolver - Resolved [org.springframework.web.servlet.NoHandlerFoundException: No endpoint GET /api/leave-encashment-requests.]
2026-05-13 17:01:04.587 WARN  [http-nio-8080-exec-5] o.s.web.servlet.PageNotFound - No mapping for GET /api/leave-encashment-requests
2026-05-13 17:01:04.589 WARN  [http-nio-8080-exec-3] o.s.w.s.m.m.a.ExceptionHandlerExceptionResolver - Resolved [org.springframework.web.HttpRequestMethodNotSupportedException: Request method 'GET' is not supported]
2026-05-13 17:01:04.589 WARN  [http-nio-8080-exec-5] o.s.w.s.m.m.a.ExceptionHandlerExceptionResolver - Resolved [org.springframework.web.servlet.NoHandlerFoundException: No endpoint GET /api/leave-encashment-requests.]
2026-05-13 17:01:04.600 WARN  [http-nio-8080-exec-1] o.s.web.servlet.PageNotFound - No mapping for GET /api/leave-encashment-requests
2026-05-13 17:01:04.601 WARN  [http-nio-8080-exec-1] o.s.w.s.m.m.a.ExceptionHandlerExceptionResolver - Resolved [org.springframework.web.servlet.NoHandlerFoundException: No endpoint GET /api/leave-encashment-requests.]
2026-05-13 17:01:04.601 WARN  [http-nio-8080-exec-9] o.s.w.s.m.m.a.ExceptionHandlerExceptionResolver - Resolved [org.springframework.web.HttpRequestMethodNotSupportedException: Request method 'GET' is not supported]
2026-05-13 17:01:04.614 WARN  [http-nio-8080-exec-2] o.s.web.servlet.PageNotFound - No mapping for GET /api/leave-encashment-requests
2026-05-13 17:01:04.615 WARN  [http-nio-8080-exec-2] o.s.w.s.m.m.a.ExceptionHandlerExceptionResolver - Resolved [org.springframework.web.servlet.NoHandlerFoundException: No endpoint GET /api/leave-encashment-requests.]
2026-05-13 17:01:04.615 WARN  [http-nio-8080-exec-8] o.s.w.s.m.m.a.ExceptionHandlerExceptionResolver - Resolved [org.springframework.web.HttpRequestMethodNotSupportedException: Request method 'GET' is not supported]
2026-05-13 17:01:04.628 WARN  [http-nio-8080-exec-4] o.s.web.servlet.PageNotFound - No mapping for GET /api/leave-encashment-requests
2026-05-13 17:01:04.629 WARN  [http-nio-8080-exec-10] o.s.w.s.m.m.a.ExceptionHandlerExceptionResolver - Resolved [org.springframework.web.HttpRequestMethodNotSupportedException: Request method 'GET' is not supported]
2026-05-13 17:01:04.629 WARN  [http-nio-8080-exec-4] o.s.w.s.m.m.a.ExceptionHandlerExceptionResolver - Resolved [org.springframework.web.servlet.NoHandlerFoundException: No endpoint GET /api/leave-encashment-requests.]
2026-05-13 17:01:04.641 WARN  [http-nio-8080-exec-7] o.s.web.servlet.PageNotFound - No mapping for GET /api/leave-encashment-requests
2026-05-13 17:01:04.642 WARN  [http-nio-8080-exec-6] o.s.w.s.m.m.a.ExceptionHandlerExceptionResolver - Resolved [org.springframework.web.HttpRequestMethodNotSupportedException: Request method 'GET' is not supported]
2026-05-13 17:01:04.642 WARN  [http-nio-8080-exec-7] o.s.w.s.m.m.a.ExceptionHandlerExceptionResolver - Resolved [org.springframework.web.servlet.NoHandlerFoundException: No endpoint GET /api/leave-encashment-requests.]
2026-05-13 17:01:04.655 WARN  [http-nio-8080-exec-5] o.s.web.servlet.PageNotFound - No mapping for GET /api/leave-encashment-requests
2026-05-13 17:01:04.656 WARN  [http-nio-8080-exec-5] o.s.w.s.m.m.a.ExceptionHandlerExceptionResolver - Resolved [org.springframework.web.servlet.NoHandlerFoundException: No endpoint GET /api/leave-encashment-requests.]
2026-05-13 17:01:04.656 WARN  [http-nio-8080-exec-3] o.s.w.s.m.m.a.ExceptionHandlerExceptionResolver - Resolved [org.springframework.web.HttpRequestMethodNotSupportedException: Request method 'GET' is not supported]
2026-05-13 17:01:04.668 WARN  [http-nio-8080-exec-1] o.s.web.servlet.PageNotFound - No mapping for GET /api/leave-encashment-requests
2026-05-13 17:01:04.669 WARN  [http-nio-8080-exec-1] o.s.w.s.m.m.a.ExceptionHandlerExceptionResolver - Resolved [org.springframework.web.servlet.NoHandlerFoundException: No endpoint GET /api/leave-encashment-requests.]
2026-05-13 17:01:04.670 WARN  [http-nio-8080-exec-9] o.s.w.s.m.m.a.ExceptionHandlerExceptionResolver - Resolved [org.springframework.web.HttpRequestMethodNotSupportedException: Request method 'GET' is not supported]
2026-05-13 17:01:04.682 WARN  [http-nio-8080-exec-2] o.s.web.servlet.PageNotFound - No mapping for GET /api/leave-encashment-requests
2026-05-13 17:01:04.683 WARN  [http-nio-8080-exec-8] o.s.w.s.m.m.a.ExceptionHandlerExceptionResolver - Resolved [org.springframework.web.HttpRequestMethodNotSupportedException: Request method 'GET' is not supported]
2026-05-13 17:01:04.683 WARN  [http-nio-8080-exec-2] o.s.w.s.m.m.a.ExceptionHandlerExceptionResolver - Resolved [org.springframework.web.servlet.NoHandlerFoundException: No endpoint GET /api/leave-encashment-requests.]
2026-05-13 17:01:04.701 WARN  [http-nio-8080-exec-4] o.s.web.servlet.PageNotFound - No mapping for GET /api/leave-encashment-requests
2026-05-13 17:01:04.702 WARN  [http-nio-8080-exec-4] o.s.w.s.m.m.a.ExceptionHandlerExceptionResolver - Resolved [org.springframework.web.servlet.NoHandlerFoundException: No endpoint GET /api/leave-encashment-requests.]
2026-05-13 17:01:04.702 WARN  [http-nio-8080-exec-10] o.s.w.s.m.m.a.ExceptionHandlerExceptionResolver - Resolved [org.springframework.web.HttpRequestMethodNotSupportedException: Request method 'GET' is not supported]
2026-05-13 17:01:04.719 WARN  [http-nio-8080-exec-7] o.s.web.servlet.PageNotFound - No mapping for GET /api/leave-encashment-requests
2026-05-13 17:01:04.720 WARN  [http-nio-8080-exec-6] o.s.w.s.m.m.a.ExceptionHandlerExceptionResolver - Resolved [org.springframework.web.HttpRequestMethodNotSupportedException: Request method 'GET' is not supported]
2026-05-13 17:01:04.720 WARN  [http-nio-8080-exec-7] o.s.w.s.m.m.a.ExceptionHandlerExceptionResolver - Resolved [org.springframework.web.servlet.NoHandlerFoundException: No endpoint GET /api/leave-encashment-requests.]
2026-05-13 17:01:04.733 WARN  [http-nio-8080-exec-3] o.s.web.servlet.PageNotFound - No mapping for GET /api/leave-encashment-requests
2026-05-13 17:01:04.734 WARN  [http-nio-8080-exec-3] o.s.w.s.m.m.a.ExceptionHandlerExceptionResolver - Resolved [org.springframework.web.servlet.NoHandlerFoundException: No endpoint GET /api/leave-encashment-requests.]
2026-05-13 17:01:04.734 WARN  [http-nio-8080-exec-5] o.s.w.s.m.m.a.ExceptionHandlerExceptionResolver - Resolved [org.springframework.web.HttpRequestMethodNotSupportedException: Request method 'GET' is not supported]
2026-05-13 17:01:04.749 WARN  [http-nio-8080-exec-1] o.s.web.servlet.PageNotFound - No mapping for GET /api/leave-encashment-requests
2026-05-13 17:01:04.749 WARN  [http-nio-8080-exec-9] o.s.w.s.m.m.a.ExceptionHandlerExceptionResolver - Resolved [org.springframework.web.HttpRequestMethodNotSupportedException: Request method 'GET' is not supported]
2026-05-13 17:01:04.750 WARN  [http-nio-8080-exec-1] o.s.w.s.m.m.a.ExceptionHandlerExceptionResolver - Resolved [org.springframework.web.servlet.NoHandlerFoundException: No endpoint GET /api/leave-encashment-requests.]
2026-05-13 17:01:04.762 WARN  [http-nio-8080-exec-2] o.s.w.s.m.m.a.ExceptionHandlerExceptionResolver - Resolved [org.springframework.web.HttpRequestMethodNotSupportedException: Request method 'GET' is not supported]
2026-05-13 17:01:04.762 WARN  [http-nio-8080-exec-8] o.s.web.servlet.PageNotFound - No mapping for GET /api/leave-encashment-requests
2026-05-13 17:01:04.763 WARN  [http-nio-8080-exec-8] o.s.w.s.m.m.a.ExceptionHandlerExceptionResolver - Resolved [org.springframework.web.servlet.NoHandlerFoundException: No endpoint GET /api/leave-encashment-requests.]
2026-05-13 17:01:04.777 WARN  [http-nio-8080-exec-10] o.s.web.servlet.PageNotFound - No mapping for GET /api/leave-encashment-requests
2026-05-13 17:01:04.777 WARN  [http-nio-8080-exec-10] o.s.w.s.m.m.a.ExceptionHandlerExceptionResolver - Resolved [org.springframework.web.servlet.NoHandlerFoundException: No endpoint GET /api/leave-encashment-requests.]
2026-05-13 17:01:04.777 WARN  [http-nio-8080-exec-4] o.s.w.s.m.m.a.ExceptionHandlerExceptionResolver - Resolved [org.springframework.web.HttpRequestMethodNotSupportedException: Request method 'GET' is not supported]
2026-05-13 17:01:04.790 WARN  [http-nio-8080-exec-7] o.s.web.servlet.PageNotFound - No mapping for GET /api/leave-encashment-requests
2026-05-13 17:01:04.791 WARN  [http-nio-8080-exec-6] o.s.w.s.m.m.a.ExceptionHandlerExceptionResolver - Resolved [org.springframework.web.HttpRequestMethodNotSupportedException: Request method 'GET' is not supported]
2026-05-13 17:01:04.791 WARN  [http-nio-8080-exec-7] o.s.w.s.m.m.a.ExceptionHandlerExceptionResolver - Resolved [org.springframework.web.servlet.NoHandlerFoundException: No endpoint GET /api/leave-encashment-requests.]
2026-05-13 17:01:04.802 WARN  [http-nio-8080-exec-3] o.s.w.s.m.m.a.ExceptionHandlerExceptionResolver - Resolved [org.springframework.web.HttpRequestMethodNotSupportedException: Request method 'GET' is not supported]
2026-05-13 17:01:04.802 WARN  [http-nio-8080-exec-5] o.s.web.servlet.PageNotFound - No mapping for GET /api/leave-encashment-requests
2026-05-13 17:01:04.803 WARN  [http-nio-8080-exec-5] o.s.w.s.m.m.a.ExceptionHandlerExceptionResolver - Resolved [org.springframework.web.servlet.NoHandlerFoundException: No endpoint GET /api/leave-encashment-requests.]
2026-05-13 17:01:04.815 WARN  [http-nio-8080-exec-1] o.s.web.servlet.PageNotFound - No mapping for GET /api/leave-encashment-requests
2026-05-13 17:01:04.815 WARN  [http-nio-8080-exec-9] o.s.w.s.m.m.a.ExceptionHandlerExceptionResolver - Resolved [org.springframework.web.HttpRequestMethodNotSupportedException: Request method 'GET' is not supported]
2026-05-13 17:01:04.815 WARN  [http-nio-8080-exec-1] o.s.w.s.m.m.a.ExceptionHandlerExceptionResolver - Resolved [org.springframework.web.servlet.NoHandlerFoundException: No endpoint GET /api/leave-encashment-requests.]
2026-05-13 17:01:04.825 WARN  [http-nio-8080-exec-8] o.s.web.servlet.PageNotFound - No mapping for GET /api/leave-encashment-requests
2026-05-13 17:01:04.826 WARN  [http-nio-8080-exec-8] o.s.w.s.m.m.a.ExceptionHandlerExceptionResolver - Resolved [org.springframework.web.servlet.NoHandlerFoundException: No endpoint GET /api/leave-encashment-requests.]
2026-05-13 17:01:04.827 WARN  [http-nio-8080-exec-2] o.s.w.s.m.m.a.ExceptionHandlerExceptionResolver - Resolved [org.springframework.web.HttpRequestMethodNotSupportedException: Request method 'GET' is not supported]
2026-05-13 17:01:04.835 WARN  [http-nio-8080-exec-10] o.s.web.servlet.PageNotFound - No mapping for GET /api/leave-encashment-requests
2026-05-13 17:01:04.836 WARN  [http-nio-8080-exec-10] o.s.w.s.m.m.a.ExceptionHandlerExceptionResolver - Resolved [org.springframework.web.servlet.NoHandlerFoundException: No endpoint GET /api/leave-encashment-requests.]
2026-05-13 17:01:04.838 WARN  [http-nio-8080-exec-4] o.s.w.s.m.m.a.ExceptionHandlerExceptionResolver - Resolved [org.springframework.web.HttpRequestMethodNotSupportedException: Request method 'GET' is not supported]
2026-05-13 17:01:04.848 WARN  [http-nio-8080-exec-7] o.s.web.servlet.PageNotFound - No mapping for GET /api/leave-encashment-requests
2026-05-13 17:01:04.849 WARN  [http-nio-8080-exec-6] o.s.w.s.m.m.a.ExceptionHandlerExceptionResolver - Resolved [org.springframework.web.HttpRequestMethodNotSupportedException: Request method 'GET' is not supported]
2026-05-13 17:01:04.849 WARN  [http-nio-8080-exec-7] o.s.w.s.m.m.a.ExceptionHandlerExceptionResolver - Resolved [org.springframework.web.servlet.NoHandlerFoundException: No endpoint GET /api/leave-encashment-requests.]
2026-05-13 17:01:04.859 WARN  [http-nio-8080-exec-5] o.s.web.servlet.PageNotFound - No mapping for GET /api/leave-encashment-requests
2026-05-13 17:01:04.860 WARN  [http-nio-8080-exec-5] o.s.w.s.m.m.a.ExceptionHandlerExceptionResolver - Resolved [org.springframework.web.servlet.NoHandlerFoundException: No endpoint GET /api/leave-encashment-requests.]
2026-05-13 17:01:04.861 WARN  [http-nio-8080-exec-3] o.s.w.s.m.m.a.ExceptionHandlerExceptionResolver - Resolved [org.springframework.web.HttpRequestMethodNotSupportedException: Request method 'GET' is not supported]
2026-05-13 17:01:04.875 WARN  [http-nio-8080-exec-9] o.s.web.servlet.PageNotFound - No mapping for GET /api/leave-encashment-requests
2026-05-13 17:01:04.875 WARN  [http-nio-8080-exec-1] o.s.w.s.m.m.a.ExceptionHandlerExceptionResolver - Resolved [org.springframework.web.HttpRequestMethodNotSupportedException: Request method 'GET' is not supported]
2026-05-13 17:01:04.876 WARN  [http-nio-8080-exec-9] o.s.w.s.m.m.a.ExceptionHandlerExceptionResolver - Resolved [org.springframework.web.servlet.NoHandlerFoundException: No endpoint GET /api/leave-encashment-requests.]
2026-05-13 17:01:04.889 WARN  [http-nio-8080-exec-2] o.s.web.servlet.PageNotFound - No mapping for GET /api/leave-encashment-requests
2026-05-13 17:01:04.890 WARN  [http-nio-8080-exec-2] o.s.w.s.m.m.a.ExceptionHandlerExceptionResolver - Resolved [org.springframework.web.servlet.NoHandlerFoundException: No endpoint GET /api/leave-encashment-requests.]
2026-05-13 17:01:04.890 WARN  [http-nio-8080-exec-8] o.s.w.s.m.m.a.ExceptionHandlerExceptionResolver - Resolved [org.springframework.web.HttpRequestMethodNotSupportedException: Request method 'GET' is not supported]
2026-05-13 17:01:04.901 WARN  [http-nio-8080-exec-4] o.s.web.servlet.PageNotFound - No mapping for GET /api/leave-encashment-requests
2026-05-13 17:01:04.902 WARN  [http-nio-8080-exec-4] o.s.w.s.m.m.a.ExceptionHandlerExceptionResolver - Resolved [org.springframework.web.servlet.NoHandlerFoundException: No endpoint GET /api/leave-encashment-requests.]
2026-05-13 17:01:04.903 WARN  [http-nio-8080-exec-10] o.s.w.s.m.m.a.ExceptionHandlerExceptionResolver - Resolved [org.springframework.web.HttpRequestMethodNotSupportedException: Request method 'GET' is not supported]
2026-05-13 17:01:04.917 WARN  [http-nio-8080-exec-6] o.s.web.servlet.PageNotFound - No mapping for GET /api/leave-encashment-requests
2026-05-13 17:01:04.917 WARN  [http-nio-8080-exec-7] o.s.w.s.m.m.a.ExceptionHandlerExceptionResolver - Resolved [org.springframework.web.HttpRequestMethodNotSupportedException: Request method 'GET' is not supported]
2026-05-13 17:01:04.918 WARN  [http-nio-8080-exec-6] o.s.w.s.m.m.a.ExceptionHandlerExceptionResolver - Resolved [org.springframework.web.servlet.NoHandlerFoundException: No endpoint GET /api/leave-encashment-requests.]
2026-05-13 17:01:04.933 WARN  [http-nio-8080-exec-3] o.s.web.servlet.PageNotFound - No mapping for GET /api/leave-encashment-requests
2026-05-13 17:01:04.933 WARN  [http-nio-8080-exec-3] o.s.w.s.m.m.a.ExceptionHandlerExceptionResolver - Resolved [org.springframework.web.servlet.NoHandlerFoundException: No endpoint GET /api/leave-encashment-requests.]
2026-05-13 17:01:04.933 WARN  [http-nio-8080-exec-5] o.s.w.s.m.m.a.ExceptionHandlerExceptionResolver - Resolved [org.springframework.web.HttpRequestMethodNotSupportedException: Request method 'GET' is not supported]
2026-05-13 17:01:04.943 WARN  [http-nio-8080-exec-1] o.s.web.servlet.PageNotFound - No mapping for GET /api/leave-encashment-requests
2026-05-13 17:01:04.943 WARN  [http-nio-8080-exec-1] o.s.w.s.m.m.a.ExceptionHandlerExceptionResolver - Resolved [org.springframework.web.servlet.NoHandlerFoundException: No endpoint GET /api/leave-encashment-requests.]
2026-05-13 17:01:04.945 WARN  [http-nio-8080-exec-9] o.s.w.s.m.m.a.ExceptionHandlerExceptionResolver - Resolved [org.springframework.web.HttpRequestMethodNotSupportedException: Request method 'GET' is not supported]
2026-05-13 17:01:04.955 WARN  [http-nio-8080-exec-2] o.s.web.servlet.PageNotFound - No mapping for GET /api/leave-encashment-requests
2026-05-13 17:01:04.955 WARN  [http-nio-8080-exec-8] o.s.w.s.m.m.a.ExceptionHandlerExceptionResolver - Resolved [org.springframework.web.HttpRequestMethodNotSupportedException: Request method 'GET' is not supported]
2026-05-13 17:01:04.955 WARN  [http-nio-8080-exec-2] o.s.w.s.m.m.a.ExceptionHandlerExceptionResolver - Resolved [org.springframework.web.servlet.NoHandlerFoundException: No endpoint GET /api/leave-encashment-requests.]
2026-05-13 17:01:04.971 WARN  [http-nio-8080-exec-10] o.s.web.servlet.PageNotFound - No mapping for GET /api/leave-encashment-requests
2026-05-13 17:01:04.971 WARN  [http-nio-8080-exec-4] o.s.w.s.m.m.a.ExceptionHandlerExceptionResolver - Resolved [org.springframework.web.HttpRequestMethodNotSupportedException: Request method 'GET' is not supported]
2026-05-13 17:01:04.972 WARN  [http-nio-8080-exec-10] o.s.w.s.m.m.a.ExceptionHandlerExceptionResolver - Resolved [org.springframework.web.servlet.NoHandlerFoundException: No endpoint GET /api/leave-encashment-requests.]
2026-05-13 17:01:04.984 WARN  [http-nio-8080-exec-6] o.s.web.servlet.PageNotFound - No mapping for GET /api/leave-encashment-requests
2026-05-13 17:01:04.984 WARN  [http-nio-8080-exec-6] o.s.w.s.m.m.a.ExceptionHandlerExceptionResolver - Resolved [org.springframework.web.servlet.NoHandlerFoundException: No endpoint GET /api/leave-encashment-requests.]
2026-05-13 17:01:04.984 WARN  [http-nio-8080-exec-7] o.s.w.s.m.m.a.ExceptionHandlerExceptionResolver - Resolved [org.springframework.web.HttpRequestMethodNotSupportedException: Request method 'GET' is not supported]
2026-05-13 17:01:04.996 WARN  [http-nio-8080-exec-3] o.s.web.servlet.PageNotFound - No mapping for GET /api/leave-encashment-requests
2026-05-13 17:01:04.997 WARN  [http-nio-8080-exec-5] o.s.w.s.m.m.a.ExceptionHandlerExceptionResolver - Resolved [org.springframework.web.HttpRequestMethodNotSupportedException: Request method 'GET' is not supported]
2026-05-13 17:01:04.997 WARN  [http-nio-8080-exec-3] o.s.w.s.m.m.a.ExceptionHandlerExceptionResolver - Resolved [org.springframework.web.servlet.NoHandlerFoundException: No endpoint GET /api/leave-encashment-requests.]
2026-05-13 17:01:05.009 WARN  [http-nio-8080-exec-9] o.s.web.servlet.PageNotFound - No mapping for GET /api/leave-encashment-requests
2026-05-13 17:01:05.009 WARN  [http-nio-8080-exec-1] o.s.w.s.m.m.a.ExceptionHandlerExceptionResolver - Resolved [org.springframework.web.HttpRequestMethodNotSupportedException: Request method 'GET' is not supported]
2026-05-13 17:01:05.009 WARN  [http-nio-8080-exec-9] o.s.w.s.m.m.a.ExceptionHandlerExceptionResolver - Resolved [org.springframework.web.servlet.NoHandlerFoundException: No endpoint GET /api/leave-encashment-requests.]
2026-05-13 17:01:05.019 WARN  [http-nio-8080-exec-8] o.s.w.s.m.m.a.ExceptionHandlerExceptionResolver - Resolved [org.springframework.web.HttpRequestMethodNotSupportedException: Request method 'GET' is not supported]
2026-05-13 17:01:05.019 WARN  [http-nio-8080-exec-2] o.s.web.servlet.PageNotFound - No mapping for GET /api/leave-encashment-requests
2026-05-13 17:01:05.019 WARN  [http-nio-8080-exec-2] o.s.w.s.m.m.a.ExceptionHandlerExceptionResolver - Resolved [org.springframework.web.servlet.NoHandlerFoundException: No endpoint GET /api/leave-encashment-requests.]
2026-05-13 17:01:05.033 WARN  [http-nio-8080-exec-10] o.s.web.servlet.PageNotFound - No mapping for GET /api/leave-encashment-requests
2026-05-13 17:01:05.033 WARN  [http-nio-8080-exec-4] o.s.w.s.m.m.a.ExceptionHandlerExceptionResolver - Resolved [org.springframework.web.HttpRequestMethodNotSupportedException: Request method 'GET' is not supported]
2026-05-13 17:01:05.033 WARN  [http-nio-8080-exec-10] o.s.w.s.m.m.a.ExceptionHandlerExceptionResolver - Resolved [org.springframework.web.servlet.NoHandlerFoundException: No endpoint GET /api/leave-encashment-requests.]
2026-05-13 17:01:05.046 WARN  [http-nio-8080-exec-7] o.s.web.servlet.PageNotFound - No mapping for GET /api/leave-encashment-requests
2026-05-13 17:01:05.047 WARN  [http-nio-8080-exec-7] o.s.w.s.m.m.a.ExceptionHandlerExceptionResolver - Resolved [org.springframework.web.servlet.NoHandlerFoundException: No endpoint GET /api/leave-encashment-requests.]
2026-05-13 17:01:05.047 WARN  [http-nio-8080-exec-6] o.s.w.s.m.m.a.ExceptionHandlerExceptionResolver - Resolved [org.springframework.web.HttpRequestMethodNotSupportedException: Request method 'GET' is not supported]
2026-05-13 17:01:05.058 WARN  [http-nio-8080-exec-3] o.s.web.servlet.PageNotFound - No mapping for GET /api/leave-encashment-requests
2026-05-13 17:01:05.059 WARN  [http-nio-8080-exec-3] o.s.w.s.m.m.a.ExceptionHandlerExceptionResolver - Resolved [org.springframework.web.servlet.NoHandlerFoundException: No endpoint GET /api/leave-encashment-requests.]
2026-05-13 17:01:05.060 WARN  [http-nio-8080-exec-5] o.s.w.s.m.m.a.ExceptionHandlerExceptionResolver - Resolved [org.springframework.web.HttpRequestMethodNotSupportedException: Request method 'GET' is not supported]
2026-05-13 17:01:05.069 WARN  [http-nio-8080-exec-9] o.s.w.s.m.m.a.ExceptionHandlerExceptionResolver - Resolved [org.springframework.web.HttpRequestMethodNotSupportedException: Request method 'GET' is not supported]
2026-05-13 17:01:05.070 WARN  [http-nio-8080-exec-1] o.s.web.servlet.PageNotFound - No mapping for GET /api/leave-encashment-requests
2026-05-13 17:01:05.071 WARN  [http-nio-8080-exec-1] o.s.w.s.m.m.a.ExceptionHandlerExceptionResolver - Resolved [org.springframework.web.servlet.NoHandlerFoundException: No endpoint GET /api/leave-encashment-requests.]
2026-05-13 17:01:05.085 WARN  [http-nio-8080-exec-2] o.s.web.servlet.PageNotFound - No mapping for GET /api/leave-encashment-requests
2026-05-13 17:01:05.086 WARN  [http-nio-8080-exec-8] o.s.w.s.m.m.a.ExceptionHandlerExceptionResolver - Resolved [org.springframework.web.HttpRequestMethodNotSupportedException: Request method 'GET' is not supported]
2026-05-13 17:01:05.086 WARN  [http-nio-8080-exec-2] o.s.w.s.m.m.a.ExceptionHandlerExceptionResolver - Resolved [org.springframework.web.servlet.NoHandlerFoundException: No endpoint GET /api/leave-encashment-requests.]
2026-05-13 17:01:05.099 WARN  [http-nio-8080-exec-10] o.s.web.servlet.PageNotFound - No mapping for GET /api/leave-encashment-requests
2026-05-13 17:01:05.100 WARN  [http-nio-8080-exec-10] o.s.w.s.m.m.a.ExceptionHandlerExceptionResolver - Resolved [org.springframework.web.servlet.NoHandlerFoundException: No endpoint GET /api/leave-encashment-requests.]
2026-05-13 17:01:05.100 WARN  [http-nio-8080-exec-4] o.s.w.s.m.m.a.ExceptionHandlerExceptionResolver - Resolved [org.springframework.web.HttpRequestMethodNotSupportedException: Request method 'GET' is not supported]
2026-05-13 17:01:05.110 WARN  [http-nio-8080-exec-7] o.s.w.s.m.m.a.ExceptionHandlerExceptionResolver - Resolved [org.springframework.web.HttpRequestMethodNotSupportedException: Request method 'GET' is not supported]
2026-05-13 17:01:05.111 WARN  [http-nio-8080-exec-6] o.s.web.servlet.PageNotFound - No mapping for GET /api/leave-encashment-requests
2026-05-13 17:01:05.112 WARN  [http-nio-8080-exec-6] o.s.w.s.m.m.a.ExceptionHandlerExceptionResolver - Resolved [org.springframework.web.servlet.NoHandlerFoundException: No endpoint GET /api/leave-encashment-requests.]
2026-05-13 17:01:05.123 WARN  [http-nio-8080-exec-5] o.s.web.servlet.PageNotFound - No mapping for GET /api/leave-encashment-requests
2026-05-13 17:01:05.123 WARN  [http-nio-8080-exec-3] o.s.w.s.m.m.a.ExceptionHandlerExceptionResolver - Resolved [org.springframework.web.HttpRequestMethodNotSupportedException: Request method 'GET' is not supported]
2026-05-13 17:01:05.124 WARN  [http-nio-8080-exec-5] o.s.w.s.m.m.a.ExceptionHandlerExceptionResolver - Resolved [org.springframework.web.servlet.NoHandlerFoundException: No endpoint GET /api/leave-encashment-requests.]
2026-05-13 17:01:05.136 WARN  [http-nio-8080-exec-9] o.s.w.s.m.m.a.ExceptionHandlerExceptionResolver - Resolved [org.springframework.web.HttpRequestMethodNotSupportedException: Request method 'GET' is not supported]
2026-05-13 17:01:05.136 WARN  [http-nio-8080-exec-1] o.s.web.servlet.PageNotFound - No mapping for GET /api/leave-encashment-requests
2026-05-13 17:01:05.137 WARN  [http-nio-8080-exec-1] o.s.w.s.m.m.a.ExceptionHandlerExceptionResolver - Resolved [org.springframework.web.servlet.NoHandlerFoundException: No endpoint GET /api/leave-encashment-requests.]
2026-05-13 17:01:05.149 WARN  [http-nio-8080-exec-8] o.s.w.s.m.m.a.ExceptionHandlerExceptionResolver - Resolved [org.springframework.web.HttpRequestMethodNotSupportedException: Request method 'GET' is not supported]
2026-05-13 17:01:05.149 WARN  [http-nio-8080-exec-2] o.s.web.servlet.PageNotFound - No mapping for GET /api/leave-encashment-requests
2026-05-13 17:01:05.150 WARN  [http-nio-8080-exec-2] o.s.w.s.m.m.a.ExceptionHandlerExceptionResolver - Resolved [org.springframework.web.servlet.NoHandlerFoundException: No endpoint GET /api/leave-encashment-requests.]
2026-05-13 17:01:05.162 WARN  [http-nio-8080-exec-10] o.s.w.s.m.m.a.ExceptionHandlerExceptionResolver - Resolved [org.springframework.web.HttpRequestMethodNotSupportedException: Request method 'GET' is not supported]
2026-05-13 17:01:05.162 WARN  [http-nio-8080-exec-4] o.s.web.servlet.PageNotFound - No mapping for GET /api/leave-encashment-requests
2026-05-13 17:01:05.163 WARN  [http-nio-8080-exec-4] o.s.w.s.m.m.a.ExceptionHandlerExceptionResolver - Resolved [org.springframework.web.servlet.NoHandlerFoundException: No endpoint GET /api/leave-encashment-requests.]
2026-05-13 17:01:05.174 WARN  [http-nio-8080-exec-6] o.s.web.servlet.PageNotFound - No mapping for GET /api/leave-encashment-requests
2026-05-13 17:01:05.174 WARN  [http-nio-8080-exec-6] o.s.w.s.m.m.a.ExceptionHandlerExceptionResolver - Resolved [org.springframework.web.servlet.NoHandlerFoundException: No endpoint GET /api/leave-encashment-requests.]
2026-05-13 17:01:05.174 WARN  [http-nio-8080-exec-7] o.s.w.s.m.m.a.ExceptionHandlerExceptionResolver - Resolved [org.springframework.web.HttpRequestMethodNotSupportedException: Request method 'GET' is not supported]
2026-05-13 17:01:05.183 WARN  [http-nio-8080-exec-3] o.s.web.servlet.PageNotFound - No mapping for GET /api/leave-encashment-requests
2026-05-13 17:01:05.184 WARN  [http-nio-8080-exec-3] o.s.w.s.m.m.a.ExceptionHandlerExceptionResolver - Resolved [org.springframework.web.servlet.NoHandlerFoundException: No endpoint GET /api/leave-encashment-requests.]
2026-05-13 17:01:05.185 WARN  [http-nio-8080-exec-5] o.s.w.s.m.m.a.ExceptionHandlerExceptionResolver - Resolved [org.springframework.web.HttpRequestMethodNotSupportedException: Request method 'GET' is not supported]
2026-05-13 17:01:05.197 WARN  [http-nio-8080-exec-1] o.s.w.s.m.m.a.ExceptionHandlerExceptionResolver - Resolved [org.springframework.web.HttpRequestMethodNotSupportedException: Request method 'GET' is not supported]
2026-05-13 17:01:05.197 WARN  [http-nio-8080-exec-9] o.s.web.servlet.PageNotFound - No mapping for GET /api/leave-encashment-requests
2026-05-13 17:01:05.198 WARN  [http-nio-8080-exec-9] o.s.w.s.m.m.a.ExceptionHandlerExceptionResolver - Resolved [org.springframework.web.servlet.NoHandlerFoundException: No endpoint GET /api/leave-encashment-requests.]
2026-05-13 17:01:05.210 WARN  [http-nio-8080-exec-8] o.s.w.s.m.m.a.ExceptionHandlerExceptionResolver - Resolved [org.springframework.web.HttpRequestMethodNotSupportedException: Request method 'GET' is not supported]
2026-05-13 17:01:05.210 WARN  [http-nio-8080-exec-2] o.s.web.servlet.PageNotFound - No mapping for GET /api/leave-encashment-requests
2026-05-13 17:01:05.211 WARN  [http-nio-8080-exec-2] o.s.w.s.m.m.a.ExceptionHandlerExceptionResolver - Resolved [org.springframework.web.servlet.NoHandlerFoundException: No endpoint GET /api/leave-encashment-requests.]
2026-05-13 17:01:05.219 WARN  [http-nio-8080-exec-4] o.s.web.servlet.PageNotFound - No mapping for GET /api/leave-encashment-requests
2026-05-13 17:01:05.220 WARN  [http-nio-8080-exec-4] o.s.w.s.m.m.a.ExceptionHandlerExceptionResolver - Resolved [org.springframework.web.servlet.NoHandlerFoundException: No endpoint GET /api/leave-encashment-requests.]
2026-05-13 17:01:05.221 WARN  [http-nio-8080-exec-10] o.s.w.s.m.m.a.ExceptionHandlerExceptionResolver - Resolved [org.springframework.web.HttpRequestMethodNotSupportedException: Request method 'GET' is not supported]
2026-05-13 17:01:05.234 WARN  [http-nio-8080-exec-6] o.s.web.servlet.PageNotFound - No mapping for GET /api/leave-encashment-requests
2026-05-13 17:01:05.234 WARN  [http-nio-8080-exec-7] o.s.w.s.m.m.a.ExceptionHandlerExceptionResolver - Resolved [org.springframework.web.HttpRequestMethodNotSupportedException: Request method 'GET' is not supported]
2026-05-13 17:01:05.235 WARN  [http-nio-8080-exec-6] o.s.w.s.m.m.a.ExceptionHandlerExceptionResolver - Resolved [org.springframework.web.servlet.NoHandlerFoundException: No endpoint GET /api/leave-encashment-requests.]
2026-05-13 17:01:05.246 WARN  [http-nio-8080-exec-5] o.s.web.servlet.PageNotFound - No mapping for GET /api/leave-encashment-requests
2026-05-13 17:01:05.246 WARN  [http-nio-8080-exec-3] o.s.w.s.m.m.a.ExceptionHandlerExceptionResolver - Resolved [org.springframework.web.HttpRequestMethodNotSupportedException: Request method 'GET' is not supported]
2026-05-13 17:01:05.247 WARN  [http-nio-8080-exec-5] o.s.w.s.m.m.a.ExceptionHandlerExceptionResolver - Resolved [org.springframework.web.servlet.NoHandlerFoundException: No endpoint GET /api/leave-encashment-requests.]
2026-05-13 17:01:05.258 WARN  [http-nio-8080-exec-1] o.s.w.s.m.m.a.ExceptionHandlerExceptionResolver - Resolved [org.springframework.web.HttpRequestMethodNotSupportedException: Request method 'GET' is not supported]
2026-05-13 17:01:05.258 WARN  [http-nio-8080-exec-9] o.s.web.servlet.PageNotFound - No mapping for GET /api/leave-encashment-requests
2026-05-13 17:01:05.259 WARN  [http-nio-8080-exec-9] o.s.w.s.m.m.a.ExceptionHandlerExceptionResolver - Resolved [org.springframework.web.servlet.NoHandlerFoundException: No endpoint GET /api/leave-encashment-requests.]
2026-05-13 17:01:05.268 WARN  [http-nio-8080-exec-2] o.s.web.servlet.PageNotFound - No mapping for GET /api/leave-encashment-requests
2026-05-13 17:01:05.269 WARN  [http-nio-8080-exec-8] o.s.w.s.m.m.a.ExceptionHandlerExceptionResolver - Resolved [org.springframework.web.HttpRequestMethodNotSupportedException: Request method 'GET' is not supported]
2026-05-13 17:01:05.270 WARN  [http-nio-8080-exec-2] o.s.w.s.m.m.a.ExceptionHandlerExceptionResolver - Resolved [org.springframework.web.servlet.NoHandlerFoundException: No endpoint GET /api/leave-encashment-requests.]
2026-05-13 17:01:05.283 WARN  [http-nio-8080-exec-10] o.s.web.servlet.PageNotFound - No mapping for GET /api/leave-encashment-requests
2026-05-13 17:01:05.283 WARN  [http-nio-8080-exec-4] o.s.w.s.m.m.a.ExceptionHandlerExceptionResolver - Resolved [org.springframework.web.HttpRequestMethodNotSupportedException: Request method 'GET' is not supported]
2026-05-13 17:01:05.284 WARN  [http-nio-8080-exec-10] o.s.w.s.m.m.a.ExceptionHandlerExceptionResolver - Resolved [org.springframework.web.servlet.NoHandlerFoundException: No endpoint GET /api/leave-encashment-requests.]
2026-05-13 17:01:05.295 WARN  [http-nio-8080-exec-7] o.s.w.s.m.m.a.ExceptionHandlerExceptionResolver - Resolved [org.springframework.web.HttpRequestMethodNotSupportedException: Request method 'GET' is not supported]
2026-05-13 17:01:05.295 WARN  [http-nio-8080-exec-6] o.s.web.servlet.PageNotFound - No mapping for GET /api/leave-encashment-requests
2026-05-13 17:01:05.297 WARN  [http-nio-8080-exec-6] o.s.w.s.m.m.a.ExceptionHandlerExceptionResolver - Resolved [org.springframework.web.servlet.NoHandlerFoundException: No endpoint GET /api/leave-encashment-requests.]
2026-05-13 17:01:05.309 WARN  [http-nio-8080-exec-5] o.s.web.servlet.PageNotFound - No mapping for GET /api/leave-encashment-requests
2026-05-13 17:01:05.309 WARN  [http-nio-8080-exec-3] o.s.w.s.m.m.a.ExceptionHandlerExceptionResolver - Resolved [org.springframework.web.HttpRequestMethodNotSupportedException: Request method 'GET' is not supported]
2026-05-13 17:01:05.309 WARN  [http-nio-8080-exec-5] o.s.w.s.m.m.a.ExceptionHandlerExceptionResolver - Resolved [org.springframework.web.servlet.NoHandlerFoundException: No endpoint GET /api/leave-encashment-requests.]
2026-05-13 17:01:05.317 WARN  [http-nio-8080-exec-9] o.s.web.servlet.PageNotFound - No mapping for GET /api/leave-encashment-requests
2026-05-13 17:01:05.318 WARN  [http-nio-8080-exec-1] o.s.w.s.m.m.a.ExceptionHandlerExceptionResolver - Resolved [org.springframework.web.HttpRequestMethodNotSupportedException: Request method 'GET' is not supported]
2026-05-13 17:01:05.318 WARN  [http-nio-8080-exec-9] o.s.w.s.m.m.a.ExceptionHandlerExceptionResolver - Resolved [org.springframework.web.servlet.NoHandlerFoundException: No endpoint GET /api/leave-encashment-requests.]
2026-05-13 17:01:05.329 WARN  [http-nio-8080-exec-8] o.s.w.s.m.m.a.ExceptionHandlerExceptionResolver - Resolved [org.springframework.web.HttpRequestMethodNotSupportedException: Request method 'GET' is not supported]
2026-05-13 17:01:05.329 WARN  [http-nio-8080-exec-2] o.s.web.servlet.PageNotFound - No mapping for GET /api/leave-encashment-requests
2026-05-13 17:01:05.330 WARN  [http-nio-8080-exec-2] o.s.w.s.m.m.a.ExceptionHandlerExceptionResolver - Resolved [org.springframework.web.servlet.NoHandlerFoundException: No endpoint GET /api/leave-encashment-requests.]
2026-05-13 17:01:05.344 WARN  [http-nio-8080-exec-10] o.s.web.servlet.PageNotFound - No mapping for GET /api/leave-encashment-requests
2026-05-13 17:01:05.345 WARN  [http-nio-8080-exec-4] o.s.w.s.m.m.a.ExceptionHandlerExceptionResolver - Resolved [org.springframework.web.HttpRequestMethodNotSupportedException: Request method 'GET' is not supported]
2026-05-13 17:01:05.345 WARN  [http-nio-8080-exec-10] o.s.w.s.m.m.a.ExceptionHandlerExceptionResolver - Resolved [org.springframework.web.servlet.NoHandlerFoundException: No endpoint GET /api/leave-encashment-requests.]
2026-05-13 17:01:05.357 WARN  [http-nio-8080-exec-6] o.s.web.servlet.PageNotFound - No mapping for GET /api/leave-encashment-requests
2026-05-13 17:01:05.358 WARN  [http-nio-8080-exec-7] o.s.w.s.m.m.a.ExceptionHandlerExceptionResolver - Resolved [org.springframework.web.HttpRequestMethodNotSupportedException: Request method 'GET' is not supported]
2026-05-13 17:01:05.358 WARN  [http-nio-8080-exec-6] o.s.w.s.m.m.a.ExceptionHandlerExceptionResolver - Resolved [org.springframework.web.servlet.NoHandlerFoundException: No endpoint GET /api/leave-encashment-requests.]
2026-05-13 17:01:05.370 WARN  [http-nio-8080-exec-3] o.s.web.servlet.PageNotFound - No mapping for GET /api/leave-encashment-requests
2026-05-13 17:01:05.371 WARN  [http-nio-8080-exec-3] o.s.w.s.m.m.a.ExceptionHandlerExceptionResolver - Resolved [org.springframework.web.servlet.NoHandlerFoundException: No endpoint GET /api/leave-encashment-requests.]
2026-05-13 17:01:05.371 WARN  [http-nio-8080-exec-5] o.s.w.s.m.m.a.ExceptionHandlerExceptionResolver - Resolved [org.springframework.web.HttpRequestMethodNotSupportedException: Request method 'GET' is not supported]
2026-05-13 17:01:05.384 WARN  [http-nio-8080-exec-1] o.s.web.servlet.PageNotFound - No mapping for GET /api/leave-encashment-requests
2026-05-13 17:01:05.384 WARN  [http-nio-8080-exec-9] o.s.w.s.m.m.a.ExceptionHandlerExceptionResolver - Resolved [org.springframework.web.HttpRequestMethodNotSupportedException: Request method 'GET' is not supported]
2026-05-13 17:01:05.385 WARN  [http-nio-8080-exec-1] o.s.w.s.m.m.a.ExceptionHandlerExceptionResolver - Resolved [org.springframework.web.servlet.NoHandlerFoundException: No endpoint GET /api/leave-encashment-requests.]
2026-05-13 17:01:05.395 WARN  [http-nio-8080-exec-2] o.s.web.servlet.PageNotFound - No mapping for GET /api/leave-encashment-requests
2026-05-13 17:01:05.397 WARN  [http-nio-8080-exec-8] o.s.w.s.m.m.a.ExceptionHandlerExceptionResolver - Resolved [org.springframework.web.HttpRequestMethodNotSupportedException: Request method 'GET' is not supported]
2026-05-13 17:01:05.397 WARN  [http-nio-8080-exec-2] o.s.w.s.m.m.a.ExceptionHandlerExceptionResolver - Resolved [org.springframework.web.servlet.NoHandlerFoundException: No endpoint GET /api/leave-encashment-requests.]
2026-05-13 17:01:05.406 WARN  [http-nio-8080-exec-10] o.s.web.servlet.PageNotFound - No mapping for GET /api/leave-encashment-requests
2026-05-13 17:01:05.407 WARN  [http-nio-8080-exec-10] o.s.w.s.m.m.a.ExceptionHandlerExceptionResolver - Resolved [org.springframework.web.servlet.NoHandlerFoundException: No endpoint GET /api/leave-encashment-requests.]
2026-05-13 17:01:05.408 WARN  [http-nio-8080-exec-4] o.s.w.s.m.m.a.ExceptionHandlerExceptionResolver - Resolved [org.springframework.web.HttpRequestMethodNotSupportedException: Request method 'GET' is not supported]
2026-05-13 17:01:05.418 WARN  [http-nio-8080-exec-7] o.s.web.servlet.PageNotFound - No mapping for GET /api/leave-encashment-requests
2026-05-13 17:01:05.418 WARN  [http-nio-8080-exec-7] o.s.w.s.m.m.a.ExceptionHandlerExceptionResolver - Resolved [org.springframework.web.servlet.NoHandlerFoundException: No endpoint GET /api/leave-encashment-requests.]
2026-05-13 17:01:05.418 WARN  [http-nio-8080-exec-6] o.s.w.s.m.m.a.ExceptionHandlerExceptionResolver - Resolved [org.springframework.web.HttpRequestMethodNotSupportedException: Request method 'GET' is not supported]
2026-05-13 17:01:05.430 WARN  [http-nio-8080-exec-3] o.s.web.servlet.PageNotFound - No mapping for GET /api/leave-encashment-requests
2026-05-13 17:01:05.430 WARN  [http-nio-8080-exec-5] o.s.w.s.m.m.a.ExceptionHandlerExceptionResolver - Resolved [org.springframework.web.HttpRequestMethodNotSupportedException: Request method 'GET' is not supported]
2026-05-13 17:01:05.431 WARN  [http-nio-8080-exec-3] o.s.w.s.m.m.a.ExceptionHandlerExceptionResolver - Resolved [org.springframework.web.servlet.NoHandlerFoundException: No endpoint GET /api/leave-encashment-requests.]
2026-05-13 17:01:05.444 WARN  [http-nio-8080-exec-1] o.s.web.servlet.PageNotFound - No mapping for GET /api/leave-encashment-requests
2026-05-13 17:01:05.444 WARN  [http-nio-8080-exec-1] o.s.w.s.m.m.a.ExceptionHandlerExceptionResolver - Resolved [org.springframework.web.servlet.NoHandlerFoundException: No endpoint GET /api/leave-encashment-requests.]
2026-05-13 17:01:05.444 WARN  [http-nio-8080-exec-9] o.s.w.s.m.m.a.ExceptionHandlerExceptionResolver - Resolved [org.springframework.web.HttpRequestMethodNotSupportedException: Request method 'GET' is not supported]
2026-05-13 17:01:05.455 WARN  [http-nio-8080-exec-8] o.s.web.servlet.PageNotFound - No mapping for GET /api/leave-encashment-requests
2026-05-13 17:01:05.456 WARN  [http-nio-8080-exec-8] o.s.w.s.m.m.a.ExceptionHandlerExceptionResolver - Resolved [org.springframework.web.servlet.NoHandlerFoundException: No endpoint GET /api/leave-encashment-requests.]
2026-05-13 17:01:05.457 WARN  [http-nio-8080-exec-2] o.s.w.s.m.m.a.ExceptionHandlerExceptionResolver - Resolved [org.springframework.web.HttpRequestMethodNotSupportedException: Request method 'GET' is not supported]
2026-05-13 17:01:05.468 WARN  [http-nio-8080-exec-4] o.s.w.s.m.m.a.ExceptionHandlerExceptionResolver - Resolved [org.springframework.web.HttpRequestMethodNotSupportedException: Request method 'GET' is not supported]
2026-05-13 17:01:05.468 WARN  [http-nio-8080-exec-10] o.s.web.servlet.PageNotFound - No mapping for GET /api/leave-encashment-requests
2026-05-13 17:01:05.469 WARN  [http-nio-8080-exec-10] o.s.w.s.m.m.a.ExceptionHandlerExceptionResolver - Resolved [org.springframework.web.servlet.NoHandlerFoundException: No endpoint GET /api/leave-encashment-requests.]
2026-05-13 17:01:05.479 WARN  [http-nio-8080-exec-6] o.s.web.servlet.PageNotFound - No mapping for GET /api/leave-encashment-requests
2026-05-13 17:01:05.480 WARN  [http-nio-8080-exec-6] o.s.w.s.m.m.a.ExceptionHandlerExceptionResolver - Resolved [org.springframework.web.servlet.NoHandlerFoundException: No endpoint GET /api/leave-encashment-requests.]
2026-05-13 17:01:05.481 WARN  [http-nio-8080-exec-7] o.s.w.s.m.m.a.ExceptionHandlerExceptionResolver - Resolved [org.springframework.web.HttpRequestMethodNotSupportedException: Request method 'GET' is not supported]
2026-05-13 17:01:05.491 WARN  [http-nio-8080-exec-3] o.s.w.s.m.m.a.ExceptionHandlerExceptionResolver - Resolved [org.springframework.web.HttpRequestMethodNotSupportedException: Request method 'GET' is not supported]
2026-05-13 17:01:05.492 WARN  [http-nio-8080-exec-5] o.s.web.servlet.PageNotFound - No mapping for GET /api/leave-encashment-requests
2026-05-13 17:01:05.493 WARN  [http-nio-8080-exec-5] o.s.w.s.m.m.a.ExceptionHandlerExceptionResolver - Resolved [org.springframework.web.servlet.NoHandlerFoundException: No endpoint GET /api/leave-encashment-requests.]
2026-05-13 17:01:05.503 WARN  [http-nio-8080-exec-1] o.s.w.s.m.m.a.ExceptionHandlerExceptionResolver - Resolved [org.springframework.web.HttpRequestMethodNotSupportedException: Request method 'GET' is not supported]
2026-05-13 17:01:05.504 WARN  [http-nio-8080-exec-9] o.s.web.servlet.PageNotFound - No mapping for GET /api/leave-encashment-requests
2026-05-13 17:01:05.505 WARN  [http-nio-8080-exec-9] o.s.w.s.m.m.a.ExceptionHandlerExceptionResolver - Resolved [org.springframework.web.servlet.NoHandlerFoundException: No endpoint GET /api/leave-encashment-requests.]
2026-05-13 17:01:05.516 WARN  [http-nio-8080-exec-2] o.s.web.servlet.PageNotFound - No mapping for GET /api/leave-encashment-requests
2026-05-13 17:01:05.516 WARN  [http-nio-8080-exec-8] o.s.w.s.m.m.a.ExceptionHandlerExceptionResolver - Resolved [org.springframework.web.HttpRequestMethodNotSupportedException: Request method 'GET' is not supported]
2026-05-13 17:01:05.517 WARN  [http-nio-8080-exec-2] o.s.w.s.m.m.a.ExceptionHandlerExceptionResolver - Resolved [org.springframework.web.servlet.NoHandlerFoundException: No endpoint GET /api/leave-encashment-requests.]
2026-05-13 17:01:05.529 WARN  [http-nio-8080-exec-10] o.s.web.servlet.PageNotFound - No mapping for GET /api/leave-encashment-requests
2026-05-13 17:01:05.530 WARN  [http-nio-8080-exec-4] o.s.w.s.m.m.a.ExceptionHandlerExceptionResolver - Resolved [org.springframework.web.HttpRequestMethodNotSupportedException: Request method 'GET' is not supported]
2026-05-13 17:01:05.530 WARN  [http-nio-8080-exec-10] o.s.w.s.m.m.a.ExceptionHandlerExceptionResolver - Resolved [org.springframework.web.servlet.NoHandlerFoundException: No endpoint GET /api/leave-encashment-requests.]
2026-05-13 17:01:05.543 WARN  [http-nio-8080-exec-7] o.s.web.servlet.PageNotFound - No mapping for GET /api/leave-encashment-requests
2026-05-13 17:01:05.543 WARN  [http-nio-8080-exec-6] o.s.w.s.m.m.a.ExceptionHandlerExceptionResolver - Resolved [org.springframework.web.HttpRequestMethodNotSupportedException: Request method 'GET' is not supported]
2026-05-13 17:01:05.544 WARN  [http-nio-8080-exec-7] o.s.w.s.m.m.a.ExceptionHandlerExceptionResolver - Resolved [org.springframework.web.servlet.NoHandlerFoundException: No endpoint GET /api/leave-encashment-requests.]
2026-05-13 17:01:05.552 WARN  [http-nio-8080-exec-5] o.s.web.servlet.PageNotFound - No mapping for GET /api/leave-encashment-requests
2026-05-13 17:01:05.553 WARN  [http-nio-8080-exec-3] o.s.w.s.m.m.a.ExceptionHandlerExceptionResolver - Resolved [org.springframework.web.HttpRequestMethodNotSupportedException: Request method 'GET' is not supported]
2026-05-13 17:01:05.553 WARN  [http-nio-8080-exec-5] o.s.w.s.m.m.a.ExceptionHandlerExceptionResolver - Resolved [org.springframework.web.servlet.NoHandlerFoundException: No endpoint GET /api/leave-encashment-requests.]
2026-05-13 17:01:05.564 WARN  [http-nio-8080-exec-9] o.s.web.servlet.PageNotFound - No mapping for GET /api/leave-encashment-requests
2026-05-13 17:01:05.564 WARN  [http-nio-8080-exec-1] o.s.w.s.m.m.a.ExceptionHandlerExceptionResolver - Resolved [org.springframework.web.HttpRequestMethodNotSupportedException: Request method 'GET' is not supported]
2026-05-13 17:01:05.566 WARN  [http-nio-8080-exec-9] o.s.w.s.m.m.a.ExceptionHandlerExceptionResolver - Resolved [org.springframework.web.servlet.NoHandlerFoundException: No endpoint GET /api/leave-encashment-requests.]
2026-05-13 17:01:05.576 WARN  [http-nio-8080-exec-8] o.s.w.s.m.m.a.ExceptionHandlerExceptionResolver - Resolved [org.springframework.web.HttpRequestMethodNotSupportedException: Request method 'GET' is not supported]
2026-05-13 17:01:05.576 WARN  [http-nio-8080-exec-2] o.s.web.servlet.PageNotFound - No mapping for GET /api/leave-encashment-requests
2026-05-13 17:01:05.577 WARN  [http-nio-8080-exec-2] o.s.w.s.m.m.a.ExceptionHandlerExceptionResolver - Resolved [org.springframework.web.servlet.NoHandlerFoundException: No endpoint GET /api/leave-encashment-requests.]
2026-05-13 17:01:05.585 WARN  [http-nio-8080-exec-4] o.s.w.s.m.m.a.ExceptionHandlerExceptionResolver - Resolved [org.springframework.web.HttpRequestMethodNotSupportedException: Request method 'GET' is not supported]
2026-05-13 17:01:05.586 WARN  [http-nio-8080-exec-10] o.s.web.servlet.PageNotFound - No mapping for GET /api/leave-encashment-requests
2026-05-13 17:01:05.587 WARN  [http-nio-8080-exec-10] o.s.w.s.m.m.a.ExceptionHandlerExceptionResolver - Resolved [org.springframework.web.servlet.NoHandlerFoundException: No endpoint GET /api/leave-encashment-requests.]
2026-05-13 17:01:05.598 WARN  [http-nio-8080-exec-7] o.s.web.servlet.PageNotFound - No mapping for GET /api/leave-encashment-requests
2026-05-13 17:01:05.599 WARN  [http-nio-8080-exec-7] o.s.w.s.m.m.a.ExceptionHandlerExceptionResolver - Resolved [org.springframework.web.servlet.NoHandlerFoundException: No endpoint GET /api/leave-encashment-requests.]
2026-05-13 17:01:05.599 WARN  [http-nio-8080-exec-6] o.s.w.s.m.m.a.ExceptionHandlerExceptionResolver - Resolved [org.springframework.web.HttpRequestMethodNotSupportedException: Request method 'GET' is not supported]
2026-05-13 17:01:05.610 WARN  [http-nio-8080-exec-5] o.s.web.servlet.PageNotFound - No mapping for GET /api/leave-encashment-requests
2026-05-13 17:01:05.611 WARN  [http-nio-8080-exec-5] o.s.w.s.m.m.a.ExceptionHandlerExceptionResolver - Resolved [org.springframework.web.servlet.NoHandlerFoundException: No endpoint GET /api/leave-encashment-requests.]
2026-05-13 17:01:05.611 WARN  [http-nio-8080-exec-3] o.s.w.s.m.m.a.ExceptionHandlerExceptionResolver - Resolved [org.springframework.web.HttpRequestMethodNotSupportedException: Request method 'GET' is not supported]
2026-05-13 17:01:05.621 WARN  [http-nio-8080-exec-1] o.s.web.servlet.PageNotFound - No mapping for GET /api/leave-encashment-requests
2026-05-13 17:01:05.622 WARN  [http-nio-8080-exec-1] o.s.w.s.m.m.a.ExceptionHandlerExceptionResolver - Resolved [org.springframework.web.servlet.NoHandlerFoundException: No endpoint GET /api/leave-encashment-requests.]
2026-05-13 17:01:05.623 WARN  [http-nio-8080-exec-9] o.s.w.s.m.m.a.ExceptionHandlerExceptionResolver - Resolved [org.springframework.web.HttpRequestMethodNotSupportedException: Request method 'GET' is not supported]
2026-05-13 17:01:05.633 WARN  [http-nio-8080-exec-8] o.s.web.servlet.PageNotFound - No mapping for GET /api/leave-encashment-requests
2026-05-13 17:01:05.633 WARN  [http-nio-8080-exec-2] o.s.w.s.m.m.a.ExceptionHandlerExceptionResolver - Resolved [org.springframework.web.HttpRequestMethodNotSupportedException: Request method 'GET' is not supported]
2026-05-13 17:01:05.633 WARN  [http-nio-8080-exec-8] o.s.w.s.m.m.a.ExceptionHandlerExceptionResolver - Resolved [org.springframework.web.servlet.NoHandlerFoundException: No endpoint GET /api/leave-encashment-requests.]
2026-05-13 17:01:05.643 WARN  [http-nio-8080-exec-4] o.s.w.s.m.m.a.ExceptionHandlerExceptionResolver - Resolved [org.springframework.web.HttpRequestMethodNotSupportedException: Request method 'GET' is not supported]
2026-05-13 17:01:05.643 WARN  [http-nio-8080-exec-10] o.s.web.servlet.PageNotFound - No mapping for GET /api/leave-encashment-requests
2026-05-13 17:01:05.644 WARN  [http-nio-8080-exec-10] o.s.w.s.m.m.a.ExceptionHandlerExceptionResolver - Resolved [org.springframework.web.servlet.NoHandlerFoundException: No endpoint GET /api/leave-encashment-requests.]
2026-05-13 17:01:05.651 WARN  [http-nio-8080-exec-6] o.s.web.servlet.PageNotFound - No mapping for GET /api/leave-encashment-requests
2026-05-13 17:01:05.652 WARN  [http-nio-8080-exec-6] o.s.w.s.m.m.a.ExceptionHandlerExceptionResolver - Resolved [org.springframework.web.servlet.NoHandlerFoundException: No endpoint GET /api/leave-encashment-requests.]
2026-05-13 17:01:05.654 WARN  [http-nio-8080-exec-7] o.s.w.s.m.m.a.ExceptionHandlerExceptionResolver - Resolved [org.springframework.web.HttpRequestMethodNotSupportedException: Request method 'GET' is not supported]
2026-05-13 17:01:05.664 WARN  [http-nio-8080-exec-5] o.s.web.servlet.PageNotFound - No mapping for GET /api/leave-encashment-requests
2026-05-13 17:01:05.665 WARN  [http-nio-8080-exec-5] o.s.w.s.m.m.a.ExceptionHandlerExceptionResolver - Resolved [org.springframework.web.servlet.NoHandlerFoundException: No endpoint GET /api/leave-encashment-requests.]
2026-05-13 17:01:05.665 WARN  [http-nio-8080-exec-3] o.s.w.s.m.m.a.ExceptionHandlerExceptionResolver - Resolved [org.springframework.web.HttpRequestMethodNotSupportedException: Request method 'GET' is not supported]
2026-05-13 17:01:05.676 WARN  [http-nio-8080-exec-1] o.s.web.servlet.PageNotFound - No mapping for GET /api/leave-encashment-requests
2026-05-13 17:01:05.677 WARN  [http-nio-8080-exec-9] o.s.w.s.m.m.a.ExceptionHandlerExceptionResolver - Resolved [org.springframework.web.HttpRequestMethodNotSupportedException: Request method 'GET' is not supported]
2026-05-13 17:01:05.677 WARN  [http-nio-8080-exec-1] o.s.w.s.m.m.a.ExceptionHandlerExceptionResolver - Resolved [org.springframework.web.servlet.NoHandlerFoundException: No endpoint GET /api/leave-encashment-requests.]
2026-05-13 17:01:05.687 WARN  [http-nio-8080-exec-2] o.s.w.s.m.m.a.ExceptionHandlerExceptionResolver - Resolved [org.springframework.web.HttpRequestMethodNotSupportedException: Request method 'GET' is not supported]
2026-05-13 17:01:05.687 WARN  [http-nio-8080-exec-8] o.s.web.servlet.PageNotFound - No mapping for GET /api/leave-encashment-requests
2026-05-13 17:01:05.688 WARN  [http-nio-8080-exec-8] o.s.w.s.m.m.a.ExceptionHandlerExceptionResolver - Resolved [org.springframework.web.servlet.NoHandlerFoundException: No endpoint GET /api/leave-encashment-requests.]
2026-05-13 17:01:05.696 WARN  [http-nio-8080-exec-10] o.s.web.servlet.PageNotFound - No mapping for GET /api/leave-encashment-requests
2026-05-13 17:01:05.696 WARN  [http-nio-8080-exec-10] o.s.w.s.m.m.a.ExceptionHandlerExceptionResolver - Resolved [org.springframework.web.servlet.NoHandlerFoundException: No endpoint GET /api/leave-encashment-requests.]
2026-05-13 17:01:05.697 WARN  [http-nio-8080-exec-4] o.s.w.s.m.m.a.ExceptionHandlerExceptionResolver - Resolved [org.springframework.web.HttpRequestMethodNotSupportedException: Request method 'GET' is not supported]
2026-05-13 17:01:05.707 WARN  [http-nio-8080-exec-7] o.s.w.s.m.m.a.ExceptionHandlerExceptionResolver - Resolved [org.springframework.web.HttpRequestMethodNotSupportedException: Request method 'GET' is not supported]
2026-05-13 17:01:05.708 WARN  [http-nio-8080-exec-6] o.s.web.servlet.PageNotFound - No mapping for GET /api/leave-encashment-requests
2026-05-13 17:01:05.708 WARN  [http-nio-8080-exec-6] o.s.w.s.m.m.a.ExceptionHandlerExceptionResolver - Resolved [org.springframework.web.servlet.NoHandlerFoundException: No endpoint GET /api/leave-encashment-requests.]
2026-05-13 17:01:05.717 WARN  [http-nio-8080-exec-3] o.s.web.servlet.PageNotFound - No mapping for GET /api/leave-encashment-requests
2026-05-13 17:01:05.717 WARN  [http-nio-8080-exec-5] o.s.w.s.m.m.a.ExceptionHandlerExceptionResolver - Resolved [org.springframework.web.HttpRequestMethodNotSupportedException: Request method 'GET' is not supported]
2026-05-13 17:01:05.717 WARN  [http-nio-8080-exec-3] o.s.w.s.m.m.a.ExceptionHandlerExceptionResolver - Resolved [org.springframework.web.servlet.NoHandlerFoundException: No endpoint GET /api/leave-encashment-requests.]
2026-05-13 17:01:05.732 WARN  [http-nio-8080-exec-9] o.s.web.servlet.PageNotFound - No mapping for GET /api/leave-encashment-requests
2026-05-13 17:01:05.733 WARN  [http-nio-8080-exec-9] o.s.w.s.m.m.a.ExceptionHandlerExceptionResolver - Resolved [org.springframework.web.servlet.NoHandlerFoundException: No endpoint GET /api/leave-encashment-requests.]
2026-05-13 17:01:05.733 WARN  [http-nio-8080-exec-1] o.s.w.s.m.m.a.ExceptionHandlerExceptionResolver - Resolved [org.springframework.web.HttpRequestMethodNotSupportedException: Request method 'GET' is not supported]
2026-05-13 17:01:05.748 WARN  [http-nio-8080-exec-2] o.s.web.servlet.PageNotFound - No mapping for GET /api/leave-encashment-requests
2026-05-13 17:01:05.748 WARN  [http-nio-8080-exec-8] o.s.w.s.m.m.a.ExceptionHandlerExceptionResolver - Resolved [org.springframework.web.HttpRequestMethodNotSupportedException: Request method 'GET' is not supported]
2026-05-13 17:01:05.749 WARN  [http-nio-8080-exec-2] o.s.w.s.m.m.a.ExceptionHandlerExceptionResolver - Resolved [org.springframework.web.servlet.NoHandlerFoundException: No endpoint GET /api/leave-encashment-requests.]
2026-05-13 17:01:05.765 WARN  [http-nio-8080-exec-4] o.s.web.servlet.PageNotFound - No mapping for GET /api/leave-encashment-requests
2026-05-13 17:01:05.767 WARN  [http-nio-8080-exec-10] o.s.w.s.m.m.a.ExceptionHandlerExceptionResolver - Resolved [org.springframework.web.HttpRequestMethodNotSupportedException: Request method 'GET' is not supported]
2026-05-13 17:01:05.774 WARN  [http-nio-8080-exec-4] o.s.w.s.m.m.a.ExceptionHandlerExceptionResolver - Resolved [org.springframework.web.servlet.NoHandlerFoundException: No endpoint GET /api/leave-encashment-requests.]
2026-05-13 17:01:05.778 WARN  [http-nio-8080-exec-7] o.s.w.s.m.m.a.ExceptionHandlerExceptionResolver - Resolved [org.springframework.web.HttpRequestMethodNotSupportedException: Request method 'GET' is not supported]
2026-05-13 17:01:05.785 WARN  [http-nio-8080-exec-6] o.s.web.servlet.PageNotFound - No mapping for GET /api/leave-encashment-requests
2026-05-13 17:01:05.787 WARN  [http-nio-8080-exec-6] o.s.w.s.m.m.a.ExceptionHandlerExceptionResolver - Resolved [org.springframework.web.servlet.NoHandlerFoundException: No endpoint GET /api/leave-encashment-requests.]
2026-05-13 17:01:05.791 WARN  [http-nio-8080-exec-5] o.s.w.s.m.m.a.ExceptionHandlerExceptionResolver - Resolved [org.springframework.web.HttpRequestMethodNotSupportedException: Request method 'GET' is not supported]
2026-05-13 17:01:05.797 WARN  [http-nio-8080-exec-3] o.s.web.servlet.PageNotFound - No mapping for GET /api/leave-encashment-requests
2026-05-13 17:01:05.798 WARN  [http-nio-8080-exec-3] o.s.w.s.m.m.a.ExceptionHandlerExceptionResolver - Resolved [org.springframework.web.servlet.NoHandlerFoundException: No endpoint GET /api/leave-encashment-requests.]
2026-05-13 17:01:05.802 WARN  [http-nio-8080-exec-9] o.s.w.s.m.m.a.ExceptionHandlerExceptionResolver - Resolved [org.springframework.web.HttpRequestMethodNotSupportedException: Request method 'GET' is not supported]
2026-05-13 17:01:05.809 WARN  [http-nio-8080-exec-1] o.s.web.servlet.PageNotFound - No mapping for GET /api/leave-encashment-requests
2026-05-13 17:01:05.810 WARN  [http-nio-8080-exec-1] o.s.w.s.m.m.a.ExceptionHandlerExceptionResolver - Resolved [org.springframework.web.servlet.NoHandlerFoundException: No endpoint GET /api/leave-encashment-requests.]
2026-05-13 17:01:05.813 WARN  [http-nio-8080-exec-8] o.s.w.s.m.m.a.ExceptionHandlerExceptionResolver - Resolved [org.springframework.web.HttpRequestMethodNotSupportedException: Request method 'GET' is not supported]
2026-05-13 17:01:05.824 WARN  [http-nio-8080-exec-2] o.s.web.servlet.PageNotFound - No mapping for GET /api/leave-encashment-requests
2026-05-13 17:01:05.825 WARN  [http-nio-8080-exec-2] o.s.w.s.m.m.a.ExceptionHandlerExceptionResolver - Resolved [org.springframework.web.servlet.NoHandlerFoundException: No endpoint GET /api/leave-encashment-requests.]
2026-05-13 17:01:05.825 WARN  [http-nio-8080-exec-10] o.s.w.s.m.m.a.ExceptionHandlerExceptionResolver - Resolved [org.springframework.web.HttpRequestMethodNotSupportedException: Request method 'GET' is not supported]
2026-05-13 17:01:05.837 WARN  [http-nio-8080-exec-7] o.s.web.servlet.PageNotFound - No mapping for GET /api/leave-encashment-requests
2026-05-13 17:01:05.839 WARN  [http-nio-8080-exec-7] o.s.w.s.m.m.a.ExceptionHandlerExceptionResolver - Resolved [org.springframework.web.servlet.NoHandlerFoundException: No endpoint GET /api/leave-encashment-requests.]
2026-05-13 17:01:05.840 WARN  [http-nio-8080-exec-4] o.s.w.s.m.m.a.ExceptionHandlerExceptionResolver - Resolved [org.springframework.web.HttpRequestMethodNotSupportedException: Request method 'GET' is not supported]
2026-05-13 17:01:05.852 WARN  [http-nio-8080-exec-5] o.s.w.s.m.m.a.ExceptionHandlerExceptionResolver - Resolved [org.springframework.web.HttpRequestMethodNotSupportedException: Request method 'GET' is not supported]
2026-05-13 17:01:05.853 WARN  [http-nio-8080-exec-6] o.s.web.servlet.PageNotFound - No mapping for GET /api/leave-encashment-requests
2026-05-13 17:01:05.855 WARN  [http-nio-8080-exec-6] o.s.w.s.m.m.a.ExceptionHandlerExceptionResolver - Resolved [org.springframework.web.servlet.NoHandlerFoundException: No endpoint GET /api/leave-encashment-requests.]
2026-05-13 17:01:05.866 WARN  [http-nio-8080-exec-9] o.s.web.servlet.PageNotFound - No mapping for GET /api/leave-encashment-requests
2026-05-13 17:01:05.867 WARN  [http-nio-8080-exec-3] o.s.w.s.m.m.a.ExceptionHandlerExceptionResolver - Resolved [org.springframework.web.HttpRequestMethodNotSupportedException: Request method 'GET' is not supported]
2026-05-13 17:01:05.867 WARN  [http-nio-8080-exec-9] o.s.w.s.m.m.a.ExceptionHandlerExceptionResolver - Resolved [org.springframework.web.servlet.NoHandlerFoundException: No endpoint GET /api/leave-encashment-requests.]
2026-05-13 17:01:05.878 WARN  [http-nio-8080-exec-8] o.s.web.servlet.PageNotFound - No mapping for GET /api/leave-encashment-requests
2026-05-13 17:01:05.878 WARN  [http-nio-8080-exec-1] o.s.w.s.m.m.a.ExceptionHandlerExceptionResolver - Resolved [org.springframework.web.HttpRequestMethodNotSupportedException: Request method 'GET' is not supported]
2026-05-13 17:01:05.880 WARN  [http-nio-8080-exec-8] o.s.w.s.m.m.a.ExceptionHandlerExceptionResolver - Resolved [org.springframework.web.servlet.NoHandlerFoundException: No endpoint GET /api/leave-encashment-requests.]
2026-05-13 17:01:05.893 WARN  [http-nio-8080-exec-10] o.s.web.servlet.PageNotFound - No mapping for GET /api/leave-encashment-requests
2026-05-13 17:01:05.893 WARN  [http-nio-8080-exec-2] o.s.w.s.m.m.a.ExceptionHandlerExceptionResolver - Resolved [org.springframework.web.HttpRequestMethodNotSupportedException: Request method 'GET' is not supported]
2026-05-13 17:01:05.894 WARN  [http-nio-8080-exec-10] o.s.w.s.m.m.a.ExceptionHandlerExceptionResolver - Resolved [org.springframework.web.servlet.NoHandlerFoundException: No endpoint GET /api/leave-encashment-requests.]
2026-05-13 17:01:05.908 WARN  [http-nio-8080-exec-4] o.s.web.servlet.PageNotFound - No mapping for GET /api/leave-encashment-requests
2026-05-13 17:01:05.908 WARN  [http-nio-8080-exec-4] o.s.w.s.m.m.a.ExceptionHandlerExceptionResolver - Resolved [org.springframework.web.servlet.NoHandlerFoundException: No endpoint GET /api/leave-encashment-requests.]
2026-05-13 17:01:05.908 WARN  [http-nio-8080-exec-7] o.s.w.s.m.m.a.ExceptionHandlerExceptionResolver - Resolved [org.springframework.web.HttpRequestMethodNotSupportedException: Request method 'GET' is not supported]
2026-05-13 17:01:05.918 WARN  [http-nio-8080-exec-6] o.s.w.s.m.m.a.ExceptionHandlerExceptionResolver - Resolved [org.springframework.web.HttpRequestMethodNotSupportedException: Request method 'GET' is not supported]
2026-05-13 17:01:05.919 WARN  [http-nio-8080-exec-5] o.s.web.servlet.PageNotFound - No mapping for GET /api/leave-encashment-requests
2026-05-13 17:01:05.921 WARN  [http-nio-8080-exec-5] o.s.w.s.m.m.a.ExceptionHandlerExceptionResolver - Resolved [org.springframework.web.servlet.NoHandlerFoundException: No endpoint GET /api/leave-encashment-requests.]
2026-05-13 17:01:05.933 WARN  [http-nio-8080-exec-9] o.s.web.servlet.PageNotFound - No mapping for GET /api/leave-encashment-requests
2026-05-13 17:01:05.934 WARN  [http-nio-8080-exec-3] o.s.w.s.m.m.a.ExceptionHandlerExceptionResolver - Resolved [org.springframework.web.HttpRequestMethodNotSupportedException: Request method 'GET' is not supported]
2026-05-13 17:01:05.934 WARN  [http-nio-8080-exec-9] o.s.w.s.m.m.a.ExceptionHandlerExceptionResolver - Resolved [org.springframework.web.servlet.NoHandlerFoundException: No endpoint GET /api/leave-encashment-requests.]
2026-05-13 17:01:05.950 WARN  [http-nio-8080-exec-8] o.s.web.servlet.PageNotFound - No mapping for GET /api/leave-encashment-requests
2026-05-13 17:01:05.950 WARN  [http-nio-8080-exec-1] o.s.w.s.m.m.a.ExceptionHandlerExceptionResolver - Resolved [org.springframework.web.HttpRequestMethodNotSupportedException: Request method 'GET' is not supported]
2026-05-13 17:01:05.950 WARN  [http-nio-8080-exec-8] o.s.w.s.m.m.a.ExceptionHandlerExceptionResolver - Resolved [org.springframework.web.servlet.NoHandlerFoundException: No endpoint GET /api/leave-encashment-requests.]
2026-05-13 17:01:05.968 WARN  [http-nio-8080-exec-2] o.s.w.s.m.m.a.ExceptionHandlerExceptionResolver - Resolved [org.springframework.web.HttpRequestMethodNotSupportedException: Request method 'GET' is not supported]
2026-05-13 17:01:05.968 WARN  [http-nio-8080-exec-10] o.s.web.servlet.PageNotFound - No mapping for GET /api/leave-encashment-requests
2026-05-13 17:01:05.968 WARN  [http-nio-8080-exec-10] o.s.w.s.m.m.a.ExceptionHandlerExceptionResolver - Resolved [org.springframework.web.servlet.NoHandlerFoundException: No endpoint GET /api/leave-encashment-requests.]
2026-05-13 17:01:05.978 WARN  [http-nio-8080-exec-4] o.s.w.s.m.m.a.ExceptionHandlerExceptionResolver - Resolved [org.springframework.web.HttpRequestMethodNotSupportedException: Request method 'GET' is not supported]
2026-05-13 17:01:05.980 WARN  [http-nio-8080-exec-7] o.s.web.servlet.PageNotFound - No mapping for GET /api/leave-encashment-requests
2026-05-13 17:01:05.981 WARN  [http-nio-8080-exec-7] o.s.w.s.m.m.a.ExceptionHandlerExceptionResolver - Resolved [org.springframework.web.servlet.NoHandlerFoundException: No endpoint GET /api/leave-encashment-requests.]
2026-05-13 17:01:05.989 WARN  [http-nio-8080-exec-6] o.s.w.s.m.m.a.ExceptionHandlerExceptionResolver - Resolved [org.springframework.web.HttpRequestMethodNotSupportedException: Request method 'GET' is not supported]
2026-05-13 17:01:05.991 WARN  [http-nio-8080-exec-5] o.s.web.servlet.PageNotFound - No mapping for GET /api/leave-encashment-requests
2026-05-13 17:01:05.992 WARN  [http-nio-8080-exec-5] o.s.w.s.m.m.a.ExceptionHandlerExceptionResolver - Resolved [org.springframework.web.servlet.NoHandlerFoundException: No endpoint GET /api/leave-encashment-requests.]
2026-05-13 17:01:06.000 WARN  [http-nio-8080-exec-3] o.s.w.s.m.m.a.ExceptionHandlerExceptionResolver - Resolved [org.springframework.web.HttpRequestMethodNotSupportedException: Request method 'GET' is not supported]
2026-05-13 17:01:06.000 WARN  [http-nio-8080-exec-9] o.s.web.servlet.PageNotFound - No mapping for GET /api/leave-encashment-requests
2026-05-13 17:01:06.001 WARN  [http-nio-8080-exec-9] o.s.w.s.m.m.a.ExceptionHandlerExceptionResolver - Resolved [org.springframework.web.servlet.NoHandlerFoundException: No endpoint GET /api/leave-encashment-requests.]
2026-05-13 17:01:06.011 WARN  [http-nio-8080-exec-8] o.s.web.servlet.PageNotFound - No mapping for GET /api/leave-encashment-requests
2026-05-13 17:01:06.011 WARN  [http-nio-8080-exec-8] o.s.w.s.m.m.a.ExceptionHandlerExceptionResolver - Resolved [org.springframework.web.servlet.NoHandlerFoundException: No endpoint GET /api/leave-encashment-requests.]
2026-05-13 17:01:06.011 WARN  [http-nio-8080-exec-1] o.s.w.s.m.m.a.ExceptionHandlerExceptionResolver - Resolved [org.springframework.web.HttpRequestMethodNotSupportedException: Request method 'GET' is not supported]
2026-05-13 17:01:06.022 WARN  [http-nio-8080-exec-2] o.s.web.servlet.PageNotFound - No mapping for GET /api/leave-encashment-requests
2026-05-13 17:01:06.023 WARN  [http-nio-8080-exec-10] o.s.w.s.m.m.a.ExceptionHandlerExceptionResolver - Resolved [org.springframework.web.HttpRequestMethodNotSupportedException: Request method 'GET' is not supported]
2026-05-13 17:01:06.023 WARN  [http-nio-8080-exec-2] o.s.w.s.m.m.a.ExceptionHandlerExceptionResolver - Resolved [org.springframework.web.servlet.NoHandlerFoundException: No endpoint GET /api/leave-encashment-requests.]
2026-05-13 17:01:06.035 WARN  [http-nio-8080-exec-4] o.s.w.s.m.m.a.ExceptionHandlerExceptionResolver - Resolved [org.springframework.web.HttpRequestMethodNotSupportedException: Request method 'GET' is not supported]
2026-05-13 17:01:06.036 WARN  [http-nio-8080-exec-7] o.s.web.servlet.PageNotFound - No mapping for GET /api/leave-encashment-requests
2026-05-13 17:01:06.036 WARN  [http-nio-8080-exec-7] o.s.w.s.m.m.a.ExceptionHandlerExceptionResolver - Resolved [org.springframework.web.servlet.NoHandlerFoundException: No endpoint GET /api/leave-encashment-requests.]
2026-05-13 17:01:06.049 WARN  [http-nio-8080-exec-5] o.s.web.servlet.PageNotFound - No mapping for GET /api/leave-encashment-requests
2026-05-13 17:01:06.049 WARN  [http-nio-8080-exec-5] o.s.w.s.m.m.a.ExceptionHandlerExceptionResolver - Resolved [org.springframework.web.servlet.NoHandlerFoundException: No endpoint GET /api/leave-encashment-requests.]
2026-05-13 17:01:06.049 WARN  [http-nio-8080-exec-6] o.s.w.s.m.m.a.ExceptionHandlerExceptionResolver - Resolved [org.springframework.web.HttpRequestMethodNotSupportedException: Request method 'GET' is not supported]
2026-05-13 17:01:06.066 WARN  [http-nio-8080-exec-3] o.s.web.servlet.PageNotFound - No mapping for GET /api/leave-encashment-requests
2026-05-13 17:01:06.066 WARN  [http-nio-8080-exec-9] o.s.w.s.m.m.a.ExceptionHandlerExceptionResolver - Resolved [org.springframework.web.HttpRequestMethodNotSupportedException: Request method 'GET' is not supported]
2026-05-13 17:01:06.066 WARN  [http-nio-8080-exec-3] o.s.w.s.m.m.a.ExceptionHandlerExceptionResolver - Resolved [org.springframework.web.servlet.NoHandlerFoundException: No endpoint GET /api/leave-encashment-requests.]
2026-05-13 17:01:06.077 WARN  [http-nio-8080-exec-8] o.s.w.s.m.m.a.ExceptionHandlerExceptionResolver - Resolved [org.springframework.web.HttpRequestMethodNotSupportedException: Request method 'GET' is not supported]
2026-05-13 17:01:06.077 WARN  [http-nio-8080-exec-1] o.s.web.servlet.PageNotFound - No mapping for GET /api/leave-encashment-requests
2026-05-13 17:01:06.078 WARN  [http-nio-8080-exec-1] o.s.w.s.m.m.a.ExceptionHandlerExceptionResolver - Resolved [org.springframework.web.servlet.NoHandlerFoundException: No endpoint GET /api/leave-encashment-requests.]
2026-05-13 17:01:06.090 WARN  [http-nio-8080-exec-2] o.s.web.servlet.PageNotFound - No mapping for GET /api/leave-encashment-requests
2026-05-13 17:01:06.090 WARN  [http-nio-8080-exec-2] o.s.w.s.m.m.a.ExceptionHandlerExceptionResolver - Resolved [org.springframework.web.servlet.NoHandlerFoundException: No endpoint GET /api/leave-encashment-requests.]
2026-05-13 17:01:06.091 WARN  [http-nio-8080-exec-10] o.s.w.s.m.m.a.ExceptionHandlerExceptionResolver - Resolved [org.springframework.web.HttpRequestMethodNotSupportedException: Request method 'GET' is not supported]
2026-05-13 17:01:06.103 WARN  [http-nio-8080-exec-4] o.s.web.servlet.PageNotFound - No mapping for GET /api/leave-encashment-requests
2026-05-13 17:01:06.104 WARN  [http-nio-8080-exec-4] o.s.w.s.m.m.a.ExceptionHandlerExceptionResolver - Resolved [org.springframework.web.servlet.NoHandlerFoundException: No endpoint GET /api/leave-encashment-requests.]
2026-05-13 17:01:06.105 WARN  [http-nio-8080-exec-7] o.s.w.s.m.m.a.ExceptionHandlerExceptionResolver - Resolved [org.springframework.web.HttpRequestMethodNotSupportedException: Request method 'GET' is not supported]
2026-05-13 17:01:06.118 WARN  [http-nio-8080-exec-5] o.s.web.servlet.PageNotFound - No mapping for GET /api/leave-encashment-requests
2026-05-13 17:01:06.119 WARN  [http-nio-8080-exec-5] o.s.w.s.m.m.a.ExceptionHandlerExceptionResolver - Resolved [org.springframework.web.servlet.NoHandlerFoundException: No endpoint GET /api/leave-encashment-requests.]
2026-05-13 17:01:06.119 WARN  [http-nio-8080-exec-6] o.s.w.s.m.m.a.ExceptionHandlerExceptionResolver - Resolved [org.springframework.web.HttpRequestMethodNotSupportedException: Request method 'GET' is not supported]
2026-05-13 17:01:06.134 WARN  [http-nio-8080-exec-9] o.s.web.servlet.PageNotFound - No mapping for GET /api/leave-encashment-requests
2026-05-13 17:01:06.134 WARN  [http-nio-8080-exec-3] o.s.w.s.m.m.a.ExceptionHandlerExceptionResolver - Resolved [org.springframework.web.HttpRequestMethodNotSupportedException: Request method 'GET' is not supported]
2026-05-13 17:01:06.134 WARN  [http-nio-8080-exec-9] o.s.w.s.m.m.a.ExceptionHandlerExceptionResolver - Resolved [org.springframework.web.servlet.NoHandlerFoundException: No endpoint GET /api/leave-encashment-requests.]
2026-05-13 17:01:06.151 WARN  [http-nio-8080-exec-1] o.s.web.servlet.PageNotFound - No mapping for GET /api/leave-encashment-requests
2026-05-13 17:01:06.152 WARN  [http-nio-8080-exec-1] o.s.w.s.m.m.a.ExceptionHandlerExceptionResolver - Resolved [org.springframework.web.servlet.NoHandlerFoundException: No endpoint GET /api/leave-encashment-requests.]
2026-05-13 17:01:06.152 WARN  [http-nio-8080-exec-8] o.s.w.s.m.m.a.ExceptionHandlerExceptionResolver - Resolved [org.springframework.web.HttpRequestMethodNotSupportedException: Request method 'GET' is not supported]
2026-05-13 17:01:06.167 WARN  [http-nio-8080-exec-2] o.s.web.servlet.PageNotFound - No mapping for GET /api/leave-encashment-requests
2026-05-13 17:01:06.168 WARN  [http-nio-8080-exec-2] o.s.w.s.m.m.a.ExceptionHandlerExceptionResolver - Resolved [org.springframework.web.servlet.NoHandlerFoundException: No endpoint GET /api/leave-encashment-requests.]
2026-05-13 17:01:06.168 WARN  [http-nio-8080-exec-10] o.s.w.s.m.m.a.ExceptionHandlerExceptionResolver - Resolved [org.springframework.web.HttpRequestMethodNotSupportedException: Request method 'GET' is not supported]
2026-05-13 17:01:06.185 WARN  [http-nio-8080-exec-4] o.s.web.servlet.PageNotFound - No mapping for GET /api/leave-encashment-requests
2026-05-13 17:01:06.185 WARN  [http-nio-8080-exec-7] o.s.w.s.m.m.a.ExceptionHandlerExceptionResolver - Resolved [org.springframework.web.HttpRequestMethodNotSupportedException: Request method 'GET' is not supported]
2026-05-13 17:01:06.185 WARN  [http-nio-8080-exec-4] o.s.w.s.m.m.a.ExceptionHandlerExceptionResolver - Resolved [org.springframework.web.servlet.NoHandlerFoundException: No endpoint GET /api/leave-encashment-requests.]
2026-05-13 17:01:06.199 WARN  [http-nio-8080-exec-6] o.s.web.servlet.PageNotFound - No mapping for GET /api/leave-encashment-requests
2026-05-13 17:01:06.200 WARN  [http-nio-8080-exec-6] o.s.w.s.m.m.a.ExceptionHandlerExceptionResolver - Resolved [org.springframework.web.servlet.NoHandlerFoundException: No endpoint GET /api/leave-encashment-requests.]
2026-05-13 17:01:06.204 WARN  [http-nio-8080-exec-5] o.s.w.s.m.m.a.ExceptionHandlerExceptionResolver - Resolved [org.springframework.web.HttpRequestMethodNotSupportedException: Request method 'GET' is not supported]
2026-05-13 17:01:06.214 WARN  [http-nio-8080-exec-9] o.s.web.servlet.PageNotFound - No mapping for GET /api/leave-encashment-requests
2026-05-13 17:01:06.216 WARN  [http-nio-8080-exec-9] o.s.w.s.m.m.a.ExceptionHandlerExceptionResolver - Resolved [org.springframework.web.servlet.NoHandlerFoundException: No endpoint GET /api/leave-encashment-requests.]
2026-05-13 17:01:06.218 WARN  [http-nio-8080-exec-3] o.s.w.s.m.m.a.ExceptionHandlerExceptionResolver - Resolved [org.springframework.web.HttpRequestMethodNotSupportedException: Request method 'GET' is not supported]
2026-05-13 17:01:06.228 WARN  [http-nio-8080-exec-1] o.s.web.servlet.PageNotFound - No mapping for GET /api/leave-encashment-requests
2026-05-13 17:01:06.229 WARN  [http-nio-8080-exec-1] o.s.w.s.m.m.a.ExceptionHandlerExceptionResolver - Resolved [org.springframework.web.servlet.NoHandlerFoundException: No endpoint GET /api/leave-encashment-requests.]
2026-05-13 17:01:06.230 WARN  [http-nio-8080-exec-8] o.s.w.s.m.m.a.ExceptionHandlerExceptionResolver - Resolved [org.springframework.web.HttpRequestMethodNotSupportedException: Request method 'GET' is not supported]
2026-05-13 17:01:06.245 WARN  [http-nio-8080-exec-2] o.s.web.servlet.PageNotFound - No mapping for GET /api/leave-encashment-requests
2026-05-13 17:01:06.246 WARN  [http-nio-8080-exec-10] o.s.w.s.m.m.a.ExceptionHandlerExceptionResolver - Resolved [org.springframework.web.HttpRequestMethodNotSupportedException: Request method 'GET' is not supported]
2026-05-13 17:01:06.246 WARN  [http-nio-8080-exec-2] o.s.w.s.m.m.a.ExceptionHandlerExceptionResolver - Resolved [org.springframework.web.servlet.NoHandlerFoundException: No endpoint GET /api/leave-encashment-requests.]
2026-05-13 17:01:06.258 WARN  [http-nio-8080-exec-7] o.s.web.servlet.PageNotFound - No mapping for GET /api/leave-encashment-requests
2026-05-13 17:01:06.259 WARN  [http-nio-8080-exec-7] o.s.w.s.m.m.a.ExceptionHandlerExceptionResolver - Resolved [org.springframework.web.servlet.NoHandlerFoundException: No endpoint GET /api/leave-encashment-requests.]
2026-05-13 17:01:06.262 WARN  [http-nio-8080-exec-4] o.s.w.s.m.m.a.ExceptionHandlerExceptionResolver - Resolved [org.springframework.web.HttpRequestMethodNotSupportedException: Request method 'GET' is not supported]
2026-05-13 17:01:06.273 WARN  [http-nio-8080-exec-6] o.s.web.servlet.PageNotFound - No mapping for GET /api/leave-encashment-requests
2026-05-13 17:01:06.274 WARN  [http-nio-8080-exec-6] o.s.w.s.m.m.a.ExceptionHandlerExceptionResolver - Resolved [org.springframework.web.servlet.NoHandlerFoundException: No endpoint GET /api/leave-encashment-requests.]
2026-05-13 17:01:06.275 WARN  [http-nio-8080-exec-5] o.s.w.s.m.m.a.ExceptionHandlerExceptionResolver - Resolved [org.springframework.web.HttpRequestMethodNotSupportedException: Request method 'GET' is not supported]
2026-05-13 17:01:06.290 WARN  [http-nio-8080-exec-9] o.s.web.servlet.PageNotFound - No mapping for GET /api/leave-encashment-requests
2026-05-13 17:01:06.290 WARN  [http-nio-8080-exec-3] o.s.w.s.m.m.a.ExceptionHandlerExceptionResolver - Resolved [org.springframework.web.HttpRequestMethodNotSupportedException: Request method 'GET' is not supported]
2026-05-13 17:01:06.290 WARN  [http-nio-8080-exec-9] o.s.w.s.m.m.a.ExceptionHandlerExceptionResolver - Resolved [org.springframework.web.servlet.NoHandlerFoundException: No endpoint GET /api/leave-encashment-requests.]
2026-05-13 17:01:06.308 WARN  [http-nio-8080-exec-8] o.s.web.servlet.PageNotFound - No mapping for GET /api/leave-encashment-requests
2026-05-13 17:01:06.308 WARN  [http-nio-8080-exec-1] o.s.w.s.m.m.a.ExceptionHandlerExceptionResolver - Resolved [org.springframework.web.HttpRequestMethodNotSupportedException: Request method 'GET' is not supported]
2026-05-13 17:01:06.308 WARN  [http-nio-8080-exec-8] o.s.w.s.m.m.a.ExceptionHandlerExceptionResolver - Resolved [org.springframework.web.servlet.NoHandlerFoundException: No endpoint GET /api/leave-encashment-requests.]
2026-05-13 17:01:06.323 WARN  [http-nio-8080-exec-2] o.s.web.servlet.PageNotFound - No mapping for GET /api/leave-encashment-requests
2026-05-13 17:01:06.324 WARN  [http-nio-8080-exec-2] o.s.w.s.m.m.a.ExceptionHandlerExceptionResolver - Resolved [org.springframework.web.servlet.NoHandlerFoundException: No endpoint GET /api/leave-encashment-requests.]
2026-05-13 17:01:06.324 WARN  [http-nio-8080-exec-10] o.s.w.s.m.m.a.ExceptionHandlerExceptionResolver - Resolved [org.springframework.web.HttpRequestMethodNotSupportedException: Request method 'GET' is not supported]
2026-05-13 17:01:06.338 WARN  [http-nio-8080-exec-7] o.s.w.s.m.m.a.ExceptionHandlerExceptionResolver - Resolved [org.springframework.web.HttpRequestMethodNotSupportedException: Request method 'GET' is not supported]
2026-05-13 17:01:06.339 WARN  [http-nio-8080-exec-4] o.s.web.servlet.PageNotFound - No mapping for GET /api/leave-encashment-requests
2026-05-13 17:01:06.339 WARN  [http-nio-8080-exec-4] o.s.w.s.m.m.a.ExceptionHandlerExceptionResolver - Resolved [org.springframework.web.servlet.NoHandlerFoundException: No endpoint GET /api/leave-encashment-requests.]
2026-05-13 17:01:06.350 WARN  [http-nio-8080-exec-5] o.s.web.servlet.PageNotFound - No mapping for GET /api/leave-encashment-requests
2026-05-13 17:01:06.351 WARN  [http-nio-8080-exec-6] o.s.w.s.m.m.a.ExceptionHandlerExceptionResolver - Resolved [org.springframework.web.HttpRequestMethodNotSupportedException: Request method 'GET' is not supported]
2026-05-13 17:01:06.351 WARN  [http-nio-8080-exec-5] o.s.w.s.m.m.a.ExceptionHandlerExceptionResolver - Resolved [org.springframework.web.servlet.NoHandlerFoundException: No endpoint GET /api/leave-encashment-requests.]
2026-05-13 17:01:06.363 WARN  [http-nio-8080-exec-3] o.s.w.s.m.m.a.ExceptionHandlerExceptionResolver - Resolved [org.springframework.web.HttpRequestMethodNotSupportedException: Request method 'GET' is not supported]
2026-05-13 17:01:06.363 WARN  [http-nio-8080-exec-9] o.s.web.servlet.PageNotFound - No mapping for GET /api/leave-encashment-requests
2026-05-13 17:01:06.364 WARN  [http-nio-8080-exec-9] o.s.w.s.m.m.a.ExceptionHandlerExceptionResolver - Resolved [org.springframework.web.servlet.NoHandlerFoundException: No endpoint GET /api/leave-encashment-requests.]
2026-05-13 17:01:06.374 WARN  [http-nio-8080-exec-8] o.s.web.servlet.PageNotFound - No mapping for GET /api/leave-encashment-requests
2026-05-13 17:01:06.375 WARN  [http-nio-8080-exec-8] o.s.w.s.m.m.a.ExceptionHandlerExceptionResolver - Resolved [org.springframework.web.servlet.NoHandlerFoundException: No endpoint GET /api/leave-encashment-requests.]
2026-05-13 17:01:06.379 WARN  [http-nio-8080-exec-1] o.s.w.s.m.m.a.ExceptionHandlerExceptionResolver - Resolved [org.springframework.web.HttpRequestMethodNotSupportedException: Request method 'GET' is not supported]
2026-05-13 17:01:06.384 WARN  [http-nio-8080-exec-2] o.s.web.servlet.PageNotFound - No mapping for GET /api/leave-encashment-requests
2026-05-13 17:01:06.385 WARN  [http-nio-8080-exec-2] o.s.w.s.m.m.a.ExceptionHandlerExceptionResolver - Resolved [org.springframework.web.servlet.NoHandlerFoundException: No endpoint GET /api/leave-encashment-requests.]
2026-05-13 17:01:06.391 WARN  [http-nio-8080-exec-10] o.s.w.s.m.m.a.ExceptionHandlerExceptionResolver - Resolved [org.springframework.web.HttpRequestMethodNotSupportedException: Request method 'GET' is not supported]
2026-05-13 17:01:06.397 WARN  [http-nio-8080-exec-7] o.s.web.servlet.PageNotFound - No mapping for GET /api/leave-encashment-requests
2026-05-13 17:01:06.397 WARN  [http-nio-8080-exec-7] o.s.w.s.m.m.a.ExceptionHandlerExceptionResolver - Resolved [org.springframework.web.servlet.NoHandlerFoundException: No endpoint GET /api/leave-encashment-requests.]
2026-05-13 17:01:06.401 WARN  [http-nio-8080-exec-4] o.s.w.s.m.m.a.ExceptionHandlerExceptionResolver - Resolved [org.springframework.web.HttpRequestMethodNotSupportedException: Request method 'GET' is not supported]
2026-05-13 17:01:06.410 WARN  [http-nio-8080-exec-6] o.s.web.servlet.PageNotFound - No mapping for GET /api/leave-encashment-requests
2026-05-13 17:01:06.411 WARN  [http-nio-8080-exec-6] o.s.w.s.m.m.a.ExceptionHandlerExceptionResolver - Resolved [org.springframework.web.servlet.NoHandlerFoundException: No endpoint GET /api/leave-encashment-requests.]
2026-05-13 17:01:06.413 WARN  [http-nio-8080-exec-5] o.s.w.s.m.m.a.ExceptionHandlerExceptionResolver - Resolved [org.springframework.web.HttpRequestMethodNotSupportedException: Request method 'GET' is not supported]
2026-05-13 17:01:06.422 WARN  [http-nio-8080-exec-3] o.s.web.servlet.PageNotFound - No mapping for GET /api/leave-encashment-requests
2026-05-13 17:01:06.423 WARN  [http-nio-8080-exec-3] o.s.w.s.m.m.a.ExceptionHandlerExceptionResolver - Resolved [org.springframework.web.servlet.NoHandlerFoundException: No endpoint GET /api/leave-encashment-requests.]
2026-05-13 17:01:06.428 WARN  [http-nio-8080-exec-9] o.s.w.s.m.m.a.ExceptionHandlerExceptionResolver - Resolved [org.springframework.web.HttpRequestMethodNotSupportedException: Request method 'GET' is not supported]
2026-05-13 17:01:06.432 WARN  [http-nio-8080-exec-8] o.s.web.servlet.PageNotFound - No mapping for GET /api/leave-encashment-requests
2026-05-13 17:01:06.433 WARN  [http-nio-8080-exec-8] o.s.w.s.m.m.a.ExceptionHandlerExceptionResolver - Resolved [org.springframework.web.servlet.NoHandlerFoundException: No endpoint GET /api/leave-encashment-requests.]
2026-05-13 17:01:06.439 WARN  [http-nio-8080-exec-1] o.s.w.s.m.m.a.ExceptionHandlerExceptionResolver - Resolved [org.springframework.web.HttpRequestMethodNotSupportedException: Request method 'GET' is not supported]
2026-05-13 17:01:06.443 WARN  [http-nio-8080-exec-2] o.s.web.servlet.PageNotFound - No mapping for GET /api/leave-encashment-requests
2026-05-13 17:01:06.443 WARN  [http-nio-8080-exec-2] o.s.w.s.m.m.a.ExceptionHandlerExceptionResolver - Resolved [org.springframework.web.servlet.NoHandlerFoundException: No endpoint GET /api/leave-encashment-requests.]
2026-05-13 17:01:06.451 WARN  [http-nio-8080-exec-10] o.s.web.servlet.PageNotFound - No mapping for GET /api/leave-encashment-requests
2026-05-13 17:01:06.451 WARN  [http-nio-8080-exec-10] o.s.w.s.m.m.a.ExceptionHandlerExceptionResolver - Resolved [org.springframework.web.servlet.NoHandlerFoundException: No endpoint GET /api/leave-encashment-requests.]
2026-05-13 17:01:06.451 WARN  [http-nio-8080-exec-7] o.s.w.s.m.m.a.ExceptionHandlerExceptionResolver - Resolved [org.springframework.web.HttpRequestMethodNotSupportedException: Request method 'GET' is not supported]
2026-05-13 17:01:06.465 WARN  [http-nio-8080-exec-6] o.s.w.s.m.m.a.ExceptionHandlerExceptionResolver - Resolved [org.springframework.web.HttpRequestMethodNotSupportedException: Request method 'GET' is not supported]
2026-05-13 17:01:06.465 WARN  [http-nio-8080-exec-4] o.s.web.servlet.PageNotFound - No mapping for GET /api/leave-encashment-requests
2026-05-13 17:01:06.465 WARN  [http-nio-8080-exec-4] o.s.w.s.m.m.a.ExceptionHandlerExceptionResolver - Resolved [org.springframework.web.servlet.NoHandlerFoundException: No endpoint GET /api/leave-encashment-requests.]
2026-05-13 17:01:06.478 WARN  [http-nio-8080-exec-5] o.s.w.s.m.m.a.ExceptionHandlerExceptionResolver - Resolved [org.springframework.web.HttpRequestMethodNotSupportedException: Request method 'GET' is not supported]
2026-05-13 17:01:06.479 WARN  [http-nio-8080-exec-3] o.s.web.servlet.PageNotFound - No mapping for GET /api/leave-encashment-requests
2026-05-13 17:01:06.479 WARN  [http-nio-8080-exec-3] o.s.w.s.m.m.a.ExceptionHandlerExceptionResolver - Resolved [org.springframework.web.servlet.NoHandlerFoundException: No endpoint GET /api/leave-encashment-requests.]
2026-05-13 17:01:06.490 WARN  [http-nio-8080-exec-8] o.s.web.servlet.PageNotFound - No mapping for GET /api/leave-encashment-requests
2026-05-13 17:01:06.490 WARN  [http-nio-8080-exec-8] o.s.w.s.m.m.a.ExceptionHandlerExceptionResolver - Resolved [org.springframework.web.servlet.NoHandlerFoundException: No endpoint GET /api/leave-encashment-requests.]
2026-05-13 17:01:06.491 WARN  [http-nio-8080-exec-9] o.s.w.s.m.m.a.ExceptionHandlerExceptionResolver - Resolved [org.springframework.web.HttpRequestMethodNotSupportedException: Request method 'GET' is not supported]
2026-05-13 17:01:06.501 WARN  [http-nio-8080-exec-1] o.s.web.servlet.PageNotFound - No mapping for GET /api/leave-encashment-requests
2026-05-13 17:01:06.501 WARN  [http-nio-8080-exec-1] o.s.w.s.m.m.a.ExceptionHandlerExceptionResolver - Resolved [org.springframework.web.servlet.NoHandlerFoundException: No endpoint GET /api/leave-encashment-requests.]
2026-05-13 17:01:06.501 WARN  [http-nio-8080-exec-2] o.s.w.s.m.m.a.ExceptionHandlerExceptionResolver - Resolved [org.springframework.web.HttpRequestMethodNotSupportedException: Request method 'GET' is not supported]
2026-05-13 17:01:06.515 WARN  [http-nio-8080-exec-10] o.s.web.servlet.PageNotFound - No mapping for GET /api/leave-encashment-requests
2026-05-13 17:01:06.515 WARN  [http-nio-8080-exec-7] o.s.w.s.m.m.a.ExceptionHandlerExceptionResolver - Resolved [org.springframework.web.HttpRequestMethodNotSupportedException: Request method 'GET' is not supported]
2026-05-13 17:01:06.515 WARN  [http-nio-8080-exec-10] o.s.w.s.m.m.a.ExceptionHandlerExceptionResolver - Resolved [org.springframework.web.servlet.NoHandlerFoundException: No endpoint GET /api/leave-encashment-requests.]
2026-05-13 17:01:06.525 WARN  [http-nio-8080-exec-6] o.s.w.s.m.m.a.ExceptionHandlerExceptionResolver - Resolved [org.springframework.web.HttpRequestMethodNotSupportedException: Request method 'GET' is not supported]
2026-05-13 17:01:06.526 WARN  [http-nio-8080-exec-4] o.s.web.servlet.PageNotFound - No mapping for GET /api/leave-encashment-requests
2026-05-13 17:01:06.526 WARN  [http-nio-8080-exec-4] o.s.w.s.m.m.a.ExceptionHandlerExceptionResolver - Resolved [org.springframework.web.servlet.NoHandlerFoundException: No endpoint GET /api/leave-encashment-requests.]
2026-05-13 17:01:06.534 WARN  [http-nio-8080-exec-5] o.s.web.servlet.PageNotFound - No mapping for GET /api/leave-encashment-requests
2026-05-13 17:01:06.534 WARN  [http-nio-8080-exec-5] o.s.w.s.m.m.a.ExceptionHandlerExceptionResolver - Resolved [org.springframework.web.servlet.NoHandlerFoundException: No endpoint GET /api/leave-encashment-requests.]
2026-05-13 17:01:06.534 WARN  [http-nio-8080-exec-3] o.s.w.s.m.m.a.ExceptionHandlerExceptionResolver - Resolved [org.springframework.web.HttpRequestMethodNotSupportedException: Request method 'GET' is not supported]
2026-05-13 17:01:06.547 WARN  [http-nio-8080-exec-8] o.s.web.servlet.PageNotFound - No mapping for GET /api/leave-encashment-requests
2026-05-13 17:01:06.548 WARN  [http-nio-8080-exec-9] o.s.w.s.m.m.a.ExceptionHandlerExceptionResolver - Resolved [org.springframework.web.HttpRequestMethodNotSupportedException: Request method 'GET' is not supported]
2026-05-13 17:01:06.548 WARN  [http-nio-8080-exec-8] o.s.w.s.m.m.a.ExceptionHandlerExceptionResolver - Resolved [org.springframework.web.servlet.NoHandlerFoundException: No endpoint GET /api/leave-encashment-requests.]
2026-05-13 17:01:06.558 WARN  [http-nio-8080-exec-2] o.s.web.servlet.PageNotFound - No mapping for GET /api/leave-encashment-requests
2026-05-13 17:01:06.559 WARN  [http-nio-8080-exec-1] o.s.w.s.m.m.a.ExceptionHandlerExceptionResolver - Resolved [org.springframework.web.HttpRequestMethodNotSupportedException: Request method 'GET' is not supported]
2026-05-13 17:01:06.559 WARN  [http-nio-8080-exec-2] o.s.w.s.m.m.a.ExceptionHandlerExceptionResolver - Resolved [org.springframework.web.servlet.NoHandlerFoundException: No endpoint GET /api/leave-encashment-requests.]
2026-05-13 17:01:06.567 WARN  [http-nio-8080-exec-10] o.s.web.servlet.PageNotFound - No mapping for GET /api/leave-encashment-requests
2026-05-13 17:01:06.568 WARN  [http-nio-8080-exec-10] o.s.w.s.m.m.a.ExceptionHandlerExceptionResolver - Resolved [org.springframework.web.servlet.NoHandlerFoundException: No endpoint GET /api/leave-encashment-requests.]
2026-05-13 17:01:06.568 WARN  [http-nio-8080-exec-7] o.s.w.s.m.m.a.ExceptionHandlerExceptionResolver - Resolved [org.springframework.web.HttpRequestMethodNotSupportedException: Request method 'GET' is not supported]
2026-05-13 17:01:06.580 WARN  [http-nio-8080-exec-4] o.s.web.servlet.PageNotFound - No mapping for GET /api/leave-encashment-requests
2026-05-13 17:01:06.580 WARN  [http-nio-8080-exec-4] o.s.w.s.m.m.a.ExceptionHandlerExceptionResolver - Resolved [org.springframework.web.servlet.NoHandlerFoundException: No endpoint GET /api/leave-encashment-requests.]
2026-05-13 17:01:06.580 WARN  [http-nio-8080-exec-6] o.s.w.s.m.m.a.ExceptionHandlerExceptionResolver - Resolved [org.springframework.web.HttpRequestMethodNotSupportedException: Request method 'GET' is not supported]
2026-05-13 17:01:06.591 WARN  [http-nio-8080-exec-5] o.s.web.servlet.PageNotFound - No mapping for GET /api/leave-encashment-requests
2026-05-13 17:01:06.592 WARN  [http-nio-8080-exec-5] o.s.w.s.m.m.a.ExceptionHandlerExceptionResolver - Resolved [org.springframework.web.servlet.NoHandlerFoundException: No endpoint GET /api/leave-encashment-requests.]
2026-05-13 17:01:06.592 WARN  [http-nio-8080-exec-3] o.s.w.s.m.m.a.ExceptionHandlerExceptionResolver - Resolved [org.springframework.web.HttpRequestMethodNotSupportedException: Request method 'GET' is not supported]
2026-05-13 17:01:06.599 WARN  [http-nio-8080-exec-8] o.s.web.servlet.PageNotFound - No mapping for GET /api/leave-encashment-requests
2026-05-13 17:01:06.600 WARN  [http-nio-8080-exec-8] o.s.w.s.m.m.a.ExceptionHandlerExceptionResolver - Resolved [org.springframework.web.servlet.NoHandlerFoundException: No endpoint GET /api/leave-encashment-requests.]
2026-05-13 17:01:06.601 WARN  [http-nio-8080-exec-9] o.s.w.s.m.m.a.ExceptionHandlerExceptionResolver - Resolved [org.springframework.web.HttpRequestMethodNotSupportedException: Request method 'GET' is not supported]
2026-05-13 17:01:06.611 WARN  [http-nio-8080-exec-1] o.s.web.servlet.PageNotFound - No mapping for GET /api/leave-encashment-requests
2026-05-13 17:01:06.613 WARN  [http-nio-8080-exec-2] o.s.w.s.m.m.a.ExceptionHandlerExceptionResolver - Resolved [org.springframework.web.HttpRequestMethodNotSupportedException: Request method 'GET' is not supported]
2026-05-13 17:01:06.613 WARN  [http-nio-8080-exec-1] o.s.w.s.m.m.a.ExceptionHandlerExceptionResolver - Resolved [org.springframework.web.servlet.NoHandlerFoundException: No endpoint GET /api/leave-encashment-requests.]
2026-05-13 17:01:06.622 WARN  [http-nio-8080-exec-7] o.s.w.s.m.m.a.ExceptionHandlerExceptionResolver - Resolved [org.springframework.web.HttpRequestMethodNotSupportedException: Request method 'GET' is not supported]
2026-05-13 17:01:06.623 WARN  [http-nio-8080-exec-10] o.s.web.servlet.PageNotFound - No mapping for GET /api/leave-encashment-requests
2026-05-13 17:01:06.623 WARN  [http-nio-8080-exec-10] o.s.w.s.m.m.a.ExceptionHandlerExceptionResolver - Resolved [org.springframework.web.servlet.NoHandlerFoundException: No endpoint GET /api/leave-encashment-requests.]
2026-05-13 17:01:06.633 WARN  [http-nio-8080-exec-6] o.s.web.servlet.PageNotFound - No mapping for GET /api/leave-encashment-requests
2026-05-13 17:01:06.633 WARN  [http-nio-8080-exec-4] o.s.w.s.m.m.a.ExceptionHandlerExceptionResolver - Resolved [org.springframework.web.HttpRequestMethodNotSupportedException: Request method 'GET' is not supported]
2026-05-13 17:01:06.633 WARN  [http-nio-8080-exec-6] o.s.w.s.m.m.a.ExceptionHandlerExceptionResolver - Resolved [org.springframework.web.servlet.NoHandlerFoundException: No endpoint GET /api/leave-encashment-requests.]
2026-05-13 17:01:06.644 WARN  [http-nio-8080-exec-3] o.s.web.servlet.PageNotFound - No mapping for GET /api/leave-encashment-requests
2026-05-13 17:01:06.644 WARN  [http-nio-8080-exec-5] o.s.w.s.m.m.a.ExceptionHandlerExceptionResolver - Resolved [org.springframework.web.HttpRequestMethodNotSupportedException: Request method 'GET' is not supported]
2026-05-13 17:01:06.644 WARN  [http-nio-8080-exec-3] o.s.w.s.m.m.a.ExceptionHandlerExceptionResolver - Resolved [org.springframework.web.servlet.NoHandlerFoundException: No endpoint GET /api/leave-encashment-requests.]
2026-05-13 17:01:06.656 WARN  [http-nio-8080-exec-8] o.s.w.s.m.m.a.ExceptionHandlerExceptionResolver - Resolved [org.springframework.web.HttpRequestMethodNotSupportedException: Request method 'GET' is not supported]
2026-05-13 17:01:06.656 WARN  [http-nio-8080-exec-9] o.s.web.servlet.PageNotFound - No mapping for GET /api/leave-encashment-requests
2026-05-13 17:01:06.657 WARN  [http-nio-8080-exec-9] o.s.w.s.m.m.a.ExceptionHandlerExceptionResolver - Resolved [org.springframework.web.servlet.NoHandlerFoundException: No endpoint GET /api/leave-encashment-requests.]
2026-05-13 17:01:06.669 WARN  [http-nio-8080-exec-1] o.s.web.servlet.PageNotFound - No mapping for GET /api/leave-encashment-requests
2026-05-13 17:01:06.670 WARN  [http-nio-8080-exec-2] o.s.w.s.m.m.a.ExceptionHandlerExceptionResolver - Resolved [org.springframework.web.HttpRequestMethodNotSupportedException: Request method 'GET' is not supported]
2026-05-13 17:01:06.671 WARN  [http-nio-8080-exec-1] o.s.w.s.m.m.a.ExceptionHandlerExceptionResolver - Resolved [org.springframework.web.servlet.NoHandlerFoundException: No endpoint GET /api/leave-encashment-requests.]
2026-05-13 17:01:06.681 WARN  [http-nio-8080-exec-10] o.s.web.servlet.PageNotFound - No mapping for GET /api/leave-encashment-requests
2026-05-13 17:01:06.682 WARN  [http-nio-8080-exec-10] o.s.w.s.m.m.a.ExceptionHandlerExceptionResolver - Resolved [org.springframework.web.servlet.NoHandlerFoundException: No endpoint GET /api/leave-encashment-requests.]
2026-05-13 17:01:06.682 WARN  [http-nio-8080-exec-7] o.s.w.s.m.m.a.ExceptionHandlerExceptionResolver - Resolved [org.springframework.web.HttpRequestMethodNotSupportedException: Request method 'GET' is not supported]
2026-05-13 17:01:06.694 WARN  [http-nio-8080-exec-4] o.s.web.servlet.PageNotFound - No mapping for GET /api/leave-encashment-requests
2026-05-13 17:01:06.695 WARN  [http-nio-8080-exec-6] o.s.w.s.m.m.a.ExceptionHandlerExceptionResolver - Resolved [org.springframework.web.HttpRequestMethodNotSupportedException: Request method 'GET' is not supported]
2026-05-13 17:01:06.695 WARN  [http-nio-8080-exec-4] o.s.w.s.m.m.a.ExceptionHandlerExceptionResolver - Resolved [org.springframework.web.servlet.NoHandlerFoundException: No endpoint GET /api/leave-encashment-requests.]
2026-05-13 17:01:06.707 WARN  [http-nio-8080-exec-3] o.s.web.servlet.PageNotFound - No mapping for GET /api/leave-encashment-requests
2026-05-13 17:01:06.707 WARN  [http-nio-8080-exec-5] o.s.w.s.m.m.a.ExceptionHandlerExceptionResolver - Resolved [org.springframework.web.HttpRequestMethodNotSupportedException: Request method 'GET' is not supported]
2026-05-13 17:01:06.707 WARN  [http-nio-8080-exec-3] o.s.w.s.m.m.a.ExceptionHandlerExceptionResolver - Resolved [org.springframework.web.servlet.NoHandlerFoundException: No endpoint GET /api/leave-encashment-requests.]
2026-05-13 17:01:06.718 WARN  [http-nio-8080-exec-8] o.s.web.servlet.PageNotFound - No mapping for GET /api/leave-encashment-requests
2026-05-13 17:01:06.718 WARN  [http-nio-8080-exec-8] o.s.w.s.m.m.a.ExceptionHandlerExceptionResolver - Resolved [org.springframework.web.servlet.NoHandlerFoundException: No endpoint GET /api/leave-encashment-requests.]
2026-05-13 17:01:06.719 WARN  [http-nio-8080-exec-9] o.s.w.s.m.m.a.ExceptionHandlerExceptionResolver - Resolved [org.springframework.web.HttpRequestMethodNotSupportedException: Request method 'GET' is not supported]
2026-05-13 17:01:06.728 WARN  [http-nio-8080-exec-2] o.s.web.servlet.PageNotFound - No mapping for GET /api/leave-encashment-requests
2026-05-13 17:01:06.729 WARN  [http-nio-8080-exec-2] o.s.w.s.m.m.a.ExceptionHandlerExceptionResolver - Resolved [org.springframework.web.servlet.NoHandlerFoundException: No endpoint GET /api/leave-encashment-requests.]
2026-05-13 17:01:06.731 WARN  [http-nio-8080-exec-1] o.s.w.s.m.m.a.ExceptionHandlerExceptionResolver - Resolved [org.springframework.web.HttpRequestMethodNotSupportedException: Request method 'GET' is not supported]
2026-05-13 17:01:06.739 WARN  [http-nio-8080-exec-10] o.s.web.servlet.PageNotFound - No mapping for GET /api/leave-encashment-requests
2026-05-13 17:01:06.740 WARN  [http-nio-8080-exec-10] o.s.w.s.m.m.a.ExceptionHandlerExceptionResolver - Resolved [org.springframework.web.servlet.NoHandlerFoundException: No endpoint GET /api/leave-encashment-requests.]
2026-05-13 17:01:06.742 WARN  [http-nio-8080-exec-7] o.s.w.s.m.m.a.ExceptionHandlerExceptionResolver - Resolved [org.springframework.web.HttpRequestMethodNotSupportedException: Request method 'GET' is not supported]
2026-05-13 17:01:06.749 WARN  [http-nio-8080-exec-6] o.s.web.servlet.PageNotFound - No mapping for GET /api/leave-encashment-requests
2026-05-13 17:01:06.749 WARN  [http-nio-8080-exec-6] o.s.w.s.m.m.a.ExceptionHandlerExceptionResolver - Resolved [org.springframework.web.servlet.NoHandlerFoundException: No endpoint GET /api/leave-encashment-requests.]
2026-05-13 17:01:06.757 WARN  [http-nio-8080-exec-4] o.s.w.s.m.m.a.ExceptionHandlerExceptionResolver - Resolved [org.springframework.web.HttpRequestMethodNotSupportedException: Request method 'GET' is not supported]
2026-05-13 17:01:06.761 WARN  [http-nio-8080-exec-3] o.s.web.servlet.PageNotFound - No mapping for GET /api/leave-encashment-requests
2026-05-13 17:01:06.761 WARN  [http-nio-8080-exec-3] o.s.w.s.m.m.a.ExceptionHandlerExceptionResolver - Resolved [org.springframework.web.servlet.NoHandlerFoundException: No endpoint GET /api/leave-encashment-requests.]
2026-05-13 17:01:06.768 WARN  [http-nio-8080-exec-5] o.s.w.s.m.m.a.ExceptionHandlerExceptionResolver - Resolved [org.springframework.web.HttpRequestMethodNotSupportedException: Request method 'GET' is not supported]
2026-05-13 17:01:06.771 WARN  [http-nio-8080-exec-8] o.s.web.servlet.PageNotFound - No mapping for GET /api/leave-encashment-requests
2026-05-13 17:01:06.773 WARN  [http-nio-8080-exec-8] o.s.w.s.m.m.a.ExceptionHandlerExceptionResolver - Resolved [org.springframework.web.servlet.NoHandlerFoundException: No endpoint GET /api/leave-encashment-requests.]
2026-05-13 17:01:06.778 WARN  [http-nio-8080-exec-9] o.s.w.s.m.m.a.ExceptionHandlerExceptionResolver - Resolved [org.springframework.web.HttpRequestMethodNotSupportedException: Request method 'GET' is not supported]
2026-05-13 17:01:06.781 WARN  [http-nio-8080-exec-2] o.s.web.servlet.PageNotFound - No mapping for GET /api/leave-encashment-requests
2026-05-13 17:01:06.782 WARN  [http-nio-8080-exec-2] o.s.w.s.m.m.a.ExceptionHandlerExceptionResolver - Resolved [org.springframework.web.servlet.NoHandlerFoundException: No endpoint GET /api/leave-encashment-requests.]
2026-05-13 17:01:06.793 WARN  [http-nio-8080-exec-1] o.s.w.s.m.m.a.ExceptionHandlerExceptionResolver - Resolved [org.springframework.web.HttpRequestMethodNotSupportedException: Request method 'GET' is not supported]
2026-05-13 17:01:06.794 WARN  [http-nio-8080-exec-10] o.s.web.servlet.PageNotFound - No mapping for GET /api/leave-encashment-requests
2026-05-13 17:01:06.795 WARN  [http-nio-8080-exec-10] o.s.w.s.m.m.a.ExceptionHandlerExceptionResolver - Resolved [org.springframework.web.servlet.NoHandlerFoundException: No endpoint GET /api/leave-encashment-requests.]
2026-05-13 17:01:06.803 WARN  [http-nio-8080-exec-7] o.s.w.s.m.m.a.ExceptionHandlerExceptionResolver - Resolved [org.springframework.web.HttpRequestMethodNotSupportedException: Request method 'GET' is not supported]
2026-05-13 17:01:06.806 WARN  [http-nio-8080-exec-6] o.s.web.servlet.PageNotFound - No mapping for GET /api/leave-encashment-requests
2026-05-13 17:01:06.807 WARN  [http-nio-8080-exec-6] o.s.w.s.m.m.a.ExceptionHandlerExceptionResolver - Resolved [org.springframework.web.servlet.NoHandlerFoundException: No endpoint GET /api/leave-encashment-requests.]
2026-05-13 17:01:06.818 WARN  [http-nio-8080-exec-4] o.s.web.servlet.PageNotFound - No mapping for GET /api/leave-encashment-requests
2026-05-13 17:01:06.819 WARN  [http-nio-8080-exec-4] o.s.w.s.m.m.a.ExceptionHandlerExceptionResolver - Resolved [org.springframework.web.servlet.NoHandlerFoundException: No endpoint GET /api/leave-encashment-requests.]
2026-05-13 17:01:06.823 WARN  [http-nio-8080-exec-3] o.s.w.s.m.m.a.ExceptionHandlerExceptionResolver - Resolved [org.springframework.web.HttpRequestMethodNotSupportedException: Request method 'GET' is not supported]
2026-05-13 17:01:06.831 WARN  [http-nio-8080-exec-5] o.s.web.servlet.PageNotFound - No mapping for GET /api/leave-encashment-requests
2026-05-13 17:01:06.832 WARN  [http-nio-8080-exec-5] o.s.w.s.m.m.a.ExceptionHandlerExceptionResolver - Resolved [org.springframework.web.servlet.NoHandlerFoundException: No endpoint GET /api/leave-encashment-requests.]
2026-05-13 17:01:06.835 WARN  [http-nio-8080-exec-8] o.s.w.s.m.m.a.ExceptionHandlerExceptionResolver - Resolved [org.springframework.web.HttpRequestMethodNotSupportedException: Request method 'GET' is not supported]
2026-05-13 17:01:06.852 WARN  [http-nio-8080-exec-9] o.s.web.servlet.PageNotFound - No mapping for GET /api/leave-encashment-requests
2026-05-13 17:01:06.853 WARN  [http-nio-8080-exec-9] o.s.w.s.m.m.a.ExceptionHandlerExceptionResolver - Resolved [org.springframework.web.servlet.NoHandlerFoundException: No endpoint GET /api/leave-encashment-requests.]
2026-05-13 17:01:06.858 WARN  [http-nio-8080-exec-2] o.s.w.s.m.m.a.ExceptionHandlerExceptionResolver - Resolved [org.springframework.web.HttpRequestMethodNotSupportedException: Request method 'GET' is not supported]
2026-05-13 17:01:06.866 WARN  [http-nio-8080-exec-1] o.s.web.servlet.PageNotFound - No mapping for GET /api/leave-encashment-requests
2026-05-13 17:01:06.866 WARN  [http-nio-8080-exec-1] o.s.w.s.m.m.a.ExceptionHandlerExceptionResolver - Resolved [org.springframework.web.servlet.NoHandlerFoundException: No endpoint GET /api/leave-encashment-requests.]
2026-05-13 17:01:06.869 WARN  [http-nio-8080-exec-10] o.s.w.s.m.m.a.ExceptionHandlerExceptionResolver - Resolved [org.springframework.web.HttpRequestMethodNotSupportedException: Request method 'GET' is not supported]
2026-05-13 17:01:06.879 WARN  [http-nio-8080-exec-7] o.s.web.servlet.PageNotFound - No mapping for GET /api/leave-encashment-requests
2026-05-13 17:01:06.880 WARN  [http-nio-8080-exec-7] o.s.w.s.m.m.a.ExceptionHandlerExceptionResolver - Resolved [org.springframework.web.servlet.NoHandlerFoundException: No endpoint GET /api/leave-encashment-requests.]
2026-05-13 17:01:06.883 WARN  [http-nio-8080-exec-6] o.s.w.s.m.m.a.ExceptionHandlerExceptionResolver - Resolved [org.springframework.web.HttpRequestMethodNotSupportedException: Request method 'GET' is not supported]
2026-05-13 17:01:06.903 WARN  [http-nio-8080-exec-4] o.s.web.servlet.PageNotFound - No mapping for GET /api/leave-encashment-requests
2026-05-13 17:01:06.904 WARN  [http-nio-8080-exec-3] o.s.w.s.m.m.a.ExceptionHandlerExceptionResolver - Resolved [org.springframework.web.HttpRequestMethodNotSupportedException: Request method 'GET' is not supported]
2026-05-13 17:01:06.904 WARN  [http-nio-8080-exec-4] o.s.w.s.m.m.a.ExceptionHandlerExceptionResolver - Resolved [org.springframework.web.servlet.NoHandlerFoundException: No endpoint GET /api/leave-encashment-requests.]
2026-05-13 17:01:06.916 WARN  [http-nio-8080-exec-8] o.s.web.servlet.PageNotFound - No mapping for GET /api/leave-encashment-requests
2026-05-13 17:01:06.917 WARN  [http-nio-8080-exec-8] o.s.w.s.m.m.a.ExceptionHandlerExceptionResolver - Resolved [org.springframework.web.servlet.NoHandlerFoundException: No endpoint GET /api/leave-encashment-requests.]
2026-05-13 17:01:06.918 WARN  [http-nio-8080-exec-5] o.s.w.s.m.m.a.ExceptionHandlerExceptionResolver - Resolved [org.springframework.web.HttpRequestMethodNotSupportedException: Request method 'GET' is not supported]
2026-05-13 17:01:06.930 WARN  [http-nio-8080-exec-2] o.s.w.s.m.m.a.ExceptionHandlerExceptionResolver - Resolved [org.springframework.web.HttpRequestMethodNotSupportedException: Request method 'GET' is not supported]
2026-05-13 17:01:06.931 WARN  [http-nio-8080-exec-9] o.s.web.servlet.PageNotFound - No mapping for GET /api/leave-encashment-requests
2026-05-13 17:01:06.932 WARN  [http-nio-8080-exec-9] o.s.w.s.m.m.a.ExceptionHandlerExceptionResolver - Resolved [org.springframework.web.servlet.NoHandlerFoundException: No endpoint GET /api/leave-encashment-requests.]
2026-05-13 17:01:06.944 WARN  [http-nio-8080-exec-1] o.s.w.s.m.m.a.ExceptionHandlerExceptionResolver - Resolved [org.springframework.web.HttpRequestMethodNotSupportedException: Request method 'GET' is not supported]
2026-05-13 17:01:06.945 WARN  [http-nio-8080-exec-10] o.s.web.servlet.PageNotFound - No mapping for GET /api/leave-encashment-requests
2026-05-13 17:01:06.946 WARN  [http-nio-8080-exec-10] o.s.w.s.m.m.a.ExceptionHandlerExceptionResolver - Resolved [org.springframework.web.servlet.NoHandlerFoundException: No endpoint GET /api/leave-encashment-requests.]
2026-05-13 17:01:06.961 WARN  [http-nio-8080-exec-7] o.s.web.servlet.PageNotFound - No mapping for GET /api/leave-encashment-requests
2026-05-13 17:01:06.962 WARN  [http-nio-8080-exec-7] o.s.w.s.m.m.a.ExceptionHandlerExceptionResolver - Resolved [org.springframework.web.servlet.NoHandlerFoundException: No endpoint GET /api/leave-encashment-requests.]
2026-05-13 17:01:06.965 WARN  [http-nio-8080-exec-6] o.s.w.s.m.m.a.ExceptionHandlerExceptionResolver - Resolved [org.springframework.web.HttpRequestMethodNotSupportedException: Request method 'GET' is not supported]
2026-05-13 17:01:06.975 WARN  [http-nio-8080-exec-3] o.s.web.servlet.PageNotFound - No mapping for GET /api/leave-encashment-requests
2026-05-13 17:01:06.976 WARN  [http-nio-8080-exec-3] o.s.w.s.m.m.a.ExceptionHandlerExceptionResolver - Resolved [org.springframework.web.servlet.NoHandlerFoundException: No endpoint GET /api/leave-encashment-requests.]
2026-05-13 17:01:06.978 WARN  [http-nio-8080-exec-4] o.s.w.s.m.m.a.ExceptionHandlerExceptionResolver - Resolved [org.springframework.web.HttpRequestMethodNotSupportedException: Request method 'GET' is not supported]
2026-05-13 17:01:06.990 WARN  [http-nio-8080-exec-5] o.s.w.s.m.m.a.ExceptionHandlerExceptionResolver - Resolved [org.springframework.web.HttpRequestMethodNotSupportedException: Request method 'GET' is not supported]
2026-05-13 17:01:06.991 WARN  [http-nio-8080-exec-8] o.s.web.servlet.PageNotFound - No mapping for GET /api/leave-encashment-requests
2026-05-13 17:01:06.991 WARN  [http-nio-8080-exec-8] o.s.w.s.m.m.a.ExceptionHandlerExceptionResolver - Resolved [org.springframework.web.servlet.NoHandlerFoundException: No endpoint GET /api/leave-encashment-requests.]
2026-05-13 17:01:07.002 WARN  [http-nio-8080-exec-9] o.s.web.servlet.PageNotFound - No mapping for GET /api/leave-encashment-requests
2026-05-13 17:01:07.003 WARN  [http-nio-8080-exec-2] o.s.w.s.m.m.a.ExceptionHandlerExceptionResolver - Resolved [org.springframework.web.HttpRequestMethodNotSupportedException: Request method 'GET' is not supported]
2026-05-13 17:01:07.003 WARN  [http-nio-8080-exec-9] o.s.w.s.m.m.a.ExceptionHandlerExceptionResolver - Resolved [org.springframework.web.servlet.NoHandlerFoundException: No endpoint GET /api/leave-encashment-requests.]
2026-05-13 17:01:07.017 WARN  [http-nio-8080-exec-1] o.s.web.servlet.PageNotFound - No mapping for GET /api/leave-encashment-requests
2026-05-13 17:01:07.018 WARN  [http-nio-8080-exec-10] o.s.w.s.m.m.a.ExceptionHandlerExceptionResolver - Resolved [org.springframework.web.HttpRequestMethodNotSupportedException: Request method 'GET' is not supported]
2026-05-13 17:01:07.018 WARN  [http-nio-8080-exec-1] o.s.w.s.m.m.a.ExceptionHandlerExceptionResolver - Resolved [org.springframework.web.servlet.NoHandlerFoundException: No endpoint GET /api/leave-encashment-requests.]
2026-05-13 17:01:07.033 WARN  [http-nio-8080-exec-6] o.s.web.servlet.PageNotFound - No mapping for GET /api/leave-encashment-requests
2026-05-13 17:01:07.034 WARN  [http-nio-8080-exec-7] o.s.w.s.m.m.a.ExceptionHandlerExceptionResolver - Resolved [org.springframework.web.HttpRequestMethodNotSupportedException: Request method 'GET' is not supported]
2026-05-13 17:01:07.034 WARN  [http-nio-8080-exec-6] o.s.w.s.m.m.a.ExceptionHandlerExceptionResolver - Resolved [org.springframework.web.servlet.NoHandlerFoundException: No endpoint GET /api/leave-encashment-requests.]
2026-05-13 17:01:28.224 INFO  [restartedMain] com.gm.hrms.GMHrmsApplication - Starting GMHrmsApplication using Java 21.0.7 with PID 47320 (D:\Projects\GM HRMS\gm-hrms-backend\target\classes started by G M TECHNOSYS in D:\Projects\GM HRMS\gm-hrms-backend)
2026-05-13 17:01:28.229 INFO  [restartedMain] com.gm.hrms.GMHrmsApplication - The following 1 profile is active: "dev"
2026-05-13 17:01:33.463 WARN  [restartedMain] org.hibernate.orm.deprecation - HHH90000025: PostgreSQLDialect does not need to be specified explicitly using 'hibernate.dialect' (remove the property setting and it will be selected by default)
2026-05-13 17:01:44.034 WARN  [restartedMain] o.s.s.c.a.a.c.InitializeUserDetailsBeanManagerConfigurer$InitializeUserDetailsManagerConfigurer - Global AuthenticationManager configured with an AuthenticationProvider bean. UserDetailsService beans will not be used by Spring Security for automatically configuring username/password login. Consider removing the AuthenticationProvider bean. Alternatively, consider using the UserDetailsService in a manually instantiated DaoAuthenticationProvider. If the current configuration is intentional, to turn off this warning, increase the logging level of 'org.springframework.security.config.annotation.authentication.configuration.InitializeUserDetailsBeanManagerConfigurer' to ERROR
2026-05-13 17:01:48.948 WARN  [restartedMain] n.s.j.engine.xml.JRTextFieldFactory - The 'isStretchWithOverflow' attribute is deprecated. Use the 'textAdjust' attribute instead.
2026-05-13 17:01:49.133 WARN  [restartedMain] n.s.j.engine.xml.JRTextFieldFactory - The 'isStretchWithOverflow' attribute is deprecated. Use the 'textAdjust' attribute instead.
2026-05-13 17:01:49.710 INFO  [restartedMain] c.g.h.r.s.i.JasperPayslipReportService - Payslip JRXML compiled and cached successfully from 'reports/payslip.jrxml'.
2026-05-13 17:01:50.201 WARN  [restartedMain] o.s.b.j.a.JpaBaseConfiguration$JpaWebConfiguration - spring.jpa.open-in-view is enabled by default. Therefore, database queries may be performed during view rendering. Explicitly configure spring.jpa.open-in-view to disable this warning
2026-05-13 17:01:51.591 INFO  [restartedMain] com.gm.hrms.GMHrmsApplication - Started GMHrmsApplication in 24.073 seconds (process running for 24.907)
2026-05-13 17:02:14.041 WARN  [http-nio-8080-exec-3] o.s.w.s.m.m.a.ExceptionHandlerExceptionResolver - Resolved [org.springframework.web.HttpRequestMethodNotSupportedException: Request method 'GET' is not supported]
2026-05-13 17:02:14.058 WARN  [http-nio-8080-exec-8] o.s.w.s.m.m.a.ExceptionHandlerExceptionResolver - Resolved [org.springframework.web.HttpRequestMethodNotSupportedException: Request method 'GET' is not supported]
2026-05-13 17:02:14.079 WARN  [http-nio-8080-exec-9] o.s.w.s.m.m.a.ExceptionHandlerExceptionResolver - Resolved [org.springframework.web.HttpRequestMethodNotSupportedException: Request method 'GET' is not supported]
2026-05-13 17:02:14.098 WARN  [http-nio-8080-exec-2] o.s.w.s.m.m.a.ExceptionHandlerExceptionResolver - Resolved [org.springframework.web.HttpRequestMethodNotSupportedException: Request method 'GET' is not supported]
2026-05-13 17:02:14.115 WARN  [http-nio-8080-exec-4] o.s.w.s.m.m.a.ExceptionHandlerExceptionResolver - Resolved [org.springframework.web.HttpRequestMethodNotSupportedException: Request method 'GET' is not supported]
2026-05-13 17:02:14.131 WARN  [http-nio-8080-exec-5] o.s.w.s.m.m.a.ExceptionHandlerExceptionResolver - Resolved [org.springframework.web.HttpRequestMethodNotSupportedException: Request method 'GET' is not supported]
2026-05-13 17:02:14.147 WARN  [http-nio-8080-exec-6] o.s.w.s.m.m.a.ExceptionHandlerExceptionResolver - Resolved [org.springframework.web.HttpRequestMethodNotSupportedException: Request method 'GET' is not supported]
2026-05-13 17:02:14.165 WARN  [http-nio-8080-exec-8] o.s.w.s.m.m.a.ExceptionHandlerExceptionResolver - Resolved [org.springframework.web.HttpRequestMethodNotSupportedException: Request method 'GET' is not supported]
2026-05-13 17:02:14.180 WARN  [http-nio-8080-exec-9] o.s.w.s.m.m.a.ExceptionHandlerExceptionResolver - Resolved [org.springframework.web.HttpRequestMethodNotSupportedException: Request method 'GET' is not supported]
2026-05-13 17:02:14.201 WARN  [http-nio-8080-exec-4] o.s.w.s.m.m.a.ExceptionHandlerExceptionResolver - Resolved [org.springframework.web.HttpRequestMethodNotSupportedException: Request method 'GET' is not supported]
2026-05-13 17:02:14.215 WARN  [http-nio-8080-exec-7] o.s.w.s.m.m.a.ExceptionHandlerExceptionResolver - Resolved [org.springframework.web.HttpRequestMethodNotSupportedException: Request method 'GET' is not supported]
2026-05-13 17:02:14.240 WARN  [http-nio-8080-exec-6] o.s.w.s.m.m.a.ExceptionHandlerExceptionResolver - Resolved [org.springframework.web.HttpRequestMethodNotSupportedException: Request method 'GET' is not supported]
2026-05-13 17:02:14.254 WARN  [http-nio-8080-exec-8] o.s.w.s.m.m.a.ExceptionHandlerExceptionResolver - Resolved [org.springframework.web.HttpRequestMethodNotSupportedException: Request method 'GET' is not supported]
2026-05-13 17:02:14.269 WARN  [http-nio-8080-exec-9] o.s.w.s.m.m.a.ExceptionHandlerExceptionResolver - Resolved [org.springframework.web.HttpRequestMethodNotSupportedException: Request method 'GET' is not supported]
2026-05-13 17:02:14.289 WARN  [http-nio-8080-exec-4] o.s.w.s.m.m.a.ExceptionHandlerExceptionResolver - Resolved [org.springframework.web.HttpRequestMethodNotSupportedException: Request method 'GET' is not supported]
2026-05-13 17:02:14.305 WARN  [http-nio-8080-exec-7] o.s.w.s.m.m.a.ExceptionHandlerExceptionResolver - Resolved [org.springframework.web.HttpRequestMethodNotSupportedException: Request method 'GET' is not supported]
2026-05-13 17:02:14.325 WARN  [http-nio-8080-exec-6] o.s.w.s.m.m.a.ExceptionHandlerExceptionResolver - Resolved [org.springframework.web.HttpRequestMethodNotSupportedException: Request method 'GET' is not supported]
2026-05-13 17:02:14.344 WARN  [http-nio-8080-exec-8] o.s.w.s.m.m.a.ExceptionHandlerExceptionResolver - Resolved [org.springframework.web.HttpRequestMethodNotSupportedException: Request method 'GET' is not supported]
2026-05-13 17:02:14.361 WARN  [http-nio-8080-exec-10] o.s.w.s.m.m.a.ExceptionHandlerExceptionResolver - Resolved [org.springframework.web.HttpRequestMethodNotSupportedException: Request method 'GET' is not supported]
2026-05-13 17:02:14.381 WARN  [http-nio-8080-exec-2] o.s.w.s.m.m.a.ExceptionHandlerExceptionResolver - Resolved [org.springframework.web.HttpRequestMethodNotSupportedException: Request method 'GET' is not supported]
2026-05-13 17:02:14.396 WARN  [http-nio-8080-exec-1] o.s.w.s.m.m.a.ExceptionHandlerExceptionResolver - Resolved [org.springframework.web.HttpRequestMethodNotSupportedException: Request method 'GET' is not supported]
2026-05-13 17:02:14.412 WARN  [http-nio-8080-exec-5] o.s.w.s.m.m.a.ExceptionHandlerExceptionResolver - Resolved [org.springframework.web.HttpRequestMethodNotSupportedException: Request method 'GET' is not supported]
2026-05-13 17:02:14.426 WARN  [http-nio-8080-exec-8] o.s.w.s.m.m.a.ExceptionHandlerExceptionResolver - Resolved [org.springframework.web.HttpRequestMethodNotSupportedException: Request method 'GET' is not supported]
2026-05-13 17:02:14.443 WARN  [http-nio-8080-exec-10] o.s.w.s.m.m.a.ExceptionHandlerExceptionResolver - Resolved [org.springframework.web.HttpRequestMethodNotSupportedException: Request method 'GET' is not supported]
2026-05-13 17:02:14.458 WARN  [http-nio-8080-exec-2] o.s.w.s.m.m.a.ExceptionHandlerExceptionResolver - Resolved [org.springframework.web.HttpRequestMethodNotSupportedException: Request method 'GET' is not supported]
2026-05-13 17:02:14.474 WARN  [http-nio-8080-exec-1] o.s.w.s.m.m.a.ExceptionHandlerExceptionResolver - Resolved [org.springframework.web.HttpRequestMethodNotSupportedException: Request method 'GET' is not supported]
2026-05-13 17:02:14.501 WARN  [http-nio-8080-exec-7] o.s.w.s.m.m.a.ExceptionHandlerExceptionResolver - Resolved [org.springframework.web.HttpRequestMethodNotSupportedException: Request method 'GET' is not supported]
2026-05-13 17:02:14.519 WARN  [http-nio-8080-exec-5] o.s.w.s.m.m.a.ExceptionHandlerExceptionResolver - Resolved [org.springframework.web.HttpRequestMethodNotSupportedException: Request method 'GET' is not supported]
2026-05-13 17:02:14.536 WARN  [http-nio-8080-exec-3] o.s.w.s.m.m.a.ExceptionHandlerExceptionResolver - Resolved [org.springframework.web.HttpRequestMethodNotSupportedException: Request method 'GET' is not supported]
2026-05-13 17:02:14.555 WARN  [http-nio-8080-exec-9] o.s.w.s.m.m.a.ExceptionHandlerExceptionResolver - Resolved [org.springframework.web.HttpRequestMethodNotSupportedException: Request method 'GET' is not supported]
2026-05-13 17:02:14.574 WARN  [http-nio-8080-exec-1] o.s.w.s.m.m.a.ExceptionHandlerExceptionResolver - Resolved [org.springframework.web.HttpRequestMethodNotSupportedException: Request method 'GET' is not supported]
2026-05-13 17:02:14.595 WARN  [http-nio-8080-exec-7] o.s.w.s.m.m.a.ExceptionHandlerExceptionResolver - Resolved [org.springframework.web.HttpRequestMethodNotSupportedException: Request method 'GET' is not supported]
2026-05-13 17:02:14.614 WARN  [http-nio-8080-exec-5] o.s.w.s.m.m.a.ExceptionHandlerExceptionResolver - Resolved [org.springframework.web.HttpRequestMethodNotSupportedException: Request method 'GET' is not supported]
2026-05-13 17:02:14.633 WARN  [http-nio-8080-exec-8] o.s.w.s.m.m.a.ExceptionHandlerExceptionResolver - Resolved [org.springframework.web.HttpRequestMethodNotSupportedException: Request method 'GET' is not supported]
2026-05-13 17:02:14.649 WARN  [http-nio-8080-exec-10] o.s.w.s.m.m.a.ExceptionHandlerExceptionResolver - Resolved [org.springframework.web.HttpRequestMethodNotSupportedException: Request method 'GET' is not supported]
2026-05-13 17:02:14.678 WARN  [http-nio-8080-exec-1] o.s.w.s.m.m.a.ExceptionHandlerExceptionResolver - Resolved [org.springframework.web.HttpRequestMethodNotSupportedException: Request method 'GET' is not supported]
2026-05-13 17:02:14.700 WARN  [http-nio-8080-exec-4] o.s.w.s.m.m.a.ExceptionHandlerExceptionResolver - Resolved [org.springframework.web.HttpRequestMethodNotSupportedException: Request method 'GET' is not supported]
2026-05-13 17:02:14.721 WARN  [http-nio-8080-exec-5] o.s.w.s.m.m.a.ExceptionHandlerExceptionResolver - Resolved [org.springframework.web.HttpRequestMethodNotSupportedException: Request method 'GET' is not supported]
2026-05-13 17:02:14.744 WARN  [http-nio-8080-exec-8] o.s.w.s.m.m.a.ExceptionHandlerExceptionResolver - Resolved [org.springframework.web.HttpRequestMethodNotSupportedException: Request method 'GET' is not supported]
2026-05-13 17:02:14.774 WARN  [http-nio-8080-exec-10] o.s.w.s.m.m.a.ExceptionHandlerExceptionResolver - Resolved [org.springframework.web.HttpRequestMethodNotSupportedException: Request method 'GET' is not supported]
2026-05-13 17:02:14.801 WARN  [http-nio-8080-exec-1] o.s.w.s.m.m.a.ExceptionHandlerExceptionResolver - Resolved [org.springframework.web.HttpRequestMethodNotSupportedException: Request method 'GET' is not supported]
2026-05-13 17:02:14.823 WARN  [http-nio-8080-exec-4] o.s.w.s.m.m.a.ExceptionHandlerExceptionResolver - Resolved [org.springframework.web.HttpRequestMethodNotSupportedException: Request method 'GET' is not supported]
2026-05-13 17:02:14.841 WARN  [http-nio-8080-exec-5] o.s.w.s.m.m.a.ExceptionHandlerExceptionResolver - Resolved [org.springframework.web.HttpRequestMethodNotSupportedException: Request method 'GET' is not supported]
2026-05-13 17:02:14.869 WARN  [http-nio-8080-exec-8] o.s.w.s.m.m.a.ExceptionHandlerExceptionResolver - Resolved [org.springframework.web.HttpRequestMethodNotSupportedException: Request method 'GET' is not supported]
2026-05-13 17:02:14.888 WARN  [http-nio-8080-exec-10] o.s.w.s.m.m.a.ExceptionHandlerExceptionResolver - Resolved [org.springframework.web.HttpRequestMethodNotSupportedException: Request method 'GET' is not supported]
2026-05-13 17:02:14.905 WARN  [http-nio-8080-exec-1] o.s.w.s.m.m.a.ExceptionHandlerExceptionResolver - Resolved [org.springframework.web.HttpRequestMethodNotSupportedException: Request method 'GET' is not supported]
2026-05-13 17:02:14.928 WARN  [http-nio-8080-exec-4] o.s.w.s.m.m.a.ExceptionHandlerExceptionResolver - Resolved [org.springframework.web.HttpRequestMethodNotSupportedException: Request method 'GET' is not supported]
2026-05-13 17:02:14.931 WARN  [http-nio-8080-exec-7] o.s.web.servlet.PageNotFound - No mapping for GET /api/leave-encashment-requests
2026-05-13 17:02:14.932 WARN  [http-nio-8080-exec-5] o.s.w.s.m.m.a.ExceptionHandlerExceptionResolver - Resolved [org.springframework.web.HttpRequestMethodNotSupportedException: Request method 'GET' is not supported]
2026-05-13 17:02:14.934 WARN  [http-nio-8080-exec-7] o.s.w.s.m.m.a.ExceptionHandlerExceptionResolver - Resolved [org.springframework.web.servlet.NoHandlerFoundException: No endpoint GET /api/leave-encashment-requests.]
2026-05-13 17:02:14.956 WARN  [http-nio-8080-exec-3] o.s.web.servlet.PageNotFound - No mapping for GET /api/leave-encashment-requests
2026-05-13 17:02:14.957 WARN  [http-nio-8080-exec-8] o.s.w.s.m.m.a.ExceptionHandlerExceptionResolver - Resolved [org.springframework.web.HttpRequestMethodNotSupportedException: Request method 'GET' is not supported]
2026-05-13 17:02:14.958 WARN  [http-nio-8080-exec-3] o.s.w.s.m.m.a.ExceptionHandlerExceptionResolver - Resolved [org.springframework.web.servlet.NoHandlerFoundException: No endpoint GET /api/leave-encashment-requests.]
2026-05-13 17:02:14.981 WARN  [http-nio-8080-exec-1] o.s.web.servlet.PageNotFound - No mapping for GET /api/leave-encashment-requests
2026-05-13 17:02:14.983 WARN  [http-nio-8080-exec-9] o.s.w.s.m.m.a.ExceptionHandlerExceptionResolver - Resolved [org.springframework.web.HttpRequestMethodNotSupportedException: Request method 'GET' is not supported]
2026-05-13 17:02:14.983 WARN  [http-nio-8080-exec-1] o.s.w.s.m.m.a.ExceptionHandlerExceptionResolver - Resolved [org.springframework.web.servlet.NoHandlerFoundException: No endpoint GET /api/leave-encashment-requests.]
2026-05-13 17:02:15.005 WARN  [http-nio-8080-exec-5] o.s.web.servlet.PageNotFound - No mapping for GET /api/leave-encashment-requests
2026-05-13 17:02:15.006 WARN  [http-nio-8080-exec-4] o.s.w.s.m.m.a.ExceptionHandlerExceptionResolver - Resolved [org.springframework.web.HttpRequestMethodNotSupportedException: Request method 'GET' is not supported]
2026-05-13 17:02:15.007 WARN  [http-nio-8080-exec-5] o.s.w.s.m.m.a.ExceptionHandlerExceptionResolver - Resolved [org.springframework.web.servlet.NoHandlerFoundException: No endpoint GET /api/leave-encashment-requests.]
2026-05-13 17:02:15.029 WARN  [http-nio-8080-exec-8] o.s.web.servlet.PageNotFound - No mapping for GET /api/leave-encashment-requests
2026-05-13 17:02:15.031 WARN  [http-nio-8080-exec-8] o.s.w.s.m.m.a.ExceptionHandlerExceptionResolver - Resolved [org.springframework.web.servlet.NoHandlerFoundException: No endpoint GET /api/leave-encashment-requests.]
2026-05-13 17:02:15.032 WARN  [http-nio-8080-exec-6] o.s.w.s.m.m.a.ExceptionHandlerExceptionResolver - Resolved [org.springframework.web.HttpRequestMethodNotSupportedException: Request method 'GET' is not supported]
2026-05-13 17:02:15.054 WARN  [http-nio-8080-exec-10] o.s.web.servlet.PageNotFound - No mapping for GET /api/leave-encashment-requests
2026-05-13 17:02:15.055 WARN  [http-nio-8080-exec-1] o.s.w.s.m.m.a.ExceptionHandlerExceptionResolver - Resolved [org.springframework.web.HttpRequestMethodNotSupportedException: Request method 'GET' is not supported]
2026-05-13 17:02:15.056 WARN  [http-nio-8080-exec-10] o.s.w.s.m.m.a.ExceptionHandlerExceptionResolver - Resolved [org.springframework.web.servlet.NoHandlerFoundException: No endpoint GET /api/leave-encashment-requests.]
2026-05-13 17:02:15.075 WARN  [http-nio-8080-exec-2] o.s.web.servlet.PageNotFound - No mapping for GET /api/leave-encashment-requests
2026-05-13 17:02:15.076 WARN  [http-nio-8080-exec-9] o.s.w.s.m.m.a.ExceptionHandlerExceptionResolver - Resolved [org.springframework.web.HttpRequestMethodNotSupportedException: Request method 'GET' is not supported]
2026-05-13 17:02:15.077 WARN  [http-nio-8080-exec-2] o.s.w.s.m.m.a.ExceptionHandlerExceptionResolver - Resolved [org.springframework.web.servlet.NoHandlerFoundException: No endpoint GET /api/leave-encashment-requests.]
2026-05-13 17:02:15.094 WARN  [http-nio-8080-exec-5] o.s.web.servlet.PageNotFound - No mapping for GET /api/leave-encashment-requests
2026-05-13 17:02:15.095 WARN  [http-nio-8080-exec-4] o.s.w.s.m.m.a.ExceptionHandlerExceptionResolver - Resolved [org.springframework.web.HttpRequestMethodNotSupportedException: Request method 'GET' is not supported]
2026-05-13 17:02:15.095 WARN  [http-nio-8080-exec-5] o.s.w.s.m.m.a.ExceptionHandlerExceptionResolver - Resolved [org.springframework.web.servlet.NoHandlerFoundException: No endpoint GET /api/leave-encashment-requests.]
2026-05-13 17:02:15.112 WARN  [http-nio-8080-exec-8] o.s.web.servlet.PageNotFound - No mapping for GET /api/leave-encashment-requests
2026-05-13 17:02:15.112 WARN  [http-nio-8080-exec-8] o.s.w.s.m.m.a.ExceptionHandlerExceptionResolver - Resolved [org.springframework.web.servlet.NoHandlerFoundException: No endpoint GET /api/leave-encashment-requests.]
2026-05-13 17:02:15.112 WARN  [http-nio-8080-exec-7] o.s.w.s.m.m.a.ExceptionHandlerExceptionResolver - Resolved [org.springframework.web.HttpRequestMethodNotSupportedException: Request method 'GET' is not supported]
2026-05-13 17:02:15.128 WARN  [http-nio-8080-exec-3] o.s.web.servlet.PageNotFound - No mapping for GET /api/leave-encashment-requests
2026-05-13 17:02:15.129 WARN  [http-nio-8080-exec-6] o.s.w.s.m.m.a.ExceptionHandlerExceptionResolver - Resolved [org.springframework.web.HttpRequestMethodNotSupportedException: Request method 'GET' is not supported]
2026-05-13 17:02:15.130 WARN  [http-nio-8080-exec-3] o.s.w.s.m.m.a.ExceptionHandlerExceptionResolver - Resolved [org.springframework.web.servlet.NoHandlerFoundException: No endpoint GET /api/leave-encashment-requests.]
2026-05-13 17:02:15.148 WARN  [http-nio-8080-exec-10] o.s.web.servlet.PageNotFound - No mapping for GET /api/leave-encashment-requests
2026-05-13 17:02:15.150 WARN  [http-nio-8080-exec-1] o.s.w.s.m.m.a.ExceptionHandlerExceptionResolver - Resolved [org.springframework.web.HttpRequestMethodNotSupportedException: Request method 'GET' is not supported]
2026-05-13 17:02:15.150 WARN  [http-nio-8080-exec-10] o.s.w.s.m.m.a.ExceptionHandlerExceptionResolver - Resolved [org.springframework.web.servlet.NoHandlerFoundException: No endpoint GET /api/leave-encashment-requests.]
2026-05-13 17:02:15.168 WARN  [http-nio-8080-exec-9] o.s.web.servlet.PageNotFound - No mapping for GET /api/leave-encashment-requests
2026-05-13 17:02:15.170 WARN  [http-nio-8080-exec-9] o.s.w.s.m.m.a.ExceptionHandlerExceptionResolver - Resolved [org.springframework.web.servlet.NoHandlerFoundException: No endpoint GET /api/leave-encashment-requests.]
2026-05-13 17:02:15.171 WARN  [http-nio-8080-exec-2] o.s.w.s.m.m.a.ExceptionHandlerExceptionResolver - Resolved [org.springframework.web.HttpRequestMethodNotSupportedException: Request method 'GET' is not supported]
2026-05-13 17:02:15.190 WARN  [http-nio-8080-exec-5] o.s.web.servlet.PageNotFound - No mapping for GET /api/leave-encashment-requests
2026-05-13 17:02:15.191 WARN  [http-nio-8080-exec-5] o.s.w.s.m.m.a.ExceptionHandlerExceptionResolver - Resolved [org.springframework.web.servlet.NoHandlerFoundException: No endpoint GET /api/leave-encashment-requests.]
2026-05-13 17:02:15.191 WARN  [http-nio-8080-exec-4] o.s.w.s.m.m.a.ExceptionHandlerExceptionResolver - Resolved [org.springframework.web.HttpRequestMethodNotSupportedException: Request method 'GET' is not supported]
2026-05-13 17:02:15.208 WARN  [http-nio-8080-exec-8] o.s.web.servlet.PageNotFound - No mapping for GET /api/leave-encashment-requests
2026-05-13 17:02:15.210 WARN  [http-nio-8080-exec-7] o.s.w.s.m.m.a.ExceptionHandlerExceptionResolver - Resolved [org.springframework.web.HttpRequestMethodNotSupportedException: Request method 'GET' is not supported]
2026-05-13 17:02:15.222 WARN  [http-nio-8080-exec-8] o.s.w.s.m.m.a.ExceptionHandlerExceptionResolver - Resolved [org.springframework.web.servlet.NoHandlerFoundException: No endpoint GET /api/leave-encashment-requests.]
2026-05-13 17:02:15.226 WARN  [http-nio-8080-exec-6] o.s.w.s.m.m.a.ExceptionHandlerExceptionResolver - Resolved [org.springframework.web.HttpRequestMethodNotSupportedException: Request method 'GET' is not supported]
2026-05-13 17:02:15.237 WARN  [http-nio-8080-exec-3] o.s.web.servlet.PageNotFound - No mapping for GET /api/leave-encashment-requests
2026-05-13 17:02:15.239 WARN  [http-nio-8080-exec-3] o.s.w.s.m.m.a.ExceptionHandlerExceptionResolver - Resolved [org.springframework.web.servlet.NoHandlerFoundException: No endpoint GET /api/leave-encashment-requests.]
2026-05-13 17:02:15.243 WARN  [http-nio-8080-exec-1] o.s.w.s.m.m.a.ExceptionHandlerExceptionResolver - Resolved [org.springframework.web.HttpRequestMethodNotSupportedException: Request method 'GET' is not supported]
2026-05-13 17:02:15.251 WARN  [http-nio-8080-exec-10] o.s.web.servlet.PageNotFound - No mapping for GET /api/leave-encashment-requests
2026-05-13 17:02:15.253 WARN  [http-nio-8080-exec-10] o.s.w.s.m.m.a.ExceptionHandlerExceptionResolver - Resolved [org.springframework.web.servlet.NoHandlerFoundException: No endpoint GET /api/leave-encashment-requests.]
2026-05-13 17:02:15.259 WARN  [http-nio-8080-exec-9] o.s.w.s.m.m.a.ExceptionHandlerExceptionResolver - Resolved [org.springframework.web.HttpRequestMethodNotSupportedException: Request method 'GET' is not supported]
2026-05-13 17:02:15.267 WARN  [http-nio-8080-exec-2] o.s.web.servlet.PageNotFound - No mapping for GET /api/leave-encashment-requests
2026-05-13 17:02:15.269 WARN  [http-nio-8080-exec-2] o.s.w.s.m.m.a.ExceptionHandlerExceptionResolver - Resolved [org.springframework.web.servlet.NoHandlerFoundException: No endpoint GET /api/leave-encashment-requests.]
2026-05-13 17:02:15.276 WARN  [http-nio-8080-exec-4] o.s.w.s.m.m.a.ExceptionHandlerExceptionResolver - Resolved [org.springframework.web.HttpRequestMethodNotSupportedException: Request method 'GET' is not supported]
2026-05-13 17:02:15.284 WARN  [http-nio-8080-exec-5] o.s.web.servlet.PageNotFound - No mapping for GET /api/leave-encashment-requests
2026-05-13 17:02:15.286 WARN  [http-nio-8080-exec-5] o.s.w.s.m.m.a.ExceptionHandlerExceptionResolver - Resolved [org.springframework.web.servlet.NoHandlerFoundException: No endpoint GET /api/leave-encashment-requests.]
2026-05-13 17:02:15.292 WARN  [http-nio-8080-exec-7] o.s.w.s.m.m.a.ExceptionHandlerExceptionResolver - Resolved [org.springframework.web.HttpRequestMethodNotSupportedException: Request method 'GET' is not supported]
2026-05-13 17:02:15.300 WARN  [http-nio-8080-exec-8] o.s.web.servlet.PageNotFound - No mapping for GET /api/leave-encashment-requests
2026-05-13 17:02:15.301 WARN  [http-nio-8080-exec-8] o.s.w.s.m.m.a.ExceptionHandlerExceptionResolver - Resolved [org.springframework.web.servlet.NoHandlerFoundException: No endpoint GET /api/leave-encashment-requests.]
2026-05-13 17:02:15.308 WARN  [http-nio-8080-exec-6] o.s.w.s.m.m.a.ExceptionHandlerExceptionResolver - Resolved [org.springframework.web.HttpRequestMethodNotSupportedException: Request method 'GET' is not supported]
2026-05-13 17:02:15.315 WARN  [http-nio-8080-exec-3] o.s.web.servlet.PageNotFound - No mapping for GET /api/leave-encashment-requests
2026-05-13 17:02:15.317 WARN  [http-nio-8080-exec-3] o.s.w.s.m.m.a.ExceptionHandlerExceptionResolver - Resolved [org.springframework.web.servlet.NoHandlerFoundException: No endpoint GET /api/leave-encashment-requests.]
2026-05-13 17:02:15.321 WARN  [http-nio-8080-exec-1] o.s.w.s.m.m.a.ExceptionHandlerExceptionResolver - Resolved [org.springframework.web.HttpRequestMethodNotSupportedException: Request method 'GET' is not supported]
2026-05-13 17:02:15.333 WARN  [http-nio-8080-exec-10] o.s.web.servlet.PageNotFound - No mapping for GET /api/leave-encashment-requests
2026-05-13 17:02:15.335 WARN  [http-nio-8080-exec-10] o.s.w.s.m.m.a.ExceptionHandlerExceptionResolver - Resolved [org.springframework.web.servlet.NoHandlerFoundException: No endpoint GET /api/leave-encashment-requests.]
2026-05-13 17:02:15.336 WARN  [http-nio-8080-exec-9] o.s.w.s.m.m.a.ExceptionHandlerExceptionResolver - Resolved [org.springframework.web.HttpRequestMethodNotSupportedException: Request method 'GET' is not supported]
2026-05-13 17:02:15.351 WARN  [http-nio-8080-exec-2] o.s.web.servlet.PageNotFound - No mapping for GET /api/leave-encashment-requests
2026-05-13 17:02:15.351 WARN  [http-nio-8080-exec-4] o.s.w.s.m.m.a.ExceptionHandlerExceptionResolver - Resolved [org.springframework.web.HttpRequestMethodNotSupportedException: Request method 'GET' is not supported]
2026-05-13 17:02:15.351 WARN  [http-nio-8080-exec-2] o.s.w.s.m.m.a.ExceptionHandlerExceptionResolver - Resolved [org.springframework.web.servlet.NoHandlerFoundException: No endpoint GET /api/leave-encashment-requests.]
2026-05-13 17:02:15.366 WARN  [http-nio-8080-exec-7] o.s.web.servlet.PageNotFound - No mapping for GET /api/leave-encashment-requests
2026-05-13 17:02:15.367 WARN  [http-nio-8080-exec-7] o.s.w.s.m.m.a.ExceptionHandlerExceptionResolver - Resolved [org.springframework.web.servlet.NoHandlerFoundException: No endpoint GET /api/leave-encashment-requests.]
2026-05-13 17:02:15.367 WARN  [http-nio-8080-exec-5] o.s.w.s.m.m.a.ExceptionHandlerExceptionResolver - Resolved [org.springframework.web.HttpRequestMethodNotSupportedException: Request method 'GET' is not supported]
2026-05-13 17:02:15.384 WARN  [http-nio-8080-exec-8] o.s.web.servlet.PageNotFound - No mapping for GET /api/leave-encashment-requests
2026-05-13 17:02:15.385 WARN  [http-nio-8080-exec-8] o.s.w.s.m.m.a.ExceptionHandlerExceptionResolver - Resolved [org.springframework.web.servlet.NoHandlerFoundException: No endpoint GET /api/leave-encashment-requests.]
2026-05-13 17:02:15.385 WARN  [http-nio-8080-exec-6] o.s.w.s.m.m.a.ExceptionHandlerExceptionResolver - Resolved [org.springframework.web.HttpRequestMethodNotSupportedException: Request method 'GET' is not supported]
2026-05-13 17:02:15.401 WARN  [http-nio-8080-exec-1] o.s.web.servlet.PageNotFound - No mapping for GET /api/leave-encashment-requests
2026-05-13 17:02:15.402 WARN  [http-nio-8080-exec-3] o.s.w.s.m.m.a.ExceptionHandlerExceptionResolver - Resolved [org.springframework.web.HttpRequestMethodNotSupportedException: Request method 'GET' is not supported]
2026-05-13 17:02:15.403 WARN  [http-nio-8080-exec-1] o.s.w.s.m.m.a.ExceptionHandlerExceptionResolver - Resolved [org.springframework.web.servlet.NoHandlerFoundException: No endpoint GET /api/leave-encashment-requests.]
2026-05-13 17:02:15.420 WARN  [http-nio-8080-exec-9] o.s.web.servlet.PageNotFound - No mapping for GET /api/leave-encashment-requests
2026-05-13 17:02:15.421 WARN  [http-nio-8080-exec-10] o.s.w.s.m.m.a.ExceptionHandlerExceptionResolver - Resolved [org.springframework.web.HttpRequestMethodNotSupportedException: Request method 'GET' is not supported]
2026-05-13 17:02:15.421 WARN  [http-nio-8080-exec-9] o.s.w.s.m.m.a.ExceptionHandlerExceptionResolver - Resolved [org.springframework.web.servlet.NoHandlerFoundException: No endpoint GET /api/leave-encashment-requests.]
2026-05-13 17:02:15.442 WARN  [http-nio-8080-exec-2] o.s.web.servlet.PageNotFound - No mapping for GET /api/leave-encashment-requests
2026-05-13 17:02:15.443 WARN  [http-nio-8080-exec-4] o.s.w.s.m.m.a.ExceptionHandlerExceptionResolver - Resolved [org.springframework.web.HttpRequestMethodNotSupportedException: Request method 'GET' is not supported]
2026-05-13 17:02:15.443 WARN  [http-nio-8080-exec-2] o.s.w.s.m.m.a.ExceptionHandlerExceptionResolver - Resolved [org.springframework.web.servlet.NoHandlerFoundException: No endpoint GET /api/leave-encashment-requests.]
2026-05-13 17:02:15.461 WARN  [http-nio-8080-exec-5] o.s.web.servlet.PageNotFound - No mapping for GET /api/leave-encashment-requests
2026-05-13 17:02:15.462 WARN  [http-nio-8080-exec-7] o.s.w.s.m.m.a.ExceptionHandlerExceptionResolver - Resolved [org.springframework.web.HttpRequestMethodNotSupportedException: Request method 'GET' is not supported]
2026-05-13 17:02:15.462 WARN  [http-nio-8080-exec-5] o.s.w.s.m.m.a.ExceptionHandlerExceptionResolver - Resolved [org.springframework.web.servlet.NoHandlerFoundException: No endpoint GET /api/leave-encashment-requests.]
2026-05-13 17:02:15.478 WARN  [http-nio-8080-exec-8] o.s.web.servlet.PageNotFound - No mapping for GET /api/leave-encashment-requests
2026-05-13 17:02:15.479 WARN  [http-nio-8080-exec-8] o.s.w.s.m.m.a.ExceptionHandlerExceptionResolver - Resolved [org.springframework.web.servlet.NoHandlerFoundException: No endpoint GET /api/leave-encashment-requests.]
2026-05-13 17:02:15.479 WARN  [http-nio-8080-exec-6] o.s.w.s.m.m.a.ExceptionHandlerExceptionResolver - Resolved [org.springframework.web.HttpRequestMethodNotSupportedException: Request method 'GET' is not supported]
2026-05-13 17:02:15.495 WARN  [http-nio-8080-exec-3] o.s.web.servlet.PageNotFound - No mapping for GET /api/leave-encashment-requests
2026-05-13 17:02:15.496 WARN  [http-nio-8080-exec-1] o.s.w.s.m.m.a.ExceptionHandlerExceptionResolver - Resolved [org.springframework.web.HttpRequestMethodNotSupportedException: Request method 'GET' is not supported]
2026-05-13 17:02:15.496 WARN  [http-nio-8080-exec-3] o.s.w.s.m.m.a.ExceptionHandlerExceptionResolver - Resolved [org.springframework.web.servlet.NoHandlerFoundException: No endpoint GET /api/leave-encashment-requests.]
2026-05-13 17:02:15.512 WARN  [http-nio-8080-exec-9] o.s.web.servlet.PageNotFound - No mapping for GET /api/leave-encashment-requests
2026-05-13 17:02:15.513 WARN  [http-nio-8080-exec-10] o.s.w.s.m.m.a.ExceptionHandlerExceptionResolver - Resolved [org.springframework.web.HttpRequestMethodNotSupportedException: Request method 'GET' is not supported]
2026-05-13 17:02:15.513 WARN  [http-nio-8080-exec-9] o.s.w.s.m.m.a.ExceptionHandlerExceptionResolver - Resolved [org.springframework.web.servlet.NoHandlerFoundException: No endpoint GET /api/leave-encashment-requests.]
2026-05-13 17:02:15.528 WARN  [http-nio-8080-exec-2] o.s.web.servlet.PageNotFound - No mapping for GET /api/leave-encashment-requests
2026-05-13 17:02:15.529 WARN  [http-nio-8080-exec-2] o.s.w.s.m.m.a.ExceptionHandlerExceptionResolver - Resolved [org.springframework.web.servlet.NoHandlerFoundException: No endpoint GET /api/leave-encashment-requests.]
2026-05-13 17:02:15.529 WARN  [http-nio-8080-exec-4] o.s.w.s.m.m.a.ExceptionHandlerExceptionResolver - Resolved [org.springframework.web.HttpRequestMethodNotSupportedException: Request method 'GET' is not supported]
2026-05-13 17:02:15.545 WARN  [http-nio-8080-exec-5] o.s.web.servlet.PageNotFound - No mapping for GET /api/leave-encashment-requests
2026-05-13 17:02:15.546 WARN  [http-nio-8080-exec-7] o.s.w.s.m.m.a.ExceptionHandlerExceptionResolver - Resolved [org.springframework.web.HttpRequestMethodNotSupportedException: Request method 'GET' is not supported]
2026-05-13 17:02:15.546 WARN  [http-nio-8080-exec-5] o.s.w.s.m.m.a.ExceptionHandlerExceptionResolver - Resolved [org.springframework.web.servlet.NoHandlerFoundException: No endpoint GET /api/leave-encashment-requests.]
2026-05-13 17:02:15.559 WARN  [http-nio-8080-exec-6] o.s.web.servlet.PageNotFound - No mapping for GET /api/leave-encashment-requests
2026-05-13 17:02:15.560 WARN  [http-nio-8080-exec-6] o.s.w.s.m.m.a.ExceptionHandlerExceptionResolver - Resolved [org.springframework.web.servlet.NoHandlerFoundException: No endpoint GET /api/leave-encashment-requests.]
2026-05-13 17:02:15.560 WARN  [http-nio-8080-exec-8] o.s.w.s.m.m.a.ExceptionHandlerExceptionResolver - Resolved [org.springframework.web.HttpRequestMethodNotSupportedException: Request method 'GET' is not supported]
2026-05-13 17:02:15.575 WARN  [http-nio-8080-exec-1] o.s.w.s.m.m.a.ExceptionHandlerExceptionResolver - Resolved [org.springframework.web.HttpRequestMethodNotSupportedException: Request method 'GET' is not supported]
2026-05-13 17:02:15.576 WARN  [http-nio-8080-exec-3] o.s.web.servlet.PageNotFound - No mapping for GET /api/leave-encashment-requests
2026-05-13 17:02:15.578 WARN  [http-nio-8080-exec-3] o.s.w.s.m.m.a.ExceptionHandlerExceptionResolver - Resolved [org.springframework.web.servlet.NoHandlerFoundException: No endpoint GET /api/leave-encashment-requests.]
2026-05-13 17:02:15.592 WARN  [http-nio-8080-exec-10] o.s.w.s.m.m.a.ExceptionHandlerExceptionResolver - Resolved [org.springframework.web.HttpRequestMethodNotSupportedException: Request method 'GET' is not supported]
2026-05-13 17:02:15.593 WARN  [http-nio-8080-exec-9] o.s.web.servlet.PageNotFound - No mapping for GET /api/leave-encashment-requests
2026-05-13 17:02:15.594 WARN  [http-nio-8080-exec-9] o.s.w.s.m.m.a.ExceptionHandlerExceptionResolver - Resolved [org.springframework.web.servlet.NoHandlerFoundException: No endpoint GET /api/leave-encashment-requests.]
2026-05-13 17:02:15.607 WARN  [http-nio-8080-exec-2] o.s.w.s.m.m.a.ExceptionHandlerExceptionResolver - Resolved [org.springframework.web.HttpRequestMethodNotSupportedException: Request method 'GET' is not supported]
2026-05-13 17:02:15.607 WARN  [http-nio-8080-exec-4] o.s.web.servlet.PageNotFound - No mapping for GET /api/leave-encashment-requests
2026-05-13 17:02:15.608 WARN  [http-nio-8080-exec-4] o.s.w.s.m.m.a.ExceptionHandlerExceptionResolver - Resolved [org.springframework.web.servlet.NoHandlerFoundException: No endpoint GET /api/leave-encashment-requests.]
2026-05-13 17:02:15.618 WARN  [http-nio-8080-exec-5] o.s.web.servlet.PageNotFound - No mapping for GET /api/leave-encashment-requests
2026-05-13 17:02:15.619 WARN  [http-nio-8080-exec-7] o.s.w.s.m.m.a.ExceptionHandlerExceptionResolver - Resolved [org.springframework.web.HttpRequestMethodNotSupportedException: Request method 'GET' is not supported]
2026-05-13 17:02:15.621 WARN  [http-nio-8080-exec-5] o.s.w.s.m.m.a.ExceptionHandlerExceptionResolver - Resolved [org.springframework.web.servlet.NoHandlerFoundException: No endpoint GET /api/leave-encashment-requests.]
2026-05-13 17:02:15.635 WARN  [http-nio-8080-exec-6] o.s.w.s.m.m.a.ExceptionHandlerExceptionResolver - Resolved [org.springframework.web.HttpRequestMethodNotSupportedException: Request method 'GET' is not supported]
2026-05-13 17:02:15.635 WARN  [http-nio-8080-exec-8] o.s.web.servlet.PageNotFound - No mapping for GET /api/leave-encashment-requests
2026-05-13 17:02:15.637 WARN  [http-nio-8080-exec-8] o.s.w.s.m.m.a.ExceptionHandlerExceptionResolver - Resolved [org.springframework.web.servlet.NoHandlerFoundException: No endpoint GET /api/leave-encashment-requests.]
2026-05-13 17:02:15.653 WARN  [http-nio-8080-exec-3] o.s.web.servlet.PageNotFound - No mapping for GET /api/leave-encashment-requests
2026-05-13 17:02:15.655 WARN  [http-nio-8080-exec-1] o.s.w.s.m.m.a.ExceptionHandlerExceptionResolver - Resolved [org.springframework.web.HttpRequestMethodNotSupportedException: Request method 'GET' is not supported]
2026-05-13 17:02:15.656 WARN  [http-nio-8080-exec-3] o.s.w.s.m.m.a.ExceptionHandlerExceptionResolver - Resolved [org.springframework.web.servlet.NoHandlerFoundException: No endpoint GET /api/leave-encashment-requests.]
2026-05-13 17:02:15.674 WARN  [http-nio-8080-exec-9] o.s.web.servlet.PageNotFound - No mapping for GET /api/leave-encashment-requests
2026-05-13 17:02:15.675 WARN  [http-nio-8080-exec-9] o.s.w.s.m.m.a.ExceptionHandlerExceptionResolver - Resolved [org.springframework.web.servlet.NoHandlerFoundException: No endpoint GET /api/leave-encashment-requests.]
2026-05-13 17:02:15.675 WARN  [http-nio-8080-exec-10] o.s.w.s.m.m.a.ExceptionHandlerExceptionResolver - Resolved [org.springframework.web.HttpRequestMethodNotSupportedException: Request method 'GET' is not supported]
2026-05-13 17:02:15.689 WARN  [http-nio-8080-exec-2] o.s.web.servlet.PageNotFound - No mapping for GET /api/leave-encashment-requests
2026-05-13 17:02:15.690 WARN  [http-nio-8080-exec-2] o.s.w.s.m.m.a.ExceptionHandlerExceptionResolver - Resolved [org.springframework.web.servlet.NoHandlerFoundException: No endpoint GET /api/leave-encashment-requests.]
2026-05-13 17:02:15.690 WARN  [http-nio-8080-exec-4] o.s.w.s.m.m.a.ExceptionHandlerExceptionResolver - Resolved [org.springframework.web.HttpRequestMethodNotSupportedException: Request method 'GET' is not supported]
2026-05-13 17:02:15.705 WARN  [http-nio-8080-exec-5] o.s.web.servlet.PageNotFound - No mapping for GET /api/leave-encashment-requests
2026-05-13 17:02:15.706 WARN  [http-nio-8080-exec-5] o.s.w.s.m.m.a.ExceptionHandlerExceptionResolver - Resolved [org.springframework.web.servlet.NoHandlerFoundException: No endpoint GET /api/leave-encashment-requests.]
2026-05-13 17:02:15.706 WARN  [http-nio-8080-exec-7] o.s.w.s.m.m.a.ExceptionHandlerExceptionResolver - Resolved [org.springframework.web.HttpRequestMethodNotSupportedException: Request method 'GET' is not supported]
2026-05-13 17:02:15.722 WARN  [http-nio-8080-exec-6] o.s.web.servlet.PageNotFound - No mapping for GET /api/leave-encashment-requests
2026-05-13 17:02:15.722 WARN  [http-nio-8080-exec-8] o.s.w.s.m.m.a.ExceptionHandlerExceptionResolver - Resolved [org.springframework.web.HttpRequestMethodNotSupportedException: Request method 'GET' is not supported]
2026-05-13 17:02:15.723 WARN  [http-nio-8080-exec-6] o.s.w.s.m.m.a.ExceptionHandlerExceptionResolver - Resolved [org.springframework.web.servlet.NoHandlerFoundException: No endpoint GET /api/leave-encashment-requests.]
2026-05-13 17:02:15.739 WARN  [http-nio-8080-exec-3] o.s.web.servlet.PageNotFound - No mapping for GET /api/leave-encashment-requests
2026-05-13 17:02:15.740 WARN  [http-nio-8080-exec-1] o.s.w.s.m.m.a.ExceptionHandlerExceptionResolver - Resolved [org.springframework.web.HttpRequestMethodNotSupportedException: Request method 'GET' is not supported]
2026-05-13 17:02:15.740 WARN  [http-nio-8080-exec-3] o.s.w.s.m.m.a.ExceptionHandlerExceptionResolver - Resolved [org.springframework.web.servlet.NoHandlerFoundException: No endpoint GET /api/leave-encashment-requests.]
2026-05-13 17:02:15.755 WARN  [http-nio-8080-exec-10] o.s.web.servlet.PageNotFound - No mapping for GET /api/leave-encashment-requests
2026-05-13 17:02:15.756 WARN  [http-nio-8080-exec-10] o.s.w.s.m.m.a.ExceptionHandlerExceptionResolver - Resolved [org.springframework.web.servlet.NoHandlerFoundException: No endpoint GET /api/leave-encashment-requests.]
2026-05-13 17:02:15.757 WARN  [http-nio-8080-exec-9] o.s.w.s.m.m.a.ExceptionHandlerExceptionResolver - Resolved [org.springframework.web.HttpRequestMethodNotSupportedException: Request method 'GET' is not supported]
2026-05-13 17:02:15.772 WARN  [http-nio-8080-exec-2] o.s.web.servlet.PageNotFound - No mapping for GET /api/leave-encashment-requests
2026-05-13 17:02:15.774 WARN  [http-nio-8080-exec-2] o.s.w.s.m.m.a.ExceptionHandlerExceptionResolver - Resolved [org.springframework.web.servlet.NoHandlerFoundException: No endpoint GET /api/leave-encashment-requests.]
2026-05-13 17:02:15.774 WARN  [http-nio-8080-exec-4] o.s.w.s.m.m.a.ExceptionHandlerExceptionResolver - Resolved [org.springframework.web.HttpRequestMethodNotSupportedException: Request method 'GET' is not supported]
2026-05-13 17:02:15.786 WARN  [http-nio-8080-exec-5] o.s.web.servlet.PageNotFound - No mapping for GET /api/leave-encashment-requests
2026-05-13 17:02:15.786 WARN  [http-nio-8080-exec-7] o.s.w.s.m.m.a.ExceptionHandlerExceptionResolver - Resolved [org.springframework.web.HttpRequestMethodNotSupportedException: Request method 'GET' is not supported]
2026-05-13 17:02:15.787 WARN  [http-nio-8080-exec-5] o.s.w.s.m.m.a.ExceptionHandlerExceptionResolver - Resolved [org.springframework.web.servlet.NoHandlerFoundException: No endpoint GET /api/leave-encashment-requests.]
2026-05-13 17:02:15.804 WARN  [http-nio-8080-exec-8] o.s.web.servlet.PageNotFound - No mapping for GET /api/leave-encashment-requests
2026-05-13 17:02:15.805 WARN  [http-nio-8080-exec-6] o.s.w.s.m.m.a.ExceptionHandlerExceptionResolver - Resolved [org.springframework.web.HttpRequestMethodNotSupportedException: Request method 'GET' is not supported]
2026-05-13 17:02:15.805 WARN  [http-nio-8080-exec-8] o.s.w.s.m.m.a.ExceptionHandlerExceptionResolver - Resolved [org.springframework.web.servlet.NoHandlerFoundException: No endpoint GET /api/leave-encashment-requests.]
2026-05-13 17:02:15.821 WARN  [http-nio-8080-exec-3] o.s.web.servlet.PageNotFound - No mapping for GET /api/leave-encashment-requests
2026-05-13 17:02:15.822 WARN  [http-nio-8080-exec-1] o.s.w.s.m.m.a.ExceptionHandlerExceptionResolver - Resolved [org.springframework.web.HttpRequestMethodNotSupportedException: Request method 'GET' is not supported]
2026-05-13 17:02:15.822 WARN  [http-nio-8080-exec-3] o.s.w.s.m.m.a.ExceptionHandlerExceptionResolver - Resolved [org.springframework.web.servlet.NoHandlerFoundException: No endpoint GET /api/leave-encashment-requests.]
2026-05-13 17:02:15.836 WARN  [http-nio-8080-exec-9] o.s.web.servlet.PageNotFound - No mapping for GET /api/leave-encashment-requests
2026-05-13 17:02:15.836 WARN  [http-nio-8080-exec-10] o.s.w.s.m.m.a.ExceptionHandlerExceptionResolver - Resolved [org.springframework.web.HttpRequestMethodNotSupportedException: Request method 'GET' is not supported]
2026-05-13 17:02:15.838 WARN  [http-nio-8080-exec-9] o.s.w.s.m.m.a.ExceptionHandlerExceptionResolver - Resolved [org.springframework.web.servlet.NoHandlerFoundException: No endpoint GET /api/leave-encashment-requests.]
2026-05-13 17:02:15.850 WARN  [http-nio-8080-exec-4] o.s.web.servlet.PageNotFound - No mapping for GET /api/leave-encashment-requests
2026-05-13 17:02:15.851 WARN  [http-nio-8080-exec-2] o.s.w.s.m.m.a.ExceptionHandlerExceptionResolver - Resolved [org.springframework.web.HttpRequestMethodNotSupportedException: Request method 'GET' is not supported]
2026-05-13 17:02:15.851 WARN  [http-nio-8080-exec-4] o.s.w.s.m.m.a.ExceptionHandlerExceptionResolver - Resolved [org.springframework.web.servlet.NoHandlerFoundException: No endpoint GET /api/leave-encashment-requests.]
2026-05-13 17:02:15.864 WARN  [http-nio-8080-exec-5] o.s.web.servlet.PageNotFound - No mapping for GET /api/leave-encashment-requests
2026-05-13 17:02:15.865 WARN  [http-nio-8080-exec-5] o.s.w.s.m.m.a.ExceptionHandlerExceptionResolver - Resolved [org.springframework.web.servlet.NoHandlerFoundException: No endpoint GET /api/leave-encashment-requests.]
2026-05-13 17:02:15.867 WARN  [http-nio-8080-exec-7] o.s.w.s.m.m.a.ExceptionHandlerExceptionResolver - Resolved [org.springframework.web.HttpRequestMethodNotSupportedException: Request method 'GET' is not supported]
2026-05-13 17:02:15.881 WARN  [http-nio-8080-exec-6] o.s.web.servlet.PageNotFound - No mapping for GET /api/leave-encashment-requests
2026-05-13 17:02:15.882 WARN  [http-nio-8080-exec-6] o.s.w.s.m.m.a.ExceptionHandlerExceptionResolver - Resolved [org.springframework.web.servlet.NoHandlerFoundException: No endpoint GET /api/leave-encashment-requests.]
2026-05-13 17:02:15.882 WARN  [http-nio-8080-exec-8] o.s.w.s.m.m.a.ExceptionHandlerExceptionResolver - Resolved [org.springframework.web.HttpRequestMethodNotSupportedException: Request method 'GET' is not supported]
2026-05-13 17:02:15.896 WARN  [http-nio-8080-exec-1] o.s.web.servlet.PageNotFound - No mapping for GET /api/leave-encashment-requests
2026-05-13 17:02:15.897 WARN  [http-nio-8080-exec-3] o.s.w.s.m.m.a.ExceptionHandlerExceptionResolver - Resolved [org.springframework.web.HttpRequestMethodNotSupportedException: Request method 'GET' is not supported]
2026-05-13 17:02:15.898 WARN  [http-nio-8080-exec-1] o.s.w.s.m.m.a.ExceptionHandlerExceptionResolver - Resolved [org.springframework.web.servlet.NoHandlerFoundException: No endpoint GET /api/leave-encashment-requests.]
2026-05-13 17:02:15.912 WARN  [http-nio-8080-exec-10] o.s.w.s.m.m.a.ExceptionHandlerExceptionResolver - Resolved [org.springframework.web.HttpRequestMethodNotSupportedException: Request method 'GET' is not supported]
2026-05-13 17:02:15.912 WARN  [http-nio-8080-exec-9] o.s.web.servlet.PageNotFound - No mapping for GET /api/leave-encashment-requests
2026-05-13 17:02:15.913 WARN  [http-nio-8080-exec-9] o.s.w.s.m.m.a.ExceptionHandlerExceptionResolver - Resolved [org.springframework.web.servlet.NoHandlerFoundException: No endpoint GET /api/leave-encashment-requests.]
2026-05-13 17:02:15.925 WARN  [http-nio-8080-exec-4] o.s.web.servlet.PageNotFound - No mapping for GET /api/leave-encashment-requests
2026-05-13 17:02:15.926 WARN  [http-nio-8080-exec-4] o.s.w.s.m.m.a.ExceptionHandlerExceptionResolver - Resolved [org.springframework.web.servlet.NoHandlerFoundException: No endpoint GET /api/leave-encashment-requests.]
2026-05-13 17:02:15.927 WARN  [http-nio-8080-exec-2] o.s.w.s.m.m.a.ExceptionHandlerExceptionResolver - Resolved [org.springframework.web.HttpRequestMethodNotSupportedException: Request method 'GET' is not supported]
2026-05-13 17:02:15.942 WARN  [http-nio-8080-exec-5] o.s.web.servlet.PageNotFound - No mapping for GET /api/leave-encashment-requests
2026-05-13 17:02:15.943 WARN  [http-nio-8080-exec-5] o.s.w.s.m.m.a.ExceptionHandlerExceptionResolver - Resolved [org.springframework.web.servlet.NoHandlerFoundException: No endpoint GET /api/leave-encashment-requests.]
2026-05-13 17:02:15.943 WARN  [http-nio-8080-exec-7] o.s.w.s.m.m.a.ExceptionHandlerExceptionResolver - Resolved [org.springframework.web.HttpRequestMethodNotSupportedException: Request method 'GET' is not supported]
2026-05-13 17:02:15.956 WARN  [http-nio-8080-exec-6] o.s.web.servlet.PageNotFound - No mapping for GET /api/leave-encashment-requests
2026-05-13 17:02:15.957 WARN  [http-nio-8080-exec-6] o.s.w.s.m.m.a.ExceptionHandlerExceptionResolver - Resolved [org.springframework.web.servlet.NoHandlerFoundException: No endpoint GET /api/leave-encashment-requests.]
2026-05-13 17:02:15.957 WARN  [http-nio-8080-exec-8] o.s.w.s.m.m.a.ExceptionHandlerExceptionResolver - Resolved [org.springframework.web.HttpRequestMethodNotSupportedException: Request method 'GET' is not supported]
2026-05-13 17:02:15.969 WARN  [http-nio-8080-exec-1] o.s.web.servlet.PageNotFound - No mapping for GET /api/leave-encashment-requests
2026-05-13 17:02:15.970 WARN  [http-nio-8080-exec-1] o.s.w.s.m.m.a.ExceptionHandlerExceptionResolver - Resolved [org.springframework.web.servlet.NoHandlerFoundException: No endpoint GET /api/leave-encashment-requests.]
2026-05-13 17:02:15.970 WARN  [http-nio-8080-exec-3] o.s.w.s.m.m.a.ExceptionHandlerExceptionResolver - Resolved [org.springframework.web.HttpRequestMethodNotSupportedException: Request method 'GET' is not supported]
2026-05-13 17:02:15.983 WARN  [http-nio-8080-exec-10] o.s.web.servlet.PageNotFound - No mapping for GET /api/leave-encashment-requests
2026-05-13 17:02:15.983 WARN  [http-nio-8080-exec-9] o.s.w.s.m.m.a.ExceptionHandlerExceptionResolver - Resolved [org.springframework.web.HttpRequestMethodNotSupportedException: Request method 'GET' is not supported]
2026-05-13 17:02:15.983 WARN  [http-nio-8080-exec-10] o.s.w.s.m.m.a.ExceptionHandlerExceptionResolver - Resolved [org.springframework.web.servlet.NoHandlerFoundException: No endpoint GET /api/leave-encashment-requests.]
2026-05-13 17:02:15.996 WARN  [http-nio-8080-exec-2] o.s.web.servlet.PageNotFound - No mapping for GET /api/leave-encashment-requests
2026-05-13 17:02:15.997 WARN  [http-nio-8080-exec-2] o.s.w.s.m.m.a.ExceptionHandlerExceptionResolver - Resolved [org.springframework.web.servlet.NoHandlerFoundException: No endpoint GET /api/leave-encashment-requests.]
2026-05-13 17:02:15.997 WARN  [http-nio-8080-exec-4] o.s.w.s.m.m.a.ExceptionHandlerExceptionResolver - Resolved [org.springframework.web.HttpRequestMethodNotSupportedException: Request method 'GET' is not supported]
2026-05-13 17:02:16.010 WARN  [http-nio-8080-exec-7] o.s.web.servlet.PageNotFound - No mapping for GET /api/leave-encashment-requests
2026-05-13 17:02:16.010 WARN  [http-nio-8080-exec-5] o.s.w.s.m.m.a.ExceptionHandlerExceptionResolver - Resolved [org.springframework.web.HttpRequestMethodNotSupportedException: Request method 'GET' is not supported]
2026-05-13 17:02:16.011 WARN  [http-nio-8080-exec-7] o.s.w.s.m.m.a.ExceptionHandlerExceptionResolver - Resolved [org.springframework.web.servlet.NoHandlerFoundException: No endpoint GET /api/leave-encashment-requests.]
2026-05-13 17:02:16.027 WARN  [http-nio-8080-exec-8] o.s.web.servlet.PageNotFound - No mapping for GET /api/leave-encashment-requests
2026-05-13 17:02:16.029 WARN  [http-nio-8080-exec-6] o.s.w.s.m.m.a.ExceptionHandlerExceptionResolver - Resolved [org.springframework.web.HttpRequestMethodNotSupportedException: Request method 'GET' is not supported]
2026-05-13 17:02:16.029 WARN  [http-nio-8080-exec-8] o.s.w.s.m.m.a.ExceptionHandlerExceptionResolver - Resolved [org.springframework.web.servlet.NoHandlerFoundException: No endpoint GET /api/leave-encashment-requests.]
2026-05-13 17:02:16.047 WARN  [http-nio-8080-exec-3] o.s.web.servlet.PageNotFound - No mapping for GET /api/leave-encashment-requests
2026-05-13 17:02:16.048 WARN  [http-nio-8080-exec-1] o.s.w.s.m.m.a.ExceptionHandlerExceptionResolver - Resolved [org.springframework.web.HttpRequestMethodNotSupportedException: Request method 'GET' is not supported]
2026-05-13 17:02:16.048 WARN  [http-nio-8080-exec-3] o.s.w.s.m.m.a.ExceptionHandlerExceptionResolver - Resolved [org.springframework.web.servlet.NoHandlerFoundException: No endpoint GET /api/leave-encashment-requests.]
2026-05-13 17:02:16.063 WARN  [http-nio-8080-exec-9] o.s.web.servlet.PageNotFound - No mapping for GET /api/leave-encashment-requests
2026-05-13 17:02:16.063 WARN  [http-nio-8080-exec-9] o.s.w.s.m.m.a.ExceptionHandlerExceptionResolver - Resolved [org.springframework.web.servlet.NoHandlerFoundException: No endpoint GET /api/leave-encashment-requests.]
2026-05-13 17:02:16.064 WARN  [http-nio-8080-exec-10] o.s.w.s.m.m.a.ExceptionHandlerExceptionResolver - Resolved [org.springframework.web.HttpRequestMethodNotSupportedException: Request method 'GET' is not supported]
2026-05-13 17:02:16.083 WARN  [http-nio-8080-exec-2] o.s.web.servlet.PageNotFound - No mapping for GET /api/leave-encashment-requests
2026-05-13 17:02:16.083 WARN  [http-nio-8080-exec-4] o.s.w.s.m.m.a.ExceptionHandlerExceptionResolver - Resolved [org.springframework.web.HttpRequestMethodNotSupportedException: Request method 'GET' is not supported]
2026-05-13 17:02:16.083 WARN  [http-nio-8080-exec-2] o.s.w.s.m.m.a.ExceptionHandlerExceptionResolver - Resolved [org.springframework.web.servlet.NoHandlerFoundException: No endpoint GET /api/leave-encashment-requests.]
2026-05-13 17:02:16.100 WARN  [http-nio-8080-exec-5] o.s.web.servlet.PageNotFound - No mapping for GET /api/leave-encashment-requests
2026-05-13 17:02:16.102 WARN  [http-nio-8080-exec-5] o.s.w.s.m.m.a.ExceptionHandlerExceptionResolver - Resolved [org.springframework.web.servlet.NoHandlerFoundException: No endpoint GET /api/leave-encashment-requests.]
2026-05-13 17:02:16.114 WARN  [http-nio-8080-exec-7] o.s.w.s.m.m.a.ExceptionHandlerExceptionResolver - Resolved [org.springframework.web.HttpRequestMethodNotSupportedException: Request method 'GET' is not supported]
2026-05-13 17:02:16.117 WARN  [http-nio-8080-exec-6] o.s.web.servlet.PageNotFound - No mapping for GET /api/leave-encashment-requests
2026-05-13 17:02:16.118 WARN  [http-nio-8080-exec-6] o.s.w.s.m.m.a.ExceptionHandlerExceptionResolver - Resolved [org.springframework.web.servlet.NoHandlerFoundException: No endpoint GET /api/leave-encashment-requests.]
2026-05-13 17:02:16.140 WARN  [http-nio-8080-exec-1] o.s.web.servlet.PageNotFound - No mapping for GET /api/leave-encashment-requests
2026-05-13 17:02:16.141 WARN  [http-nio-8080-exec-1] o.s.w.s.m.m.a.ExceptionHandlerExceptionResolver - Resolved [org.springframework.web.servlet.NoHandlerFoundException: No endpoint GET /api/leave-encashment-requests.]
2026-05-13 17:02:16.141 WARN  [http-nio-8080-exec-8] o.s.w.s.m.m.a.ExceptionHandlerExceptionResolver - Resolved [org.springframework.web.HttpRequestMethodNotSupportedException: Request method 'GET' is not supported]
2026-05-13 17:02:16.156 WARN  [http-nio-8080-exec-9] o.s.web.servlet.PageNotFound - No mapping for GET /api/leave-encashment-requests
2026-05-13 17:02:16.158 WARN  [http-nio-8080-exec-3] o.s.w.s.m.m.a.ExceptionHandlerExceptionResolver - Resolved [org.springframework.web.HttpRequestMethodNotSupportedException: Request method 'GET' is not supported]
2026-05-13 17:02:16.158 WARN  [http-nio-8080-exec-9] o.s.w.s.m.m.a.ExceptionHandlerExceptionResolver - Resolved [org.springframework.web.servlet.NoHandlerFoundException: No endpoint GET /api/leave-encashment-requests.]
2026-05-13 17:02:16.175 WARN  [http-nio-8080-exec-10] o.s.web.servlet.PageNotFound - No mapping for GET /api/leave-encashment-requests
2026-05-13 17:02:16.176 WARN  [http-nio-8080-exec-4] o.s.w.s.m.m.a.ExceptionHandlerExceptionResolver - Resolved [org.springframework.web.HttpRequestMethodNotSupportedException: Request method 'GET' is not supported]
2026-05-13 17:02:16.176 WARN  [http-nio-8080-exec-10] o.s.w.s.m.m.a.ExceptionHandlerExceptionResolver - Resolved [org.springframework.web.servlet.NoHandlerFoundException: No endpoint GET /api/leave-encashment-requests.]
2026-05-13 17:02:16.196 WARN  [http-nio-8080-exec-5] o.s.web.servlet.PageNotFound - No mapping for GET /api/leave-encashment-requests
2026-05-13 17:02:16.197 WARN  [http-nio-8080-exec-5] o.s.w.s.m.m.a.ExceptionHandlerExceptionResolver - Resolved [org.springframework.web.servlet.NoHandlerFoundException: No endpoint GET /api/leave-encashment-requests.]
2026-05-13 17:02:16.197 WARN  [http-nio-8080-exec-2] o.s.w.s.m.m.a.ExceptionHandlerExceptionResolver - Resolved [org.springframework.web.HttpRequestMethodNotSupportedException: Request method 'GET' is not supported]
2026-05-13 17:02:16.212 WARN  [http-nio-8080-exec-6] o.s.web.servlet.PageNotFound - No mapping for GET /api/leave-encashment-requests
2026-05-13 17:02:16.214 WARN  [http-nio-8080-exec-6] o.s.w.s.m.m.a.ExceptionHandlerExceptionResolver - Resolved [org.springframework.web.servlet.NoHandlerFoundException: No endpoint GET /api/leave-encashment-requests.]
2026-05-13 17:02:16.215 WARN  [http-nio-8080-exec-7] o.s.w.s.m.m.a.ExceptionHandlerExceptionResolver - Resolved [org.springframework.web.HttpRequestMethodNotSupportedException: Request method 'GET' is not supported]
2026-05-13 17:02:16.232 WARN  [http-nio-8080-exec-8] o.s.web.servlet.PageNotFound - No mapping for GET /api/leave-encashment-requests
2026-05-13 17:02:16.234 WARN  [http-nio-8080-exec-8] o.s.w.s.m.m.a.ExceptionHandlerExceptionResolver - Resolved [org.springframework.web.servlet.NoHandlerFoundException: No endpoint GET /api/leave-encashment-requests.]
2026-05-13 17:02:16.234 WARN  [http-nio-8080-exec-1] o.s.w.s.m.m.a.ExceptionHandlerExceptionResolver - Resolved [org.springframework.web.HttpRequestMethodNotSupportedException: Request method 'GET' is not supported]
2026-05-13 17:02:16.254 WARN  [http-nio-8080-exec-3] o.s.web.servlet.PageNotFound - No mapping for GET /api/leave-encashment-requests
2026-05-13 17:02:16.256 WARN  [http-nio-8080-exec-3] o.s.w.s.m.m.a.ExceptionHandlerExceptionResolver - Resolved [org.springframework.web.servlet.NoHandlerFoundException: No endpoint GET /api/leave-encashment-requests.]
2026-05-13 17:02:16.256 WARN  [http-nio-8080-exec-9] o.s.w.s.m.m.a.ExceptionHandlerExceptionResolver - Resolved [org.springframework.web.HttpRequestMethodNotSupportedException: Request method 'GET' is not supported]
2026-05-13 17:02:16.273 WARN  [http-nio-8080-exec-4] o.s.web.servlet.PageNotFound - No mapping for GET /api/leave-encashment-requests
2026-05-13 17:02:16.274 WARN  [http-nio-8080-exec-10] o.s.w.s.m.m.a.ExceptionHandlerExceptionResolver - Resolved [org.springframework.web.HttpRequestMethodNotSupportedException: Request method 'GET' is not supported]
2026-05-13 17:02:16.274 WARN  [http-nio-8080-exec-4] o.s.w.s.m.m.a.ExceptionHandlerExceptionResolver - Resolved [org.springframework.web.servlet.NoHandlerFoundException: No endpoint GET /api/leave-encashment-requests.]
2026-05-13 17:02:16.296 WARN  [http-nio-8080-exec-5] o.s.web.servlet.PageNotFound - No mapping for GET /api/leave-encashment-requests
2026-05-13 17:02:16.297 WARN  [http-nio-8080-exec-2] o.s.w.s.m.m.a.ExceptionHandlerExceptionResolver - Resolved [org.springframework.web.HttpRequestMethodNotSupportedException: Request method 'GET' is not supported]
2026-05-13 17:02:16.297 WARN  [http-nio-8080-exec-5] o.s.w.s.m.m.a.ExceptionHandlerExceptionResolver - Resolved [org.springframework.web.servlet.NoHandlerFoundException: No endpoint GET /api/leave-encashment-requests.]
2026-05-13 17:05:39.223 WARN  [http-nio-8080-exec-4] o.s.w.s.m.m.a.ExceptionHandlerExceptionResolver - Resolved [org.springframework.web.HttpRequestMethodNotSupportedException: Request method 'GET' is not supported]
2026-05-13 17:05:39.237 WARN  [http-nio-8080-exec-2] o.s.w.s.m.m.a.ExceptionHandlerExceptionResolver - Resolved [org.springframework.web.HttpRequestMethodNotSupportedException: Request method 'GET' is not supported]
2026-05-13 17:05:39.255 WARN  [http-nio-8080-exec-6] o.s.w.s.m.m.a.ExceptionHandlerExceptionResolver - Resolved [org.springframework.web.HttpRequestMethodNotSupportedException: Request method 'GET' is not supported]
2026-05-13 17:05:39.281 WARN  [http-nio-8080-exec-7] o.s.w.s.m.m.a.ExceptionHandlerExceptionResolver - Resolved [org.springframework.web.HttpRequestMethodNotSupportedException: Request method 'GET' is not supported]
2026-05-13 17:05:39.296 WARN  [http-nio-8080-exec-9] o.s.w.s.m.m.a.ExceptionHandlerExceptionResolver - Resolved [org.springframework.web.HttpRequestMethodNotSupportedException: Request method 'GET' is not supported]
2026-05-13 17:05:39.314 WARN  [http-nio-8080-exec-4] o.s.w.s.m.m.a.ExceptionHandlerExceptionResolver - Resolved [org.springframework.web.HttpRequestMethodNotSupportedException: Request method 'GET' is not supported]
2026-05-13 17:05:39.327 WARN  [http-nio-8080-exec-2] o.s.w.s.m.m.a.ExceptionHandlerExceptionResolver - Resolved [org.springframework.web.HttpRequestMethodNotSupportedException: Request method 'GET' is not supported]
2026-05-13 17:05:39.344 WARN  [http-nio-8080-exec-6] o.s.w.s.m.m.a.ExceptionHandlerExceptionResolver - Resolved [org.springframework.web.HttpRequestMethodNotSupportedException: Request method 'GET' is not supported]
2026-05-13 17:05:39.356 WARN  [http-nio-8080-exec-7] o.s.w.s.m.m.a.ExceptionHandlerExceptionResolver - Resolved [org.springframework.web.HttpRequestMethodNotSupportedException: Request method 'GET' is not supported]
2026-05-13 17:05:39.368 WARN  [http-nio-8080-exec-9] o.s.w.s.m.m.a.ExceptionHandlerExceptionResolver - Resolved [org.springframework.web.HttpRequestMethodNotSupportedException: Request method 'GET' is not supported]
2026-05-13 17:05:39.382 WARN  [http-nio-8080-exec-4] o.s.w.s.m.m.a.ExceptionHandlerExceptionResolver - Resolved [org.springframework.web.HttpRequestMethodNotSupportedException: Request method 'GET' is not supported]
2026-05-13 17:05:39.412 WARN  [http-nio-8080-exec-10] o.s.w.s.m.m.a.ExceptionHandlerExceptionResolver - Resolved [org.springframework.web.HttpRequestMethodNotSupportedException: Request method 'GET' is not supported]
2026-05-13 17:05:39.426 WARN  [http-nio-8080-exec-6] o.s.w.s.m.m.a.ExceptionHandlerExceptionResolver - Resolved [org.springframework.web.HttpRequestMethodNotSupportedException: Request method 'GET' is not supported]
2026-05-13 17:05:39.440 WARN  [http-nio-8080-exec-7] o.s.w.s.m.m.a.ExceptionHandlerExceptionResolver - Resolved [org.springframework.web.HttpRequestMethodNotSupportedException: Request method 'GET' is not supported]
2026-05-13 17:05:39.455 WARN  [http-nio-8080-exec-9] o.s.w.s.m.m.a.ExceptionHandlerExceptionResolver - Resolved [org.springframework.web.HttpRequestMethodNotSupportedException: Request method 'GET' is not supported]
2026-05-13 17:05:39.475 WARN  [http-nio-8080-exec-4] o.s.w.s.m.m.a.ExceptionHandlerExceptionResolver - Resolved [org.springframework.web.HttpRequestMethodNotSupportedException: Request method 'GET' is not supported]
2026-05-13 17:05:39.486 WARN  [http-nio-8080-exec-10] o.s.w.s.m.m.a.ExceptionHandlerExceptionResolver - Resolved [org.springframework.web.HttpRequestMethodNotSupportedException: Request method 'GET' is not supported]
2026-05-13 17:05:39.499 WARN  [http-nio-8080-exec-6] o.s.w.s.m.m.a.ExceptionHandlerExceptionResolver - Resolved [org.springframework.web.HttpRequestMethodNotSupportedException: Request method 'GET' is not supported]
2026-05-13 17:05:39.527 WARN  [http-nio-8080-exec-1] o.s.w.s.m.m.a.ExceptionHandlerExceptionResolver - Resolved [org.springframework.web.HttpRequestMethodNotSupportedException: Request method 'GET' is not supported]
2026-05-13 17:05:39.539 WARN  [http-nio-8080-exec-9] o.s.w.s.m.m.a.ExceptionHandlerExceptionResolver - Resolved [org.springframework.web.HttpRequestMethodNotSupportedException: Request method 'GET' is not supported]
2026-05-13 17:05:39.552 WARN  [http-nio-8080-exec-4] o.s.w.s.m.m.a.ExceptionHandlerExceptionResolver - Resolved [org.springframework.web.HttpRequestMethodNotSupportedException: Request method 'GET' is not supported]
2026-05-13 17:05:39.569 WARN  [http-nio-8080-exec-10] o.s.w.s.m.m.a.ExceptionHandlerExceptionResolver - Resolved [org.springframework.web.HttpRequestMethodNotSupportedException: Request method 'GET' is not supported]
2026-05-13 17:05:39.580 WARN  [http-nio-8080-exec-6] o.s.w.s.m.m.a.ExceptionHandlerExceptionResolver - Resolved [org.springframework.web.HttpRequestMethodNotSupportedException: Request method 'GET' is not supported]
2026-05-13 17:05:39.627 WARN  [http-nio-8080-exec-7] o.s.w.s.m.m.a.ExceptionHandlerExceptionResolver - Resolved [org.springframework.web.HttpRequestMethodNotSupportedException: Request method 'GET' is not supported]
2026-05-13 17:05:39.665 WARN  [http-nio-8080-exec-9] o.s.w.s.m.m.a.ExceptionHandlerExceptionResolver - Resolved [org.springframework.web.HttpRequestMethodNotSupportedException: Request method 'GET' is not supported]
2026-05-13 17:05:39.705 WARN  [http-nio-8080-exec-4] o.s.w.s.m.m.a.ExceptionHandlerExceptionResolver - Resolved [org.springframework.web.HttpRequestMethodNotSupportedException: Request method 'GET' is not supported]
2026-05-13 17:05:39.731 WARN  [http-nio-8080-exec-10] o.s.w.s.m.m.a.ExceptionHandlerExceptionResolver - Resolved [org.springframework.web.HttpRequestMethodNotSupportedException: Request method 'GET' is not supported]
2026-05-13 17:05:39.776 WARN  [http-nio-8080-exec-8] o.s.w.s.m.m.a.ExceptionHandlerExceptionResolver - Resolved [org.springframework.web.HttpRequestMethodNotSupportedException: Request method 'GET' is not supported]
2026-05-13 17:05:39.792 WARN  [http-nio-8080-exec-1] o.s.w.s.m.m.a.ExceptionHandlerExceptionResolver - Resolved [org.springframework.web.HttpRequestMethodNotSupportedException: Request method 'GET' is not supported]
2026-05-13 17:05:39.805 WARN  [http-nio-8080-exec-9] o.s.w.s.m.m.a.ExceptionHandlerExceptionResolver - Resolved [org.springframework.web.HttpRequestMethodNotSupportedException: Request method 'GET' is not supported]
2026-05-13 17:05:39.829 WARN  [http-nio-8080-exec-4] o.s.w.s.m.m.a.ExceptionHandlerExceptionResolver - Resolved [org.springframework.web.HttpRequestMethodNotSupportedException: Request method 'GET' is not supported]
2026-05-13 17:05:39.847 WARN  [http-nio-8080-exec-10] o.s.w.s.m.m.a.ExceptionHandlerExceptionResolver - Resolved [org.springframework.web.HttpRequestMethodNotSupportedException: Request method 'GET' is not supported]
2026-05-13 17:05:39.864 WARN  [http-nio-8080-exec-6] o.s.w.s.m.m.a.ExceptionHandlerExceptionResolver - Resolved [org.springframework.web.HttpRequestMethodNotSupportedException: Request method 'GET' is not supported]
2026-05-13 17:05:39.878 WARN  [http-nio-8080-exec-1] o.s.w.s.m.m.a.ExceptionHandlerExceptionResolver - Resolved [org.springframework.web.HttpRequestMethodNotSupportedException: Request method 'GET' is not supported]
2026-05-13 17:05:39.893 WARN  [http-nio-8080-exec-9] o.s.w.s.m.m.a.ExceptionHandlerExceptionResolver - Resolved [org.springframework.web.HttpRequestMethodNotSupportedException: Request method 'GET' is not supported]
2026-05-13 17:05:39.909 WARN  [http-nio-8080-exec-4] o.s.w.s.m.m.a.ExceptionHandlerExceptionResolver - Resolved [org.springframework.web.HttpRequestMethodNotSupportedException: Request method 'GET' is not supported]
2026-05-13 17:05:39.928 WARN  [http-nio-8080-exec-5] o.s.w.s.m.m.a.ExceptionHandlerExceptionResolver - Resolved [org.springframework.web.HttpRequestMethodNotSupportedException: Request method 'GET' is not supported]
2026-05-13 17:05:39.944 WARN  [http-nio-8080-exec-2] o.s.w.s.m.m.a.ExceptionHandlerExceptionResolver - Resolved [org.springframework.web.HttpRequestMethodNotSupportedException: Request method 'GET' is not supported]
2026-05-13 17:05:39.960 WARN  [http-nio-8080-exec-8] o.s.w.s.m.m.a.ExceptionHandlerExceptionResolver - Resolved [org.springframework.web.HttpRequestMethodNotSupportedException: Request method 'GET' is not supported]
2026-05-13 17:05:39.981 WARN  [http-nio-8080-exec-7] o.s.w.s.m.m.a.ExceptionHandlerExceptionResolver - Resolved [org.springframework.web.HttpRequestMethodNotSupportedException: Request method 'GET' is not supported]
2026-05-13 17:05:39.997 WARN  [http-nio-8080-exec-9] o.s.w.s.m.m.a.ExceptionHandlerExceptionResolver - Resolved [org.springframework.web.HttpRequestMethodNotSupportedException: Request method 'GET' is not supported]
2026-05-13 17:05:40.014 WARN  [http-nio-8080-exec-5] o.s.w.s.m.m.a.ExceptionHandlerExceptionResolver - Resolved [org.springframework.web.HttpRequestMethodNotSupportedException: Request method 'GET' is not supported]
2026-05-13 17:05:40.027 WARN  [http-nio-8080-exec-2] o.s.w.s.m.m.a.ExceptionHandlerExceptionResolver - Resolved [org.springframework.web.HttpRequestMethodNotSupportedException: Request method 'GET' is not supported]
2026-05-13 17:05:40.045 WARN  [http-nio-8080-exec-8] o.s.web.servlet.PageNotFound - No mapping for GET /api/leave-encashment-requests
2026-05-13 17:05:40.046 WARN  [http-nio-8080-exec-8] o.s.w.s.m.m.a.ExceptionHandlerExceptionResolver - Resolved [org.springframework.web.servlet.NoHandlerFoundException: No endpoint GET /api/leave-encashment-requests.]
2026-05-13 17:05:40.047 WARN  [http-nio-8080-exec-1] o.s.w.s.m.m.a.ExceptionHandlerExceptionResolver - Resolved [org.springframework.web.HttpRequestMethodNotSupportedException: Request method 'GET' is not supported]
2026-05-13 17:05:40.062 WARN  [http-nio-8080-exec-4] o.s.web.servlet.PageNotFound - No mapping for GET /api/leave-encashment-requests
2026-05-13 17:05:40.063 WARN  [http-nio-8080-exec-9] o.s.w.s.m.m.a.ExceptionHandlerExceptionResolver - Resolved [org.springframework.web.HttpRequestMethodNotSupportedException: Request method 'GET' is not supported]
2026-05-13 17:05:40.063 WARN  [http-nio-8080-exec-4] o.s.w.s.m.m.a.ExceptionHandlerExceptionResolver - Resolved [org.springframework.web.servlet.NoHandlerFoundException: No endpoint GET /api/leave-encashment-requests.]
2026-05-13 17:05:40.080 WARN  [http-nio-8080-exec-5] o.s.web.servlet.PageNotFound - No mapping for GET /api/leave-encashment-requests
2026-05-13 17:05:40.081 WARN  [http-nio-8080-exec-3] o.s.w.s.m.m.a.ExceptionHandlerExceptionResolver - Resolved [org.springframework.web.HttpRequestMethodNotSupportedException: Request method 'GET' is not supported]
2026-05-13 17:05:40.081 WARN  [http-nio-8080-exec-5] o.s.w.s.m.m.a.ExceptionHandlerExceptionResolver - Resolved [org.springframework.web.servlet.NoHandlerFoundException: No endpoint GET /api/leave-encashment-requests.]
2026-05-13 17:05:40.095 WARN  [http-nio-8080-exec-10] o.s.web.servlet.PageNotFound - No mapping for GET /api/leave-encashment-requests
2026-05-13 17:05:40.096 WARN  [http-nio-8080-exec-2] o.s.w.s.m.m.a.ExceptionHandlerExceptionResolver - Resolved [org.springframework.web.HttpRequestMethodNotSupportedException: Request method 'GET' is not supported]
2026-05-13 17:05:40.096 WARN  [http-nio-8080-exec-10] o.s.w.s.m.m.a.ExceptionHandlerExceptionResolver - Resolved [org.springframework.web.servlet.NoHandlerFoundException: No endpoint GET /api/leave-encashment-requests.]
2026-05-13 17:05:40.112 WARN  [http-nio-8080-exec-8] o.s.web.servlet.PageNotFound - No mapping for GET /api/leave-encashment-requests
2026-05-13 17:05:40.112 WARN  [http-nio-8080-exec-6] o.s.w.s.m.m.a.ExceptionHandlerExceptionResolver - Resolved [org.springframework.web.HttpRequestMethodNotSupportedException: Request method 'GET' is not supported]
2026-05-13 17:05:40.113 WARN  [http-nio-8080-exec-8] o.s.w.s.m.m.a.ExceptionHandlerExceptionResolver - Resolved [org.springframework.web.servlet.NoHandlerFoundException: No endpoint GET /api/leave-encashment-requests.]
2026-05-13 17:05:40.130 WARN  [http-nio-8080-exec-7] o.s.web.servlet.PageNotFound - No mapping for GET /api/leave-encashment-requests
2026-05-13 17:05:40.131 WARN  [http-nio-8080-exec-7] o.s.w.s.m.m.a.ExceptionHandlerExceptionResolver - Resolved [org.springframework.web.servlet.NoHandlerFoundException: No endpoint GET /api/leave-encashment-requests.]
2026-05-13 17:05:40.131 WARN  [http-nio-8080-exec-1] o.s.w.s.m.m.a.ExceptionHandlerExceptionResolver - Resolved [org.springframework.web.HttpRequestMethodNotSupportedException: Request method 'GET' is not supported]
2026-05-13 17:05:40.147 WARN  [http-nio-8080-exec-4] o.s.web.servlet.PageNotFound - No mapping for GET /api/leave-encashment-requests
2026-05-13 17:05:40.148 WARN  [http-nio-8080-exec-4] o.s.w.s.m.m.a.ExceptionHandlerExceptionResolver - Resolved [org.springframework.web.servlet.NoHandlerFoundException: No endpoint GET /api/leave-encashment-requests.]
2026-05-13 17:05:40.148 WARN  [http-nio-8080-exec-9] o.s.w.s.m.m.a.ExceptionHandlerExceptionResolver - Resolved [org.springframework.web.HttpRequestMethodNotSupportedException: Request method 'GET' is not supported]
2026-05-13 17:05:40.161 WARN  [http-nio-8080-exec-5] o.s.w.s.m.m.a.ExceptionHandlerExceptionResolver - Resolved [org.springframework.web.HttpRequestMethodNotSupportedException: Request method 'GET' is not supported]
2026-05-13 17:05:40.161 WARN  [http-nio-8080-exec-3] o.s.web.servlet.PageNotFound - No mapping for GET /api/leave-encashment-requests
2026-05-13 17:05:40.163 WARN  [http-nio-8080-exec-3] o.s.w.s.m.m.a.ExceptionHandlerExceptionResolver - Resolved [org.springframework.web.servlet.NoHandlerFoundException: No endpoint GET /api/leave-encashment-requests.]
2026-05-13 17:05:40.175 WARN  [http-nio-8080-exec-10] o.s.web.servlet.PageNotFound - No mapping for GET /api/leave-encashment-requests
2026-05-13 17:05:40.176 WARN  [http-nio-8080-exec-2] o.s.w.s.m.m.a.ExceptionHandlerExceptionResolver - Resolved [org.springframework.web.HttpRequestMethodNotSupportedException: Request method 'GET' is not supported]
2026-05-13 17:05:40.176 WARN  [http-nio-8080-exec-10] o.s.w.s.m.m.a.ExceptionHandlerExceptionResolver - Resolved [org.springframework.web.servlet.NoHandlerFoundException: No endpoint GET /api/leave-encashment-requests.]
2026-05-13 17:05:40.188 WARN  [http-nio-8080-exec-8] o.s.web.servlet.PageNotFound - No mapping for GET /api/leave-encashment-requests
2026-05-13 17:05:40.188 WARN  [http-nio-8080-exec-6] o.s.w.s.m.m.a.ExceptionHandlerExceptionResolver - Resolved [org.springframework.web.HttpRequestMethodNotSupportedException: Request method 'GET' is not supported]
2026-05-13 17:05:40.188 WARN  [http-nio-8080-exec-8] o.s.w.s.m.m.a.ExceptionHandlerExceptionResolver - Resolved [org.springframework.web.servlet.NoHandlerFoundException: No endpoint GET /api/leave-encashment-requests.]
2026-05-13 17:05:40.200 WARN  [http-nio-8080-exec-7] o.s.web.servlet.PageNotFound - No mapping for GET /api/leave-encashment-requests
2026-05-13 17:05:40.201 WARN  [http-nio-8080-exec-1] o.s.w.s.m.m.a.ExceptionHandlerExceptionResolver - Resolved [org.springframework.web.HttpRequestMethodNotSupportedException: Request method 'GET' is not supported]
2026-05-13 17:05:40.201 WARN  [http-nio-8080-exec-7] o.s.w.s.m.m.a.ExceptionHandlerExceptionResolver - Resolved [org.springframework.web.servlet.NoHandlerFoundException: No endpoint GET /api/leave-encashment-requests.]
2026-05-13 17:05:40.217 WARN  [http-nio-8080-exec-9] o.s.web.servlet.PageNotFound - No mapping for GET /api/leave-encashment-requests
2026-05-13 17:05:40.218 WARN  [http-nio-8080-exec-4] o.s.w.s.m.m.a.ExceptionHandlerExceptionResolver - Resolved [org.springframework.web.HttpRequestMethodNotSupportedException: Request method 'GET' is not supported]
2026-05-13 17:05:40.218 WARN  [http-nio-8080-exec-9] o.s.w.s.m.m.a.ExceptionHandlerExceptionResolver - Resolved [org.springframework.web.servlet.NoHandlerFoundException: No endpoint GET /api/leave-encashment-requests.]
2026-05-13 17:05:40.234 WARN  [http-nio-8080-exec-3] o.s.web.servlet.PageNotFound - No mapping for GET /api/leave-encashment-requests
2026-05-13 17:05:40.235 WARN  [http-nio-8080-exec-5] o.s.w.s.m.m.a.ExceptionHandlerExceptionResolver - Resolved [org.springframework.web.HttpRequestMethodNotSupportedException: Request method 'GET' is not supported]
2026-05-13 17:05:40.235 WARN  [http-nio-8080-exec-3] o.s.w.s.m.m.a.ExceptionHandlerExceptionResolver - Resolved [org.springframework.web.servlet.NoHandlerFoundException: No endpoint GET /api/leave-encashment-requests.]
2026-05-13 17:05:40.250 WARN  [http-nio-8080-exec-10] o.s.web.servlet.PageNotFound - No mapping for GET /api/leave-encashment-requests
2026-05-13 17:05:40.251 WARN  [http-nio-8080-exec-2] o.s.w.s.m.m.a.ExceptionHandlerExceptionResolver - Resolved [org.springframework.web.HttpRequestMethodNotSupportedException: Request method 'GET' is not supported]
2026-05-13 17:05:40.251 WARN  [http-nio-8080-exec-10] o.s.w.s.m.m.a.ExceptionHandlerExceptionResolver - Resolved [org.springframework.web.servlet.NoHandlerFoundException: No endpoint GET /api/leave-encashment-requests.]
2026-05-13 17:05:40.263 WARN  [http-nio-8080-exec-6] o.s.web.servlet.PageNotFound - No mapping for GET /api/leave-encashment-requests
2026-05-13 17:05:40.264 WARN  [http-nio-8080-exec-6] o.s.w.s.m.m.a.ExceptionHandlerExceptionResolver - Resolved [org.springframework.web.servlet.NoHandlerFoundException: No endpoint GET /api/leave-encashment-requests.]
2026-05-13 17:05:40.264 WARN  [http-nio-8080-exec-8] o.s.w.s.m.m.a.ExceptionHandlerExceptionResolver - Resolved [org.springframework.web.HttpRequestMethodNotSupportedException: Request method 'GET' is not supported]
2026-05-13 17:05:40.276 WARN  [http-nio-8080-exec-1] o.s.web.servlet.PageNotFound - No mapping for GET /api/leave-encashment-requests
2026-05-13 17:05:40.277 WARN  [http-nio-8080-exec-1] o.s.w.s.m.m.a.ExceptionHandlerExceptionResolver - Resolved [org.springframework.web.servlet.NoHandlerFoundException: No endpoint GET /api/leave-encashment-requests.]
2026-05-13 17:05:40.278 WARN  [http-nio-8080-exec-7] o.s.w.s.m.m.a.ExceptionHandlerExceptionResolver - Resolved [org.springframework.web.HttpRequestMethodNotSupportedException: Request method 'GET' is not supported]
2026-05-13 17:05:40.288 WARN  [http-nio-8080-exec-9] o.s.web.servlet.PageNotFound - No mapping for GET /api/leave-encashment-requests
2026-05-13 17:05:40.289 WARN  [http-nio-8080-exec-9] o.s.w.s.m.m.a.ExceptionHandlerExceptionResolver - Resolved [org.springframework.web.servlet.NoHandlerFoundException: No endpoint GET /api/leave-encashment-requests.]
2026-05-13 17:05:40.290 WARN  [http-nio-8080-exec-4] o.s.w.s.m.m.a.ExceptionHandlerExceptionResolver - Resolved [org.springframework.web.HttpRequestMethodNotSupportedException: Request method 'GET' is not supported]
2026-05-13 17:05:40.301 WARN  [http-nio-8080-exec-5] o.s.w.s.m.m.a.ExceptionHandlerExceptionResolver - Resolved [org.springframework.web.HttpRequestMethodNotSupportedException: Request method 'GET' is not supported]
2026-05-13 17:05:40.301 WARN  [http-nio-8080-exec-3] o.s.web.servlet.PageNotFound - No mapping for GET /api/leave-encashment-requests
2026-05-13 17:05:40.302 WARN  [http-nio-8080-exec-3] o.s.w.s.m.m.a.ExceptionHandlerExceptionResolver - Resolved [org.springframework.web.servlet.NoHandlerFoundException: No endpoint GET /api/leave-encashment-requests.]
2026-05-13 17:05:40.315 WARN  [http-nio-8080-exec-10] o.s.web.servlet.PageNotFound - No mapping for GET /api/leave-encashment-requests
2026-05-13 17:05:40.316 WARN  [http-nio-8080-exec-10] o.s.w.s.m.m.a.ExceptionHandlerExceptionResolver - Resolved [org.springframework.web.servlet.NoHandlerFoundException: No endpoint GET /api/leave-encashment-requests.]
2026-05-13 17:05:40.316 WARN  [http-nio-8080-exec-2] o.s.w.s.m.m.a.ExceptionHandlerExceptionResolver - Resolved [org.springframework.web.HttpRequestMethodNotSupportedException: Request method 'GET' is not supported]
2026-05-13 17:05:40.329 WARN  [http-nio-8080-exec-8] o.s.w.s.m.m.a.ExceptionHandlerExceptionResolver - Resolved [org.springframework.web.HttpRequestMethodNotSupportedException: Request method 'GET' is not supported]
2026-05-13 17:05:40.329 WARN  [http-nio-8080-exec-6] o.s.web.servlet.PageNotFound - No mapping for GET /api/leave-encashment-requests
2026-05-13 17:05:40.330 WARN  [http-nio-8080-exec-6] o.s.w.s.m.m.a.ExceptionHandlerExceptionResolver - Resolved [org.springframework.web.servlet.NoHandlerFoundException: No endpoint GET /api/leave-encashment-requests.]
2026-05-13 17:05:40.344 WARN  [http-nio-8080-exec-1] o.s.w.s.m.m.a.ExceptionHandlerExceptionResolver - Resolved [org.springframework.web.HttpRequestMethodNotSupportedException: Request method 'GET' is not supported]
2026-05-13 17:05:40.344 WARN  [http-nio-8080-exec-7] o.s.web.servlet.PageNotFound - No mapping for GET /api/leave-encashment-requests
2026-05-13 17:05:40.345 WARN  [http-nio-8080-exec-7] o.s.w.s.m.m.a.ExceptionHandlerExceptionResolver - Resolved [org.springframework.web.servlet.NoHandlerFoundException: No endpoint GET /api/leave-encashment-requests.]
2026-05-13 17:05:40.359 WARN  [http-nio-8080-exec-9] o.s.w.s.m.m.a.ExceptionHandlerExceptionResolver - Resolved [org.springframework.web.HttpRequestMethodNotSupportedException: Request method 'GET' is not supported]
2026-05-13 17:05:40.359 WARN  [http-nio-8080-exec-4] o.s.web.servlet.PageNotFound - No mapping for GET /api/leave-encashment-requests
2026-05-13 17:05:40.359 WARN  [http-nio-8080-exec-4] o.s.w.s.m.m.a.ExceptionHandlerExceptionResolver - Resolved [org.springframework.web.servlet.NoHandlerFoundException: No endpoint GET /api/leave-encashment-requests.]
2026-05-13 17:05:40.369 WARN  [http-nio-8080-exec-5] o.s.w.s.m.m.a.ExceptionHandlerExceptionResolver - Resolved [org.springframework.web.HttpRequestMethodNotSupportedException: Request method 'GET' is not supported]
2026-05-13 17:05:40.370 WARN  [http-nio-8080-exec-3] o.s.web.servlet.PageNotFound - No mapping for GET /api/leave-encashment-requests
2026-05-13 17:05:40.371 WARN  [http-nio-8080-exec-3] o.s.w.s.m.m.a.ExceptionHandlerExceptionResolver - Resolved [org.springframework.web.servlet.NoHandlerFoundException: No endpoint GET /api/leave-encashment-requests.]
2026-05-13 17:05:40.390 WARN  [http-nio-8080-exec-2] o.s.web.servlet.PageNotFound - No mapping for GET /api/leave-encashment-requests
2026-05-13 17:05:40.391 WARN  [http-nio-8080-exec-10] o.s.w.s.m.m.a.ExceptionHandlerExceptionResolver - Resolved [org.springframework.web.HttpRequestMethodNotSupportedException: Request method 'GET' is not supported]
2026-05-13 17:05:40.391 WARN  [http-nio-8080-exec-2] o.s.w.s.m.m.a.ExceptionHandlerExceptionResolver - Resolved [org.springframework.web.servlet.NoHandlerFoundException: No endpoint GET /api/leave-encashment-requests.]
2026-05-13 17:05:40.404 WARN  [http-nio-8080-exec-6] o.s.web.servlet.PageNotFound - No mapping for GET /api/leave-encashment-requests
2026-05-13 17:05:40.405 WARN  [http-nio-8080-exec-8] o.s.w.s.m.m.a.ExceptionHandlerExceptionResolver - Resolved [org.springframework.web.HttpRequestMethodNotSupportedException: Request method 'GET' is not supported]
2026-05-13 17:05:40.405 WARN  [http-nio-8080-exec-6] o.s.w.s.m.m.a.ExceptionHandlerExceptionResolver - Resolved [org.springframework.web.servlet.NoHandlerFoundException: No endpoint GET /api/leave-encashment-requests.]
2026-05-13 17:05:40.416 WARN  [http-nio-8080-exec-7] o.s.web.servlet.PageNotFound - No mapping for GET /api/leave-encashment-requests
2026-05-13 17:05:40.417 WARN  [http-nio-8080-exec-7] o.s.w.s.m.m.a.ExceptionHandlerExceptionResolver - Resolved [org.springframework.web.servlet.NoHandlerFoundException: No endpoint GET /api/leave-encashment-requests.]
2026-05-13 17:05:40.417 WARN  [http-nio-8080-exec-1] o.s.w.s.m.m.a.ExceptionHandlerExceptionResolver - Resolved [org.springframework.web.HttpRequestMethodNotSupportedException: Request method 'GET' is not supported]
2026-05-13 17:05:40.430 WARN  [http-nio-8080-exec-4] o.s.web.servlet.PageNotFound - No mapping for GET /api/leave-encashment-requests
2026-05-13 17:05:40.431 WARN  [http-nio-8080-exec-9] o.s.w.s.m.m.a.ExceptionHandlerExceptionResolver - Resolved [org.springframework.web.HttpRequestMethodNotSupportedException: Request method 'GET' is not supported]
2026-05-13 17:05:40.431 WARN  [http-nio-8080-exec-4] o.s.w.s.m.m.a.ExceptionHandlerExceptionResolver - Resolved [org.springframework.web.servlet.NoHandlerFoundException: No endpoint GET /api/leave-encashment-requests.]
2026-05-13 17:05:40.447 WARN  [http-nio-8080-exec-5] o.s.web.servlet.PageNotFound - No mapping for GET /api/leave-encashment-requests
2026-05-13 17:05:40.448 WARN  [http-nio-8080-exec-3] o.s.w.s.m.m.a.ExceptionHandlerExceptionResolver - Resolved [org.springframework.web.HttpRequestMethodNotSupportedException: Request method 'GET' is not supported]
2026-05-13 17:05:40.448 WARN  [http-nio-8080-exec-5] o.s.w.s.m.m.a.ExceptionHandlerExceptionResolver - Resolved [org.springframework.web.servlet.NoHandlerFoundException: No endpoint GET /api/leave-encashment-requests.]
2026-05-13 17:05:40.463 WARN  [http-nio-8080-exec-2] o.s.web.servlet.PageNotFound - No mapping for GET /api/leave-encashment-requests
2026-05-13 17:05:40.463 WARN  [http-nio-8080-exec-10] o.s.w.s.m.m.a.ExceptionHandlerExceptionResolver - Resolved [org.springframework.web.HttpRequestMethodNotSupportedException: Request method 'GET' is not supported]
2026-05-13 17:05:40.464 WARN  [http-nio-8080-exec-2] o.s.w.s.m.m.a.ExceptionHandlerExceptionResolver - Resolved [org.springframework.web.servlet.NoHandlerFoundException: No endpoint GET /api/leave-encashment-requests.]
2026-05-13 17:05:40.476 WARN  [http-nio-8080-exec-6] o.s.web.servlet.PageNotFound - No mapping for GET /api/leave-encashment-requests
2026-05-13 17:05:40.477 WARN  [http-nio-8080-exec-8] o.s.w.s.m.m.a.ExceptionHandlerExceptionResolver - Resolved [org.springframework.web.HttpRequestMethodNotSupportedException: Request method 'GET' is not supported]
2026-05-13 17:05:40.477 WARN  [http-nio-8080-exec-6] o.s.w.s.m.m.a.ExceptionHandlerExceptionResolver - Resolved [org.springframework.web.servlet.NoHandlerFoundException: No endpoint GET /api/leave-encashment-requests.]
2026-05-13 17:05:40.494 WARN  [http-nio-8080-exec-7] o.s.web.servlet.PageNotFound - No mapping for GET /api/leave-encashment-requests
2026-05-13 17:05:40.495 WARN  [http-nio-8080-exec-1] o.s.w.s.m.m.a.ExceptionHandlerExceptionResolver - Resolved [org.springframework.web.HttpRequestMethodNotSupportedException: Request method 'GET' is not supported]
2026-05-13 17:05:40.495 WARN  [http-nio-8080-exec-7] o.s.w.s.m.m.a.ExceptionHandlerExceptionResolver - Resolved [org.springframework.web.servlet.NoHandlerFoundException: No endpoint GET /api/leave-encashment-requests.]
2026-05-13 17:05:40.507 WARN  [http-nio-8080-exec-4] o.s.web.servlet.PageNotFound - No mapping for GET /api/leave-encashment-requests
2026-05-13 17:05:40.507 WARN  [http-nio-8080-exec-9] o.s.w.s.m.m.a.ExceptionHandlerExceptionResolver - Resolved [org.springframework.web.HttpRequestMethodNotSupportedException: Request method 'GET' is not supported]
2026-05-13 17:05:40.508 WARN  [http-nio-8080-exec-4] o.s.w.s.m.m.a.ExceptionHandlerExceptionResolver - Resolved [org.springframework.web.servlet.NoHandlerFoundException: No endpoint GET /api/leave-encashment-requests.]
2026-05-13 17:05:40.518 WARN  [http-nio-8080-exec-5] o.s.web.servlet.PageNotFound - No mapping for GET /api/leave-encashment-requests
2026-05-13 17:05:40.519 WARN  [http-nio-8080-exec-3] o.s.w.s.m.m.a.ExceptionHandlerExceptionResolver - Resolved [org.springframework.web.HttpRequestMethodNotSupportedException: Request method 'GET' is not supported]
2026-05-13 17:05:40.519 WARN  [http-nio-8080-exec-5] o.s.w.s.m.m.a.ExceptionHandlerExceptionResolver - Resolved [org.springframework.web.servlet.NoHandlerFoundException: No endpoint GET /api/leave-encashment-requests.]
2026-05-13 17:05:40.530 WARN  [http-nio-8080-exec-10] o.s.web.servlet.PageNotFound - No mapping for GET /api/leave-encashment-requests
2026-05-13 17:05:40.531 WARN  [http-nio-8080-exec-10] o.s.w.s.m.m.a.ExceptionHandlerExceptionResolver - Resolved [org.springframework.web.servlet.NoHandlerFoundException: No endpoint GET /api/leave-encashment-requests.]
2026-05-13 17:05:40.531 WARN  [http-nio-8080-exec-2] o.s.w.s.m.m.a.ExceptionHandlerExceptionResolver - Resolved [org.springframework.web.HttpRequestMethodNotSupportedException: Request method 'GET' is not supported]
2026-05-13 17:05:40.542 WARN  [http-nio-8080-exec-8] o.s.w.s.m.m.a.ExceptionHandlerExceptionResolver - Resolved [org.springframework.web.HttpRequestMethodNotSupportedException: Request method 'GET' is not supported]
2026-05-13 17:05:40.544 WARN  [http-nio-8080-exec-6] o.s.web.servlet.PageNotFound - No mapping for GET /api/leave-encashment-requests
2026-05-13 17:05:40.545 WARN  [http-nio-8080-exec-6] o.s.w.s.m.m.a.ExceptionHandlerExceptionResolver - Resolved [org.springframework.web.servlet.NoHandlerFoundException: No endpoint GET /api/leave-encashment-requests.]
2026-05-13 17:05:40.555 WARN  [http-nio-8080-exec-7] o.s.w.s.m.m.a.ExceptionHandlerExceptionResolver - Resolved [org.springframework.web.HttpRequestMethodNotSupportedException: Request method 'GET' is not supported]
2026-05-13 17:05:40.558 WARN  [http-nio-8080-exec-1] o.s.web.servlet.PageNotFound - No mapping for GET /api/leave-encashment-requests
2026-05-13 17:05:40.559 WARN  [http-nio-8080-exec-1] o.s.w.s.m.m.a.ExceptionHandlerExceptionResolver - Resolved [org.springframework.web.servlet.NoHandlerFoundException: No endpoint GET /api/leave-encashment-requests.]
2026-05-13 17:05:40.572 WARN  [http-nio-8080-exec-9] o.s.web.servlet.PageNotFound - No mapping for GET /api/leave-encashment-requests
2026-05-13 17:05:40.573 WARN  [http-nio-8080-exec-9] o.s.w.s.m.m.a.ExceptionHandlerExceptionResolver - Resolved [org.springframework.web.servlet.NoHandlerFoundException: No endpoint GET /api/leave-encashment-requests.]
2026-05-13 17:05:40.573 WARN  [http-nio-8080-exec-4] o.s.w.s.m.m.a.ExceptionHandlerExceptionResolver - Resolved [org.springframework.web.HttpRequestMethodNotSupportedException: Request method 'GET' is not supported]
2026-05-13 17:05:40.585 WARN  [http-nio-8080-exec-3] o.s.web.servlet.PageNotFound - No mapping for GET /api/leave-encashment-requests
2026-05-13 17:05:40.586 WARN  [http-nio-8080-exec-5] o.s.w.s.m.m.a.ExceptionHandlerExceptionResolver - Resolved [org.springframework.web.HttpRequestMethodNotSupportedException: Request method 'GET' is not supported]
2026-05-13 17:05:40.586 WARN  [http-nio-8080-exec-3] o.s.w.s.m.m.a.ExceptionHandlerExceptionResolver - Resolved [org.springframework.web.servlet.NoHandlerFoundException: No endpoint GET /api/leave-encashment-requests.]
2026-05-13 17:05:40.602 WARN  [http-nio-8080-exec-2] o.s.web.servlet.PageNotFound - No mapping for GET /api/leave-encashment-requests
2026-05-13 17:05:40.603 WARN  [http-nio-8080-exec-2] o.s.w.s.m.m.a.ExceptionHandlerExceptionResolver - Resolved [org.springframework.web.servlet.NoHandlerFoundException: No endpoint GET /api/leave-encashment-requests.]
2026-05-13 17:05:40.603 WARN  [http-nio-8080-exec-10] o.s.w.s.m.m.a.ExceptionHandlerExceptionResolver - Resolved [org.springframework.web.HttpRequestMethodNotSupportedException: Request method 'GET' is not supported]
2026-05-13 17:05:40.617 WARN  [http-nio-8080-exec-8] o.s.web.servlet.PageNotFound - No mapping for GET /api/leave-encashment-requests
2026-05-13 17:05:40.618 WARN  [http-nio-8080-exec-6] o.s.w.s.m.m.a.ExceptionHandlerExceptionResolver - Resolved [org.springframework.web.HttpRequestMethodNotSupportedException: Request method 'GET' is not supported]
2026-05-13 17:05:40.618 WARN  [http-nio-8080-exec-8] o.s.w.s.m.m.a.ExceptionHandlerExceptionResolver - Resolved [org.springframework.web.servlet.NoHandlerFoundException: No endpoint GET /api/leave-encashment-requests.]
2026-05-13 17:05:40.632 WARN  [http-nio-8080-exec-1] o.s.web.servlet.PageNotFound - No mapping for GET /api/leave-encashment-requests
2026-05-13 17:05:40.632 WARN  [http-nio-8080-exec-7] o.s.w.s.m.m.a.ExceptionHandlerExceptionResolver - Resolved [org.springframework.web.HttpRequestMethodNotSupportedException: Request method 'GET' is not supported]
2026-05-13 17:05:40.633 WARN  [http-nio-8080-exec-1] o.s.w.s.m.m.a.ExceptionHandlerExceptionResolver - Resolved [org.springframework.web.servlet.NoHandlerFoundException: No endpoint GET /api/leave-encashment-requests.]
2026-05-13 17:05:40.646 WARN  [http-nio-8080-exec-9] o.s.w.s.m.m.a.ExceptionHandlerExceptionResolver - Resolved [org.springframework.web.HttpRequestMethodNotSupportedException: Request method 'GET' is not supported]
2026-05-13 17:05:40.647 WARN  [http-nio-8080-exec-4] o.s.web.servlet.PageNotFound - No mapping for GET /api/leave-encashment-requests
2026-05-13 17:05:40.648 WARN  [http-nio-8080-exec-4] o.s.w.s.m.m.a.ExceptionHandlerExceptionResolver - Resolved [org.springframework.web.servlet.NoHandlerFoundException: No endpoint GET /api/leave-encashment-requests.]
2026-05-13 17:05:40.661 WARN  [http-nio-8080-exec-5] o.s.w.s.m.m.a.ExceptionHandlerExceptionResolver - Resolved [org.springframework.web.HttpRequestMethodNotSupportedException: Request method 'GET' is not supported]
2026-05-13 17:05:40.662 WARN  [http-nio-8080-exec-3] o.s.web.servlet.PageNotFound - No mapping for GET /api/leave-encashment-requests
2026-05-13 17:05:40.662 WARN  [http-nio-8080-exec-3] o.s.w.s.m.m.a.ExceptionHandlerExceptionResolver - Resolved [org.springframework.web.servlet.NoHandlerFoundException: No endpoint GET /api/leave-encashment-requests.]
2026-05-13 17:05:40.678 WARN  [http-nio-8080-exec-10] o.s.web.servlet.PageNotFound - No mapping for GET /api/leave-encashment-requests
2026-05-13 17:05:40.678 WARN  [http-nio-8080-exec-2] o.s.w.s.m.m.a.ExceptionHandlerExceptionResolver - Resolved [org.springframework.web.HttpRequestMethodNotSupportedException: Request method 'GET' is not supported]
2026-05-13 17:05:40.679 WARN  [http-nio-8080-exec-10] o.s.w.s.m.m.a.ExceptionHandlerExceptionResolver - Resolved [org.springframework.web.servlet.NoHandlerFoundException: No endpoint GET /api/leave-encashment-requests.]
2026-05-13 17:05:40.694 WARN  [http-nio-8080-exec-8] o.s.web.servlet.PageNotFound - No mapping for GET /api/leave-encashment-requests
2026-05-13 17:05:40.694 WARN  [http-nio-8080-exec-6] o.s.w.s.m.m.a.ExceptionHandlerExceptionResolver - Resolved [org.springframework.web.HttpRequestMethodNotSupportedException: Request method 'GET' is not supported]
2026-05-13 17:05:40.694 WARN  [http-nio-8080-exec-8] o.s.w.s.m.m.a.ExceptionHandlerExceptionResolver - Resolved [org.springframework.web.servlet.NoHandlerFoundException: No endpoint GET /api/leave-encashment-requests.]
2026-05-13 17:05:40.708 WARN  [http-nio-8080-exec-1] o.s.web.servlet.PageNotFound - No mapping for GET /api/leave-encashment-requests
2026-05-13 17:05:40.709 WARN  [http-nio-8080-exec-7] o.s.w.s.m.m.a.ExceptionHandlerExceptionResolver - Resolved [org.springframework.web.HttpRequestMethodNotSupportedException: Request method 'GET' is not supported]
2026-05-13 17:05:40.709 WARN  [http-nio-8080-exec-1] o.s.w.s.m.m.a.ExceptionHandlerExceptionResolver - Resolved [org.springframework.web.servlet.NoHandlerFoundException: No endpoint GET /api/leave-encashment-requests.]
2026-05-13 17:05:40.724 WARN  [http-nio-8080-exec-4] o.s.web.servlet.PageNotFound - No mapping for GET /api/leave-encashment-requests
2026-05-13 17:05:40.725 WARN  [http-nio-8080-exec-4] o.s.w.s.m.m.a.ExceptionHandlerExceptionResolver - Resolved [org.springframework.web.servlet.NoHandlerFoundException: No endpoint GET /api/leave-encashment-requests.]
2026-05-13 17:05:40.725 WARN  [http-nio-8080-exec-9] o.s.w.s.m.m.a.ExceptionHandlerExceptionResolver - Resolved [org.springframework.web.HttpRequestMethodNotSupportedException: Request method 'GET' is not supported]
2026-05-13 17:05:40.736 WARN  [http-nio-8080-exec-3] o.s.w.s.m.m.a.ExceptionHandlerExceptionResolver - Resolved [org.springframework.web.HttpRequestMethodNotSupportedException: Request method 'GET' is not supported]
2026-05-13 17:05:40.736 WARN  [http-nio-8080-exec-5] o.s.web.servlet.PageNotFound - No mapping for GET /api/leave-encashment-requests
2026-05-13 17:05:40.738 WARN  [http-nio-8080-exec-5] o.s.w.s.m.m.a.ExceptionHandlerExceptionResolver - Resolved [org.springframework.web.servlet.NoHandlerFoundException: No endpoint GET /api/leave-encashment-requests.]
2026-05-13 17:05:40.751 WARN  [http-nio-8080-exec-10] o.s.web.servlet.PageNotFound - No mapping for GET /api/leave-encashment-requests
2026-05-13 17:05:40.751 WARN  [http-nio-8080-exec-2] o.s.w.s.m.m.a.ExceptionHandlerExceptionResolver - Resolved [org.springframework.web.HttpRequestMethodNotSupportedException: Request method 'GET' is not supported]
2026-05-13 17:05:40.752 WARN  [http-nio-8080-exec-10] o.s.w.s.m.m.a.ExceptionHandlerExceptionResolver - Resolved [org.springframework.web.servlet.NoHandlerFoundException: No endpoint GET /api/leave-encashment-requests.]
2026-05-13 17:05:40.763 WARN  [http-nio-8080-exec-8] o.s.web.servlet.PageNotFound - No mapping for GET /api/leave-encashment-requests
2026-05-13 17:05:40.764 WARN  [http-nio-8080-exec-8] o.s.w.s.m.m.a.ExceptionHandlerExceptionResolver - Resolved [org.springframework.web.servlet.NoHandlerFoundException: No endpoint GET /api/leave-encashment-requests.]
2026-05-13 17:05:40.764 WARN  [http-nio-8080-exec-6] o.s.w.s.m.m.a.ExceptionHandlerExceptionResolver - Resolved [org.springframework.web.HttpRequestMethodNotSupportedException: Request method 'GET' is not supported]
2026-05-13 17:05:40.776 WARN  [http-nio-8080-exec-7] o.s.web.servlet.PageNotFound - No mapping for GET /api/leave-encashment-requests
2026-05-13 17:05:40.777 WARN  [http-nio-8080-exec-1] o.s.w.s.m.m.a.ExceptionHandlerExceptionResolver - Resolved [org.springframework.web.HttpRequestMethodNotSupportedException: Request method 'GET' is not supported]
2026-05-13 17:05:40.777 WARN  [http-nio-8080-exec-7] o.s.w.s.m.m.a.ExceptionHandlerExceptionResolver - Resolved [org.springframework.web.servlet.NoHandlerFoundException: No endpoint GET /api/leave-encashment-requests.]
2026-05-13 17:05:40.786 WARN  [http-nio-8080-exec-4] o.s.w.s.m.m.a.ExceptionHandlerExceptionResolver - Resolved [org.springframework.web.HttpRequestMethodNotSupportedException: Request method 'GET' is not supported]
2026-05-13 17:05:40.786 WARN  [http-nio-8080-exec-9] o.s.web.servlet.PageNotFound - No mapping for GET /api/leave-encashment-requests
2026-05-13 17:05:40.788 WARN  [http-nio-8080-exec-9] o.s.w.s.m.m.a.ExceptionHandlerExceptionResolver - Resolved [org.springframework.web.servlet.NoHandlerFoundException: No endpoint GET /api/leave-encashment-requests.]
2026-05-13 17:05:40.799 WARN  [http-nio-8080-exec-3] o.s.w.s.m.m.a.ExceptionHandlerExceptionResolver - Resolved [org.springframework.web.HttpRequestMethodNotSupportedException: Request method 'GET' is not supported]
2026-05-13 17:05:40.799 WARN  [http-nio-8080-exec-5] o.s.web.servlet.PageNotFound - No mapping for GET /api/leave-encashment-requests
2026-05-13 17:05:40.800 WARN  [http-nio-8080-exec-5] o.s.w.s.m.m.a.ExceptionHandlerExceptionResolver - Resolved [org.springframework.web.servlet.NoHandlerFoundException: No endpoint GET /api/leave-encashment-requests.]
2026-05-13 17:05:40.809 WARN  [http-nio-8080-exec-10] o.s.web.servlet.PageNotFound - No mapping for GET /api/leave-encashment-requests
2026-05-13 17:05:40.814 WARN  [http-nio-8080-exec-10] o.s.w.s.m.m.a.ExceptionHandlerExceptionResolver - Resolved [org.springframework.web.servlet.NoHandlerFoundException: No endpoint GET /api/leave-encashment-requests.]
2026-05-13 17:05:40.816 WARN  [http-nio-8080-exec-2] o.s.w.s.m.m.a.ExceptionHandlerExceptionResolver - Resolved [org.springframework.web.HttpRequestMethodNotSupportedException: Request method 'GET' is not supported]
2026-05-13 17:05:40.827 WARN  [http-nio-8080-exec-6] o.s.w.s.m.m.a.ExceptionHandlerExceptionResolver - Resolved [org.springframework.web.HttpRequestMethodNotSupportedException: Request method 'GET' is not supported]
2026-05-13 17:05:40.828 WARN  [http-nio-8080-exec-8] o.s.web.servlet.PageNotFound - No mapping for GET /api/leave-encashment-requests
2026-05-13 17:05:40.829 WARN  [http-nio-8080-exec-8] o.s.w.s.m.m.a.ExceptionHandlerExceptionResolver - Resolved [org.springframework.web.servlet.NoHandlerFoundException: No endpoint GET /api/leave-encashment-requests.]
2026-05-13 17:05:40.839 WARN  [http-nio-8080-exec-1] o.s.w.s.m.m.a.ExceptionHandlerExceptionResolver - Resolved [org.springframework.web.HttpRequestMethodNotSupportedException: Request method 'GET' is not supported]
2026-05-13 17:05:40.841 WARN  [http-nio-8080-exec-7] o.s.web.servlet.PageNotFound - No mapping for GET /api/leave-encashment-requests
2026-05-13 17:05:40.841 WARN  [http-nio-8080-exec-7] o.s.w.s.m.m.a.ExceptionHandlerExceptionResolver - Resolved [org.springframework.web.servlet.NoHandlerFoundException: No endpoint GET /api/leave-encashment-requests.]
2026-05-13 17:05:40.850 WARN  [http-nio-8080-exec-4] o.s.w.s.m.m.a.ExceptionHandlerExceptionResolver - Resolved [org.springframework.web.HttpRequestMethodNotSupportedException: Request method 'GET' is not supported]
2026-05-13 17:05:40.851 WARN  [http-nio-8080-exec-9] o.s.web.servlet.PageNotFound - No mapping for GET /api/leave-encashment-requests
2026-05-13 17:05:40.851 WARN  [http-nio-8080-exec-9] o.s.w.s.m.m.a.ExceptionHandlerExceptionResolver - Resolved [org.springframework.web.servlet.NoHandlerFoundException: No endpoint GET /api/leave-encashment-requests.]
2026-05-13 17:05:40.860 WARN  [http-nio-8080-exec-3] o.s.w.s.m.m.a.ExceptionHandlerExceptionResolver - Resolved [org.springframework.web.HttpRequestMethodNotSupportedException: Request method 'GET' is not supported]
2026-05-13 17:05:40.863 WARN  [http-nio-8080-exec-5] o.s.web.servlet.PageNotFound - No mapping for GET /api/leave-encashment-requests
2026-05-13 17:05:40.864 WARN  [http-nio-8080-exec-5] o.s.w.s.m.m.a.ExceptionHandlerExceptionResolver - Resolved [org.springframework.web.servlet.NoHandlerFoundException: No endpoint GET /api/leave-encashment-requests.]
2026-05-13 17:05:40.873 WARN  [http-nio-8080-exec-10] o.s.w.s.m.m.a.ExceptionHandlerExceptionResolver - Resolved [org.springframework.web.HttpRequestMethodNotSupportedException: Request method 'GET' is not supported]
2026-05-13 17:05:40.874 WARN  [http-nio-8080-exec-2] o.s.web.servlet.PageNotFound - No mapping for GET /api/leave-encashment-requests
2026-05-13 17:05:40.875 WARN  [http-nio-8080-exec-2] o.s.w.s.m.m.a.ExceptionHandlerExceptionResolver - Resolved [org.springframework.web.servlet.NoHandlerFoundException: No endpoint GET /api/leave-encashment-requests.]
2026-05-13 17:05:40.885 WARN  [http-nio-8080-exec-8] o.s.web.servlet.PageNotFound - No mapping for GET /api/leave-encashment-requests
2026-05-13 17:05:40.887 WARN  [http-nio-8080-exec-6] o.s.w.s.m.m.a.ExceptionHandlerExceptionResolver - Resolved [org.springframework.web.HttpRequestMethodNotSupportedException: Request method 'GET' is not supported]
2026-05-13 17:05:40.887 WARN  [http-nio-8080-exec-8] o.s.w.s.m.m.a.ExceptionHandlerExceptionResolver - Resolved [org.springframework.web.servlet.NoHandlerFoundException: No endpoint GET /api/leave-encashment-requests.]
2026-05-13 17:05:40.902 WARN  [http-nio-8080-exec-7] o.s.web.servlet.PageNotFound - No mapping for GET /api/leave-encashment-requests
2026-05-13 17:05:40.903 WARN  [http-nio-8080-exec-1] o.s.w.s.m.m.a.ExceptionHandlerExceptionResolver - Resolved [org.springframework.web.HttpRequestMethodNotSupportedException: Request method 'GET' is not supported]
2026-05-13 17:05:40.904 WARN  [http-nio-8080-exec-7] o.s.w.s.m.m.a.ExceptionHandlerExceptionResolver - Resolved [org.springframework.web.servlet.NoHandlerFoundException: No endpoint GET /api/leave-encashment-requests.]
2026-05-13 17:05:40.919 WARN  [http-nio-8080-exec-9] o.s.web.servlet.PageNotFound - No mapping for GET /api/leave-encashment-requests
2026-05-13 17:05:40.920 WARN  [http-nio-8080-exec-4] o.s.w.s.m.m.a.ExceptionHandlerExceptionResolver - Resolved [org.springframework.web.HttpRequestMethodNotSupportedException: Request method 'GET' is not supported]
2026-05-13 17:05:40.920 WARN  [http-nio-8080-exec-9] o.s.w.s.m.m.a.ExceptionHandlerExceptionResolver - Resolved [org.springframework.web.servlet.NoHandlerFoundException: No endpoint GET /api/leave-encashment-requests.]
2026-05-13 17:05:40.933 WARN  [http-nio-8080-exec-5] o.s.web.servlet.PageNotFound - No mapping for GET /api/leave-encashment-requests
2026-05-13 17:05:40.933 WARN  [http-nio-8080-exec-3] o.s.w.s.m.m.a.ExceptionHandlerExceptionResolver - Resolved [org.springframework.web.HttpRequestMethodNotSupportedException: Request method 'GET' is not supported]
2026-05-13 17:05:40.934 WARN  [http-nio-8080-exec-5] o.s.w.s.m.m.a.ExceptionHandlerExceptionResolver - Resolved [org.springframework.web.servlet.NoHandlerFoundException: No endpoint GET /api/leave-encashment-requests.]
2026-05-13 17:05:40.946 WARN  [http-nio-8080-exec-10] o.s.w.s.m.m.a.ExceptionHandlerExceptionResolver - Resolved [org.springframework.web.HttpRequestMethodNotSupportedException: Request method 'GET' is not supported]
2026-05-13 17:05:40.947 WARN  [http-nio-8080-exec-2] o.s.web.servlet.PageNotFound - No mapping for GET /api/leave-encashment-requests
2026-05-13 17:05:40.948 WARN  [http-nio-8080-exec-2] o.s.w.s.m.m.a.ExceptionHandlerExceptionResolver - Resolved [org.springframework.web.servlet.NoHandlerFoundException: No endpoint GET /api/leave-encashment-requests.]
2026-05-13 17:05:40.960 WARN  [http-nio-8080-exec-8] o.s.web.servlet.PageNotFound - No mapping for GET /api/leave-encashment-requests
2026-05-13 17:05:40.961 WARN  [http-nio-8080-exec-6] o.s.w.s.m.m.a.ExceptionHandlerExceptionResolver - Resolved [org.springframework.web.HttpRequestMethodNotSupportedException: Request method 'GET' is not supported]
2026-05-13 17:05:40.961 WARN  [http-nio-8080-exec-8] o.s.w.s.m.m.a.ExceptionHandlerExceptionResolver - Resolved [org.springframework.web.servlet.NoHandlerFoundException: No endpoint GET /api/leave-encashment-requests.]
2026-05-13 17:05:40.973 WARN  [http-nio-8080-exec-7] o.s.web.servlet.PageNotFound - No mapping for GET /api/leave-encashment-requests
2026-05-13 17:05:40.974 WARN  [http-nio-8080-exec-7] o.s.w.s.m.m.a.ExceptionHandlerExceptionResolver - Resolved [org.springframework.web.servlet.NoHandlerFoundException: No endpoint GET /api/leave-encashment-requests.]
2026-05-13 17:05:40.975 WARN  [http-nio-8080-exec-1] o.s.w.s.m.m.a.ExceptionHandlerExceptionResolver - Resolved [org.springframework.web.HttpRequestMethodNotSupportedException: Request method 'GET' is not supported]
2026-05-13 17:05:40.985 WARN  [http-nio-8080-exec-4] o.s.web.servlet.PageNotFound - No mapping for GET /api/leave-encashment-requests
2026-05-13 17:05:40.986 WARN  [http-nio-8080-exec-9] o.s.w.s.m.m.a.ExceptionHandlerExceptionResolver - Resolved [org.springframework.web.HttpRequestMethodNotSupportedException: Request method 'GET' is not supported]
2026-05-13 17:05:40.986 WARN  [http-nio-8080-exec-4] o.s.w.s.m.m.a.ExceptionHandlerExceptionResolver - Resolved [org.springframework.web.servlet.NoHandlerFoundException: No endpoint GET /api/leave-encashment-requests.]
2026-05-13 17:05:41.000 WARN  [http-nio-8080-exec-3] o.s.web.servlet.PageNotFound - No mapping for GET /api/leave-encashment-requests
2026-05-13 17:05:41.001 WARN  [http-nio-8080-exec-5] o.s.w.s.m.m.a.ExceptionHandlerExceptionResolver - Resolved [org.springframework.web.HttpRequestMethodNotSupportedException: Request method 'GET' is not supported]
2026-05-13 17:05:41.001 WARN  [http-nio-8080-exec-3] o.s.w.s.m.m.a.ExceptionHandlerExceptionResolver - Resolved [org.springframework.web.servlet.NoHandlerFoundException: No endpoint GET /api/leave-encashment-requests.]
2026-05-13 17:05:41.015 WARN  [http-nio-8080-exec-2] o.s.web.servlet.PageNotFound - No mapping for GET /api/leave-encashment-requests
2026-05-13 17:05:41.016 WARN  [http-nio-8080-exec-10] o.s.w.s.m.m.a.ExceptionHandlerExceptionResolver - Resolved [org.springframework.web.HttpRequestMethodNotSupportedException: Request method 'GET' is not supported]
2026-05-13 17:05:41.016 WARN  [http-nio-8080-exec-2] o.s.w.s.m.m.a.ExceptionHandlerExceptionResolver - Resolved [org.springframework.web.servlet.NoHandlerFoundException: No endpoint GET /api/leave-encashment-requests.]
2026-05-13 17:05:41.029 WARN  [http-nio-8080-exec-6] o.s.web.servlet.PageNotFound - No mapping for GET /api/leave-encashment-requests
2026-05-13 17:05:41.030 WARN  [http-nio-8080-exec-8] o.s.w.s.m.m.a.ExceptionHandlerExceptionResolver - Resolved [org.springframework.web.HttpRequestMethodNotSupportedException: Request method 'GET' is not supported]
2026-05-13 17:05:41.030 WARN  [http-nio-8080-exec-6] o.s.w.s.m.m.a.ExceptionHandlerExceptionResolver - Resolved [org.springframework.web.servlet.NoHandlerFoundException: No endpoint GET /api/leave-encashment-requests.]
2026-05-13 17:05:41.042 WARN  [http-nio-8080-exec-7] o.s.web.servlet.PageNotFound - No mapping for GET /api/leave-encashment-requests
2026-05-13 17:05:41.044 WARN  [http-nio-8080-exec-7] o.s.w.s.m.m.a.ExceptionHandlerExceptionResolver - Resolved [org.springframework.web.servlet.NoHandlerFoundException: No endpoint GET /api/leave-encashment-requests.]
2026-05-13 17:05:41.044 WARN  [http-nio-8080-exec-1] o.s.w.s.m.m.a.ExceptionHandlerExceptionResolver - Resolved [org.springframework.web.HttpRequestMethodNotSupportedException: Request method 'GET' is not supported]
2026-05-13 17:05:41.059 WARN  [http-nio-8080-exec-9] o.s.web.servlet.PageNotFound - No mapping for GET /api/leave-encashment-requests
2026-05-13 17:05:41.060 WARN  [http-nio-8080-exec-4] o.s.w.s.m.m.a.ExceptionHandlerExceptionResolver - Resolved [org.springframework.web.HttpRequestMethodNotSupportedException: Request method 'GET' is not supported]
2026-05-13 17:05:41.060 WARN  [http-nio-8080-exec-9] o.s.w.s.m.m.a.ExceptionHandlerExceptionResolver - Resolved [org.springframework.web.servlet.NoHandlerFoundException: No endpoint GET /api/leave-encashment-requests.]
2026-05-13 17:05:41.074 WARN  [http-nio-8080-exec-3] o.s.web.servlet.PageNotFound - No mapping for GET /api/leave-encashment-requests
2026-05-13 17:05:41.075 WARN  [http-nio-8080-exec-5] o.s.w.s.m.m.a.ExceptionHandlerExceptionResolver - Resolved [org.springframework.web.HttpRequestMethodNotSupportedException: Request method 'GET' is not supported]
2026-05-13 17:05:41.075 WARN  [http-nio-8080-exec-3] o.s.w.s.m.m.a.ExceptionHandlerExceptionResolver - Resolved [org.springframework.web.servlet.NoHandlerFoundException: No endpoint GET /api/leave-encashment-requests.]
2026-05-13 17:05:41.084 WARN  [http-nio-8080-exec-10] o.s.web.servlet.PageNotFound - No mapping for GET /api/leave-encashment-requests
2026-05-13 17:05:41.085 WARN  [http-nio-8080-exec-10] o.s.w.s.m.m.a.ExceptionHandlerExceptionResolver - Resolved [org.springframework.web.servlet.NoHandlerFoundException: No endpoint GET /api/leave-encashment-requests.]
2026-05-13 17:05:41.086 WARN  [http-nio-8080-exec-2] o.s.w.s.m.m.a.ExceptionHandlerExceptionResolver - Resolved [org.springframework.web.HttpRequestMethodNotSupportedException: Request method 'GET' is not supported]
2026-05-13 17:05:41.099 WARN  [http-nio-8080-exec-8] o.s.web.servlet.PageNotFound - No mapping for GET /api/leave-encashment-requests
2026-05-13 17:05:41.100 WARN  [http-nio-8080-exec-6] o.s.w.s.m.m.a.ExceptionHandlerExceptionResolver - Resolved [org.springframework.web.HttpRequestMethodNotSupportedException: Request method 'GET' is not supported]
2026-05-13 17:05:41.100 WARN  [http-nio-8080-exec-8] o.s.w.s.m.m.a.ExceptionHandlerExceptionResolver - Resolved [org.springframework.web.servlet.NoHandlerFoundException: No endpoint GET /api/leave-encashment-requests.]
2026-05-13 17:05:41.117 WARN  [http-nio-8080-exec-7] o.s.web.servlet.PageNotFound - No mapping for GET /api/leave-encashment-requests
2026-05-13 17:05:41.118 WARN  [http-nio-8080-exec-1] o.s.w.s.m.m.a.ExceptionHandlerExceptionResolver - Resolved [org.springframework.web.HttpRequestMethodNotSupportedException: Request method 'GET' is not supported]
2026-05-13 17:05:41.118 WARN  [http-nio-8080-exec-7] o.s.w.s.m.m.a.ExceptionHandlerExceptionResolver - Resolved [org.springframework.web.servlet.NoHandlerFoundException: No endpoint GET /api/leave-encashment-requests.]
2026-05-13 17:05:41.132 WARN  [http-nio-8080-exec-9] o.s.web.servlet.PageNotFound - No mapping for GET /api/leave-encashment-requests
2026-05-13 17:05:41.133 WARN  [http-nio-8080-exec-9] o.s.w.s.m.m.a.ExceptionHandlerExceptionResolver - Resolved [org.springframework.web.servlet.NoHandlerFoundException: No endpoint GET /api/leave-encashment-requests.]
2026-05-13 17:05:41.133 WARN  [http-nio-8080-exec-4] o.s.w.s.m.m.a.ExceptionHandlerExceptionResolver - Resolved [org.springframework.web.HttpRequestMethodNotSupportedException: Request method 'GET' is not supported]
2026-05-13 17:05:41.152 WARN  [http-nio-8080-exec-3] o.s.web.servlet.PageNotFound - No mapping for GET /api/leave-encashment-requests
2026-05-13 17:05:41.153 WARN  [http-nio-8080-exec-3] o.s.w.s.m.m.a.ExceptionHandlerExceptionResolver - Resolved [org.springframework.web.servlet.NoHandlerFoundException: No endpoint GET /api/leave-encashment-requests.]
2026-05-13 17:05:41.153 WARN  [http-nio-8080-exec-5] o.s.w.s.m.m.a.ExceptionHandlerExceptionResolver - Resolved [org.springframework.web.HttpRequestMethodNotSupportedException: Request method 'GET' is not supported]
2026-05-13 17:05:41.172 WARN  [http-nio-8080-exec-10] o.s.web.servlet.PageNotFound - No mapping for GET /api/leave-encashment-requests
2026-05-13 17:05:41.173 WARN  [http-nio-8080-exec-10] o.s.w.s.m.m.a.ExceptionHandlerExceptionResolver - Resolved [org.springframework.web.servlet.NoHandlerFoundException: No endpoint GET /api/leave-encashment-requests.]
2026-05-13 17:05:41.173 WARN  [http-nio-8080-exec-2] o.s.w.s.m.m.a.ExceptionHandlerExceptionResolver - Resolved [org.springframework.web.HttpRequestMethodNotSupportedException: Request method 'GET' is not supported]
2026-05-13 17:05:41.190 WARN  [http-nio-8080-exec-8] o.s.web.servlet.PageNotFound - No mapping for GET /api/leave-encashment-requests
2026-05-13 17:05:41.191 WARN  [http-nio-8080-exec-8] o.s.w.s.m.m.a.ExceptionHandlerExceptionResolver - Resolved [org.springframework.web.servlet.NoHandlerFoundException: No endpoint GET /api/leave-encashment-requests.]
2026-05-13 17:05:41.191 WARN  [http-nio-8080-exec-6] o.s.w.s.m.m.a.ExceptionHandlerExceptionResolver - Resolved [org.springframework.web.HttpRequestMethodNotSupportedException: Request method 'GET' is not supported]
2026-05-13 17:05:41.208 WARN  [http-nio-8080-exec-7] o.s.web.servlet.PageNotFound - No mapping for GET /api/leave-encashment-requests
2026-05-13 17:05:41.208 WARN  [http-nio-8080-exec-1] o.s.w.s.m.m.a.ExceptionHandlerExceptionResolver - Resolved [org.springframework.web.HttpRequestMethodNotSupportedException: Request method 'GET' is not supported]
2026-05-13 17:05:41.209 WARN  [http-nio-8080-exec-7] o.s.w.s.m.m.a.ExceptionHandlerExceptionResolver - Resolved [org.springframework.web.servlet.NoHandlerFoundException: No endpoint GET /api/leave-encashment-requests.]
2026-05-13 17:05:41.226 WARN  [http-nio-8080-exec-9] o.s.web.servlet.PageNotFound - No mapping for GET /api/leave-encashment-requests
2026-05-13 17:05:41.227 WARN  [http-nio-8080-exec-4] o.s.w.s.m.m.a.ExceptionHandlerExceptionResolver - Resolved [org.springframework.web.HttpRequestMethodNotSupportedException: Request method 'GET' is not supported]
2026-05-13 17:05:41.227 WARN  [http-nio-8080-exec-9] o.s.w.s.m.m.a.ExceptionHandlerExceptionResolver - Resolved [org.springframework.web.servlet.NoHandlerFoundException: No endpoint GET /api/leave-encashment-requests.]
2026-05-13 17:05:41.244 WARN  [http-nio-8080-exec-3] o.s.web.servlet.PageNotFound - No mapping for GET /api/leave-encashment-requests
2026-05-13 17:05:41.245 WARN  [http-nio-8080-exec-5] o.s.w.s.m.m.a.ExceptionHandlerExceptionResolver - Resolved [org.springframework.web.HttpRequestMethodNotSupportedException: Request method 'GET' is not supported]
2026-05-13 17:05:41.245 WARN  [http-nio-8080-exec-3] o.s.w.s.m.m.a.ExceptionHandlerExceptionResolver - Resolved [org.springframework.web.servlet.NoHandlerFoundException: No endpoint GET /api/leave-encashment-requests.]
2026-05-13 17:05:41.261 WARN  [http-nio-8080-exec-2] o.s.web.servlet.PageNotFound - No mapping for GET /api/leave-encashment-requests
2026-05-13 17:05:41.262 WARN  [http-nio-8080-exec-10] o.s.w.s.m.m.a.ExceptionHandlerExceptionResolver - Resolved [org.springframework.web.HttpRequestMethodNotSupportedException: Request method 'GET' is not supported]
2026-05-13 17:05:41.262 WARN  [http-nio-8080-exec-2] o.s.w.s.m.m.a.ExceptionHandlerExceptionResolver - Resolved [org.springframework.web.servlet.NoHandlerFoundException: No endpoint GET /api/leave-encashment-requests.]
2026-05-13 17:05:41.278 WARN  [http-nio-8080-exec-6] o.s.web.servlet.PageNotFound - No mapping for GET /api/leave-encashment-requests
2026-05-13 17:05:41.278 WARN  [http-nio-8080-exec-6] o.s.w.s.m.m.a.ExceptionHandlerExceptionResolver - Resolved [org.springframework.web.servlet.NoHandlerFoundException: No endpoint GET /api/leave-encashment-requests.]
2026-05-13 17:05:41.278 WARN  [http-nio-8080-exec-8] o.s.w.s.m.m.a.ExceptionHandlerExceptionResolver - Resolved [org.springframework.web.HttpRequestMethodNotSupportedException: Request method 'GET' is not supported]
2026-05-13 17:05:41.296 WARN  [http-nio-8080-exec-1] o.s.web.servlet.PageNotFound - No mapping for GET /api/leave-encashment-requests
2026-05-13 17:05:41.296 WARN  [http-nio-8080-exec-7] o.s.w.s.m.m.a.ExceptionHandlerExceptionResolver - Resolved [org.springframework.web.HttpRequestMethodNotSupportedException: Request method 'GET' is not supported]
2026-05-13 17:05:41.296 WARN  [http-nio-8080-exec-1] o.s.w.s.m.m.a.ExceptionHandlerExceptionResolver - Resolved [org.springframework.web.servlet.NoHandlerFoundException: No endpoint GET /api/leave-encashment-requests.]
2026-05-13 17:05:41.311 WARN  [http-nio-8080-exec-4] o.s.web.servlet.PageNotFound - No mapping for GET /api/leave-encashment-requests
2026-05-13 17:05:41.312 WARN  [http-nio-8080-exec-4] o.s.w.s.m.m.a.ExceptionHandlerExceptionResolver - Resolved [org.springframework.web.servlet.NoHandlerFoundException: No endpoint GET /api/leave-encashment-requests.]
2026-05-13 17:05:41.312 WARN  [http-nio-8080-exec-9] o.s.w.s.m.m.a.ExceptionHandlerExceptionResolver - Resolved [org.springframework.web.HttpRequestMethodNotSupportedException: Request method 'GET' is not supported]
2026-05-13 17:05:41.327 WARN  [http-nio-8080-exec-5] o.s.web.servlet.PageNotFound - No mapping for GET /api/leave-encashment-requests
2026-05-13 17:05:41.328 WARN  [http-nio-8080-exec-5] o.s.w.s.m.m.a.ExceptionHandlerExceptionResolver - Resolved [org.springframework.web.servlet.NoHandlerFoundException: No endpoint GET /api/leave-encashment-requests.]
2026-05-13 17:05:41.328 WARN  [http-nio-8080-exec-3] o.s.w.s.m.m.a.ExceptionHandlerExceptionResolver - Resolved [org.springframework.web.HttpRequestMethodNotSupportedException: Request method 'GET' is not supported]
2026-05-13 17:05:41.342 WARN  [http-nio-8080-exec-10] o.s.web.servlet.PageNotFound - No mapping for GET /api/leave-encashment-requests
2026-05-13 17:05:41.343 WARN  [http-nio-8080-exec-10] o.s.w.s.m.m.a.ExceptionHandlerExceptionResolver - Resolved [org.springframework.web.servlet.NoHandlerFoundException: No endpoint GET /api/leave-encashment-requests.]
2026-05-13 17:05:41.350 WARN  [http-nio-8080-exec-2] o.s.w.s.m.m.a.ExceptionHandlerExceptionResolver - Resolved [org.springframework.web.HttpRequestMethodNotSupportedException: Request method 'GET' is not supported]
2026-05-13 17:05:47.914 WARN  [http-nio-8080-exec-2] o.s.web.servlet.PageNotFound - No mapping for GET /api/leave-encashment-requests
2026-05-13 17:05:47.915 WARN  [http-nio-8080-exec-2] o.s.w.s.m.m.a.ExceptionHandlerExceptionResolver - Resolved [org.springframework.web.servlet.NoHandlerFoundException: No endpoint GET /api/leave-encashment-requests.]
2026-05-13 17:05:47.915 WARN  [http-nio-8080-exec-5] o.s.w.s.m.m.a.ExceptionHandlerExceptionResolver - Resolved [org.springframework.web.HttpRequestMethodNotSupportedException: Request method 'GET' is not supported]
2026-05-13 17:05:47.926 WARN  [http-nio-8080-exec-6] o.s.web.servlet.PageNotFound - No mapping for GET /api/leave-encashment-requests
2026-05-13 17:05:47.927 WARN  [http-nio-8080-exec-6] o.s.w.s.m.m.a.ExceptionHandlerExceptionResolver - Resolved [org.springframework.web.servlet.NoHandlerFoundException: No endpoint GET /api/leave-encashment-requests.]
2026-05-13 17:05:47.928 WARN  [http-nio-8080-exec-7] o.s.w.s.m.m.a.ExceptionHandlerExceptionResolver - Resolved [org.springframework.web.HttpRequestMethodNotSupportedException: Request method 'GET' is not supported]
2026-05-13 17:05:47.941 WARN  [http-nio-8080-exec-8] o.s.web.servlet.PageNotFound - No mapping for GET /api/leave-encashment-requests
2026-05-13 17:05:47.942 WARN  [http-nio-8080-exec-1] o.s.w.s.m.m.a.ExceptionHandlerExceptionResolver - Resolved [org.springframework.web.HttpRequestMethodNotSupportedException: Request method 'GET' is not supported]
2026-05-13 17:05:47.942 WARN  [http-nio-8080-exec-8] o.s.w.s.m.m.a.ExceptionHandlerExceptionResolver - Resolved [org.springframework.web.servlet.NoHandlerFoundException: No endpoint GET /api/leave-encashment-requests.]
2026-05-13 17:05:47.955 WARN  [http-nio-8080-exec-3] o.s.web.servlet.PageNotFound - No mapping for GET /api/leave-encashment-requests
2026-05-13 17:05:47.955 WARN  [http-nio-8080-exec-9] o.s.w.s.m.m.a.ExceptionHandlerExceptionResolver - Resolved [org.springframework.web.HttpRequestMethodNotSupportedException: Request method 'GET' is not supported]
2026-05-13 17:05:47.956 WARN  [http-nio-8080-exec-3] o.s.w.s.m.m.a.ExceptionHandlerExceptionResolver - Resolved [org.springframework.web.servlet.NoHandlerFoundException: No endpoint GET /api/leave-encashment-requests.]
2026-05-13 17:05:47.976 WARN  [http-nio-8080-exec-10] o.s.web.servlet.PageNotFound - No mapping for GET /api/leave-encashment-requests
2026-05-13 17:05:47.977 WARN  [http-nio-8080-exec-4] o.s.w.s.m.m.a.ExceptionHandlerExceptionResolver - Resolved [org.springframework.web.HttpRequestMethodNotSupportedException: Request method 'GET' is not supported]
2026-05-13 17:05:47.977 WARN  [http-nio-8080-exec-10] o.s.w.s.m.m.a.ExceptionHandlerExceptionResolver - Resolved [org.springframework.web.servlet.NoHandlerFoundException: No endpoint GET /api/leave-encashment-requests.]
2026-05-13 17:05:47.997 WARN  [http-nio-8080-exec-5] o.s.web.servlet.PageNotFound - No mapping for GET /api/leave-encashment-requests
2026-05-13 17:05:47.997 WARN  [http-nio-8080-exec-2] o.s.w.s.m.m.a.ExceptionHandlerExceptionResolver - Resolved [org.springframework.web.HttpRequestMethodNotSupportedException: Request method 'GET' is not supported]
2026-05-13 17:05:47.998 WARN  [http-nio-8080-exec-5] o.s.w.s.m.m.a.ExceptionHandlerExceptionResolver - Resolved [org.springframework.web.servlet.NoHandlerFoundException: No endpoint GET /api/leave-encashment-requests.]
2026-05-13 17:05:48.012 WARN  [http-nio-8080-exec-7] o.s.web.servlet.PageNotFound - No mapping for GET /api/leave-encashment-requests
2026-05-13 17:05:48.013 WARN  [http-nio-8080-exec-7] o.s.w.s.m.m.a.ExceptionHandlerExceptionResolver - Resolved [org.springframework.web.servlet.NoHandlerFoundException: No endpoint GET /api/leave-encashment-requests.]
2026-05-13 17:05:48.013 WARN  [http-nio-8080-exec-6] o.s.w.s.m.m.a.ExceptionHandlerExceptionResolver - Resolved [org.springframework.web.HttpRequestMethodNotSupportedException: Request method 'GET' is not supported]
2026-05-13 17:05:48.026 WARN  [http-nio-8080-exec-8] o.s.web.servlet.PageNotFound - No mapping for GET /api/leave-encashment-requests
2026-05-13 17:05:48.026 WARN  [http-nio-8080-exec-8] o.s.w.s.m.m.a.ExceptionHandlerExceptionResolver - Resolved [org.springframework.web.servlet.NoHandlerFoundException: No endpoint GET /api/leave-encashment-requests.]
2026-05-13 17:05:48.026 WARN  [http-nio-8080-exec-1] o.s.w.s.m.m.a.ExceptionHandlerExceptionResolver - Resolved [org.springframework.web.HttpRequestMethodNotSupportedException: Request method 'GET' is not supported]
2026-05-13 17:05:48.042 WARN  [http-nio-8080-exec-9] o.s.web.servlet.PageNotFound - No mapping for GET /api/leave-encashment-requests
2026-05-13 17:05:48.042 WARN  [http-nio-8080-exec-3] o.s.w.s.m.m.a.ExceptionHandlerExceptionResolver - Resolved [org.springframework.web.HttpRequestMethodNotSupportedException: Request method 'GET' is not supported]
2026-05-13 17:05:48.043 WARN  [http-nio-8080-exec-9] o.s.w.s.m.m.a.ExceptionHandlerExceptionResolver - Resolved [org.springframework.web.servlet.NoHandlerFoundException: No endpoint GET /api/leave-encashment-requests.]
2026-05-13 17:05:48.055 WARN  [http-nio-8080-exec-10] o.s.web.servlet.PageNotFound - No mapping for GET /api/leave-encashment-requests
2026-05-13 17:05:48.056 WARN  [http-nio-8080-exec-10] o.s.w.s.m.m.a.ExceptionHandlerExceptionResolver - Resolved [org.springframework.web.servlet.NoHandlerFoundException: No endpoint GET /api/leave-encashment-requests.]
2026-05-13 17:05:48.056 WARN  [http-nio-8080-exec-4] o.s.w.s.m.m.a.ExceptionHandlerExceptionResolver - Resolved [org.springframework.web.HttpRequestMethodNotSupportedException: Request method 'GET' is not supported]
2026-05-13 17:05:48.068 WARN  [http-nio-8080-exec-5] o.s.web.servlet.PageNotFound - No mapping for GET /api/leave-encashment-requests
2026-05-13 17:05:48.068 WARN  [http-nio-8080-exec-5] o.s.w.s.m.m.a.ExceptionHandlerExceptionResolver - Resolved [org.springframework.web.servlet.NoHandlerFoundException: No endpoint GET /api/leave-encashment-requests.]
2026-05-13 17:05:48.069 WARN  [http-nio-8080-exec-2] o.s.w.s.m.m.a.ExceptionHandlerExceptionResolver - Resolved [org.springframework.web.HttpRequestMethodNotSupportedException: Request method 'GET' is not supported]
2026-05-13 17:05:48.080 WARN  [http-nio-8080-exec-7] o.s.web.servlet.PageNotFound - No mapping for GET /api/leave-encashment-requests
2026-05-13 17:05:48.080 WARN  [http-nio-8080-exec-7] o.s.w.s.m.m.a.ExceptionHandlerExceptionResolver - Resolved [org.springframework.web.servlet.NoHandlerFoundException: No endpoint GET /api/leave-encashment-requests.]
2026-05-13 17:05:48.081 WARN  [http-nio-8080-exec-6] o.s.w.s.m.m.a.ExceptionHandlerExceptionResolver - Resolved [org.springframework.web.HttpRequestMethodNotSupportedException: Request method 'GET' is not supported]
2026-05-13 17:05:48.092 WARN  [http-nio-8080-exec-1] o.s.w.s.m.m.a.ExceptionHandlerExceptionResolver - Resolved [org.springframework.web.HttpRequestMethodNotSupportedException: Request method 'GET' is not supported]
2026-05-13 17:05:48.093 WARN  [http-nio-8080-exec-8] o.s.web.servlet.PageNotFound - No mapping for GET /api/leave-encashment-requests
2026-05-13 17:05:48.094 WARN  [http-nio-8080-exec-8] o.s.w.s.m.m.a.ExceptionHandlerExceptionResolver - Resolved [org.springframework.web.servlet.NoHandlerFoundException: No endpoint GET /api/leave-encashment-requests.]
2026-05-13 17:05:48.101 WARN  [http-nio-8080-exec-3] o.s.w.s.m.m.a.ExceptionHandlerExceptionResolver - Resolved [org.springframework.web.HttpRequestMethodNotSupportedException: Request method 'GET' is not supported]
2026-05-13 17:05:48.102 WARN  [http-nio-8080-exec-9] o.s.web.servlet.PageNotFound - No mapping for GET /api/leave-encashment-requests
2026-05-13 17:05:48.103 WARN  [http-nio-8080-exec-9] o.s.w.s.m.m.a.ExceptionHandlerExceptionResolver - Resolved [org.springframework.web.servlet.NoHandlerFoundException: No endpoint GET /api/leave-encashment-requests.]
2026-05-13 17:05:48.111 WARN  [http-nio-8080-exec-10] o.s.w.s.m.m.a.ExceptionHandlerExceptionResolver - Resolved [org.springframework.web.HttpRequestMethodNotSupportedException: Request method 'GET' is not supported]
2026-05-13 17:05:48.114 WARN  [http-nio-8080-exec-4] o.s.web.servlet.PageNotFound - No mapping for GET /api/leave-encashment-requests
2026-05-13 17:05:48.115 WARN  [http-nio-8080-exec-4] o.s.w.s.m.m.a.ExceptionHandlerExceptionResolver - Resolved [org.springframework.web.servlet.NoHandlerFoundException: No endpoint GET /api/leave-encashment-requests.]
2026-05-13 17:05:48.127 WARN  [http-nio-8080-exec-5] o.s.web.servlet.PageNotFound - No mapping for GET /api/leave-encashment-requests
2026-05-13 17:05:48.127 WARN  [http-nio-8080-exec-5] o.s.w.s.m.m.a.ExceptionHandlerExceptionResolver - Resolved [org.springframework.web.servlet.NoHandlerFoundException: No endpoint GET /api/leave-encashment-requests.]
2026-05-13 17:05:48.130 WARN  [http-nio-8080-exec-2] o.s.w.s.m.m.a.ExceptionHandlerExceptionResolver - Resolved [org.springframework.web.HttpRequestMethodNotSupportedException: Request method 'GET' is not supported]
2026-05-13 17:05:48.138 WARN  [http-nio-8080-exec-7] o.s.web.servlet.PageNotFound - No mapping for GET /api/leave-encashment-requests
2026-05-13 17:05:48.139 WARN  [http-nio-8080-exec-7] o.s.w.s.m.m.a.ExceptionHandlerExceptionResolver - Resolved [org.springframework.web.servlet.NoHandlerFoundException: No endpoint GET /api/leave-encashment-requests.]
2026-05-13 17:05:48.141 WARN  [http-nio-8080-exec-6] o.s.w.s.m.m.a.ExceptionHandlerExceptionResolver - Resolved [org.springframework.web.HttpRequestMethodNotSupportedException: Request method 'GET' is not supported]
2026-05-13 17:05:48.148 WARN  [http-nio-8080-exec-1] o.s.web.servlet.PageNotFound - No mapping for GET /api/leave-encashment-requests
2026-05-13 17:05:48.148 WARN  [http-nio-8080-exec-1] o.s.w.s.m.m.a.ExceptionHandlerExceptionResolver - Resolved [org.springframework.web.servlet.NoHandlerFoundException: No endpoint GET /api/leave-encashment-requests.]
2026-05-13 17:05:48.149 WARN  [http-nio-8080-exec-8] o.s.w.s.m.m.a.ExceptionHandlerExceptionResolver - Resolved [org.springframework.web.HttpRequestMethodNotSupportedException: Request method 'GET' is not supported]
2026-05-13 17:05:48.160 WARN  [http-nio-8080-exec-9] o.s.w.s.m.m.a.ExceptionHandlerExceptionResolver - Resolved [org.springframework.web.HttpRequestMethodNotSupportedException: Request method 'GET' is not supported]
2026-05-13 17:05:48.160 WARN  [http-nio-8080-exec-3] o.s.web.servlet.PageNotFound - No mapping for GET /api/leave-encashment-requests
2026-05-13 17:05:48.161 WARN  [http-nio-8080-exec-3] o.s.w.s.m.m.a.ExceptionHandlerExceptionResolver - Resolved [org.springframework.web.servlet.NoHandlerFoundException: No endpoint GET /api/leave-encashment-requests.]
2026-05-13 17:05:48.167 WARN  [http-nio-8080-exec-10] o.s.w.s.m.m.a.ExceptionHandlerExceptionResolver - Resolved [org.springframework.web.HttpRequestMethodNotSupportedException: Request method 'GET' is not supported]
2026-05-13 17:05:48.171 WARN  [http-nio-8080-exec-4] o.s.web.servlet.PageNotFound - No mapping for GET /api/leave-encashment-requests
2026-05-13 17:05:48.172 WARN  [http-nio-8080-exec-4] o.s.w.s.m.m.a.ExceptionHandlerExceptionResolver - Resolved [org.springframework.web.servlet.NoHandlerFoundException: No endpoint GET /api/leave-encashment-requests.]
2026-05-13 17:05:48.178 WARN  [http-nio-8080-exec-5] o.s.w.s.m.m.a.ExceptionHandlerExceptionResolver - Resolved [org.springframework.web.HttpRequestMethodNotSupportedException: Request method 'GET' is not supported]
2026-05-13 17:05:48.181 WARN  [http-nio-8080-exec-2] o.s.web.servlet.PageNotFound - No mapping for GET /api/leave-encashment-requests
2026-05-13 17:05:48.182 WARN  [http-nio-8080-exec-2] o.s.w.s.m.m.a.ExceptionHandlerExceptionResolver - Resolved [org.springframework.web.servlet.NoHandlerFoundException: No endpoint GET /api/leave-encashment-requests.]
2026-05-13 17:05:48.192 WARN  [http-nio-8080-exec-7] o.s.web.servlet.PageNotFound - No mapping for GET /api/leave-encashment-requests
2026-05-13 17:05:48.193 WARN  [http-nio-8080-exec-7] o.s.w.s.m.m.a.ExceptionHandlerExceptionResolver - Resolved [org.springframework.web.servlet.NoHandlerFoundException: No endpoint GET /api/leave-encashment-requests.]
2026-05-13 17:05:48.193 WARN  [http-nio-8080-exec-6] o.s.w.s.m.m.a.ExceptionHandlerExceptionResolver - Resolved [org.springframework.web.HttpRequestMethodNotSupportedException: Request method 'GET' is not supported]
2026-05-13 17:05:48.202 WARN  [http-nio-8080-exec-8] o.s.w.s.m.m.a.ExceptionHandlerExceptionResolver - Resolved [org.springframework.web.HttpRequestMethodNotSupportedException: Request method 'GET' is not supported]
2026-05-13 17:05:48.202 WARN  [http-nio-8080-exec-1] o.s.web.servlet.PageNotFound - No mapping for GET /api/leave-encashment-requests
2026-05-13 17:05:48.215 WARN  [http-nio-8080-exec-9] o.s.w.s.m.m.a.ExceptionHandlerExceptionResolver - Resolved [org.springframework.web.HttpRequestMethodNotSupportedException: Request method 'GET' is not supported]
2026-05-13 17:05:48.215 WARN  [http-nio-8080-exec-1] o.s.w.s.m.m.a.ExceptionHandlerExceptionResolver - Resolved [org.springframework.web.servlet.NoHandlerFoundException: No endpoint GET /api/leave-encashment-requests.]
2026-05-13 17:05:48.228 WARN  [http-nio-8080-exec-10] o.s.web.servlet.PageNotFound - No mapping for GET /api/leave-encashment-requests
2026-05-13 17:05:48.228 WARN  [http-nio-8080-exec-10] o.s.w.s.m.m.a.ExceptionHandlerExceptionResolver - Resolved [org.springframework.web.servlet.NoHandlerFoundException: No endpoint GET /api/leave-encashment-requests.]
2026-05-13 17:05:48.228 WARN  [http-nio-8080-exec-3] o.s.w.s.m.m.a.ExceptionHandlerExceptionResolver - Resolved [org.springframework.web.HttpRequestMethodNotSupportedException: Request method 'GET' is not supported]
2026-05-13 17:05:48.239 WARN  [http-nio-8080-exec-4] o.s.w.s.m.m.a.ExceptionHandlerExceptionResolver - Resolved [org.springframework.web.HttpRequestMethodNotSupportedException: Request method 'GET' is not supported]
2026-05-13 17:05:48.240 WARN  [http-nio-8080-exec-5] o.s.web.servlet.PageNotFound - No mapping for GET /api/leave-encashment-requests
2026-05-13 17:05:48.240 WARN  [http-nio-8080-exec-5] o.s.w.s.m.m.a.ExceptionHandlerExceptionResolver - Resolved [org.springframework.web.servlet.NoHandlerFoundException: No endpoint GET /api/leave-encashment-requests.]
2026-05-13 17:05:48.253 WARN  [http-nio-8080-exec-7] o.s.web.servlet.PageNotFound - No mapping for GET /api/leave-encashment-requests
2026-05-13 17:05:48.253 WARN  [http-nio-8080-exec-2] o.s.w.s.m.m.a.ExceptionHandlerExceptionResolver - Resolved [org.springframework.web.HttpRequestMethodNotSupportedException: Request method 'GET' is not supported]
2026-05-13 17:05:48.254 WARN  [http-nio-8080-exec-7] o.s.w.s.m.m.a.ExceptionHandlerExceptionResolver - Resolved [org.springframework.web.servlet.NoHandlerFoundException: No endpoint GET /api/leave-encashment-requests.]
2026-05-13 17:05:48.267 WARN  [http-nio-8080-exec-8] o.s.web.servlet.PageNotFound - No mapping for GET /api/leave-encashment-requests
2026-05-13 17:05:48.268 WARN  [http-nio-8080-exec-8] o.s.w.s.m.m.a.ExceptionHandlerExceptionResolver - Resolved [org.springframework.web.servlet.NoHandlerFoundException: No endpoint GET /api/leave-encashment-requests.]
2026-05-13 17:05:48.268 WARN  [http-nio-8080-exec-6] o.s.w.s.m.m.a.ExceptionHandlerExceptionResolver - Resolved [org.springframework.web.HttpRequestMethodNotSupportedException: Request method 'GET' is not supported]
2026-05-13 17:05:48.279 WARN  [http-nio-8080-exec-1] o.s.web.servlet.PageNotFound - No mapping for GET /api/leave-encashment-requests
2026-05-13 17:05:48.279 WARN  [http-nio-8080-exec-9] o.s.w.s.m.m.a.ExceptionHandlerExceptionResolver - Resolved [org.springframework.web.HttpRequestMethodNotSupportedException: Request method 'GET' is not supported]
2026-05-13 17:05:48.280 WARN  [http-nio-8080-exec-1] o.s.w.s.m.m.a.ExceptionHandlerExceptionResolver - Resolved [org.springframework.web.servlet.NoHandlerFoundException: No endpoint GET /api/leave-encashment-requests.]
2026-05-13 17:05:48.294 WARN  [http-nio-8080-exec-10] o.s.w.s.m.m.a.ExceptionHandlerExceptionResolver - Resolved [org.springframework.web.HttpRequestMethodNotSupportedException: Request method 'GET' is not supported]
2026-05-13 17:05:48.295 WARN  [http-nio-8080-exec-3] o.s.web.servlet.PageNotFound - No mapping for GET /api/leave-encashment-requests
2026-05-13 17:05:48.296 WARN  [http-nio-8080-exec-3] o.s.w.s.m.m.a.ExceptionHandlerExceptionResolver - Resolved [org.springframework.web.servlet.NoHandlerFoundException: No endpoint GET /api/leave-encashment-requests.]
2026-05-13 17:05:48.306 WARN  [http-nio-8080-exec-4] o.s.web.servlet.PageNotFound - No mapping for GET /api/leave-encashment-requests
2026-05-13 17:05:48.308 WARN  [http-nio-8080-exec-4] o.s.w.s.m.m.a.ExceptionHandlerExceptionResolver - Resolved [org.springframework.web.servlet.NoHandlerFoundException: No endpoint GET /api/leave-encashment-requests.]
2026-05-13 17:05:48.313 WARN  [http-nio-8080-exec-5] o.s.w.s.m.m.a.ExceptionHandlerExceptionResolver - Resolved [org.springframework.web.HttpRequestMethodNotSupportedException: Request method 'GET' is not supported]
2026-05-13 17:05:48.318 WARN  [http-nio-8080-exec-2] o.s.web.servlet.PageNotFound - No mapping for GET /api/leave-encashment-requests
2026-05-13 17:05:48.319 WARN  [http-nio-8080-exec-2] o.s.w.s.m.m.a.ExceptionHandlerExceptionResolver - Resolved [org.springframework.web.servlet.NoHandlerFoundException: No endpoint GET /api/leave-encashment-requests.]
2026-05-13 17:05:48.325 WARN  [http-nio-8080-exec-7] o.s.w.s.m.m.a.ExceptionHandlerExceptionResolver - Resolved [org.springframework.web.HttpRequestMethodNotSupportedException: Request method 'GET' is not supported]
2026-05-13 17:05:48.332 WARN  [http-nio-8080-exec-8] o.s.web.servlet.PageNotFound - No mapping for GET /api/leave-encashment-requests
2026-05-13 17:05:48.332 WARN  [http-nio-8080-exec-8] o.s.w.s.m.m.a.ExceptionHandlerExceptionResolver - Resolved [org.springframework.web.servlet.NoHandlerFoundException: No endpoint GET /api/leave-encashment-requests.]
2026-05-13 17:05:48.341 WARN  [http-nio-8080-exec-6] o.s.w.s.m.m.a.ExceptionHandlerExceptionResolver - Resolved [org.springframework.web.HttpRequestMethodNotSupportedException: Request method 'GET' is not supported]
2026-05-13 17:05:48.343 WARN  [http-nio-8080-exec-9] o.s.web.servlet.PageNotFound - No mapping for GET /api/leave-encashment-requests
2026-05-13 17:05:48.344 WARN  [http-nio-8080-exec-9] o.s.w.s.m.m.a.ExceptionHandlerExceptionResolver - Resolved [org.springframework.web.servlet.NoHandlerFoundException: No endpoint GET /api/leave-encashment-requests.]
2026-05-13 17:05:48.352 WARN  [http-nio-8080-exec-1] o.s.w.s.m.m.a.ExceptionHandlerExceptionResolver - Resolved [org.springframework.web.HttpRequestMethodNotSupportedException: Request method 'GET' is not supported]
2026-05-13 17:05:48.356 WARN  [http-nio-8080-exec-10] o.s.web.servlet.PageNotFound - No mapping for GET /api/leave-encashment-requests
2026-05-13 17:05:48.357 WARN  [http-nio-8080-exec-10] o.s.w.s.m.m.a.ExceptionHandlerExceptionResolver - Resolved [org.springframework.web.servlet.NoHandlerFoundException: No endpoint GET /api/leave-encashment-requests.]
2026-05-13 17:05:48.366 WARN  [http-nio-8080-exec-3] o.s.w.s.m.m.a.ExceptionHandlerExceptionResolver - Resolved [org.springframework.web.HttpRequestMethodNotSupportedException: Request method 'GET' is not supported]
2026-05-13 17:05:48.368 WARN  [http-nio-8080-exec-4] o.s.web.servlet.PageNotFound - No mapping for GET /api/leave-encashment-requests
2026-05-13 17:05:48.370 WARN  [http-nio-8080-exec-4] o.s.w.s.m.m.a.ExceptionHandlerExceptionResolver - Resolved [org.springframework.web.servlet.NoHandlerFoundException: No endpoint GET /api/leave-encashment-requests.]
2026-05-13 17:05:48.378 WARN  [http-nio-8080-exec-5] o.s.w.s.m.m.a.ExceptionHandlerExceptionResolver - Resolved [org.springframework.web.HttpRequestMethodNotSupportedException: Request method 'GET' is not supported]
2026-05-13 17:05:48.382 WARN  [http-nio-8080-exec-2] o.s.web.servlet.PageNotFound - No mapping for GET /api/leave-encashment-requests
2026-05-13 17:05:48.383 WARN  [http-nio-8080-exec-2] o.s.w.s.m.m.a.ExceptionHandlerExceptionResolver - Resolved [org.springframework.web.servlet.NoHandlerFoundException: No endpoint GET /api/leave-encashment-requests.]
2026-05-13 17:05:48.394 WARN  [http-nio-8080-exec-7] o.s.web.servlet.PageNotFound - No mapping for GET /api/leave-encashment-requests
2026-05-13 17:05:48.395 WARN  [http-nio-8080-exec-7] o.s.w.s.m.m.a.ExceptionHandlerExceptionResolver - Resolved [org.springframework.web.servlet.NoHandlerFoundException: No endpoint GET /api/leave-encashment-requests.]
2026-05-13 17:05:48.396 WARN  [http-nio-8080-exec-8] o.s.w.s.m.m.a.ExceptionHandlerExceptionResolver - Resolved [org.springframework.web.HttpRequestMethodNotSupportedException: Request method 'GET' is not supported]
2026-05-13 17:05:48.409 WARN  [http-nio-8080-exec-6] o.s.web.servlet.PageNotFound - No mapping for GET /api/leave-encashment-requests
2026-05-13 17:05:48.410 WARN  [http-nio-8080-exec-6] o.s.w.s.m.m.a.ExceptionHandlerExceptionResolver - Resolved [org.springframework.web.servlet.NoHandlerFoundException: No endpoint GET /api/leave-encashment-requests.]
2026-05-13 17:05:48.410 WARN  [http-nio-8080-exec-9] o.s.w.s.m.m.a.ExceptionHandlerExceptionResolver - Resolved [org.springframework.web.HttpRequestMethodNotSupportedException: Request method 'GET' is not supported]
2026-05-13 17:05:48.421 WARN  [http-nio-8080-exec-1] o.s.web.servlet.PageNotFound - No mapping for GET /api/leave-encashment-requests
2026-05-13 17:05:48.422 WARN  [http-nio-8080-exec-1] o.s.w.s.m.m.a.ExceptionHandlerExceptionResolver - Resolved [org.springframework.web.servlet.NoHandlerFoundException: No endpoint GET /api/leave-encashment-requests.]
2026-05-13 17:05:48.423 WARN  [http-nio-8080-exec-10] o.s.w.s.m.m.a.ExceptionHandlerExceptionResolver - Resolved [org.springframework.web.HttpRequestMethodNotSupportedException: Request method 'GET' is not supported]
2026-05-13 17:05:48.432 WARN  [http-nio-8080-exec-4] o.s.w.s.m.m.a.ExceptionHandlerExceptionResolver - Resolved [org.springframework.web.HttpRequestMethodNotSupportedException: Request method 'GET' is not supported]
2026-05-13 17:05:48.433 WARN  [http-nio-8080-exec-3] o.s.web.servlet.PageNotFound - No mapping for GET /api/leave-encashment-requests
2026-05-13 17:05:48.433 WARN  [http-nio-8080-exec-3] o.s.w.s.m.m.a.ExceptionHandlerExceptionResolver - Resolved [org.springframework.web.servlet.NoHandlerFoundException: No endpoint GET /api/leave-encashment-requests.]
2026-05-13 17:05:48.444 WARN  [http-nio-8080-exec-2] o.s.web.servlet.PageNotFound - No mapping for GET /api/leave-encashment-requests
2026-05-13 17:05:48.444 WARN  [http-nio-8080-exec-2] o.s.w.s.m.m.a.ExceptionHandlerExceptionResolver - Resolved [org.springframework.web.servlet.NoHandlerFoundException: No endpoint GET /api/leave-encashment-requests.]
2026-05-13 17:05:48.444 WARN  [http-nio-8080-exec-5] o.s.w.s.m.m.a.ExceptionHandlerExceptionResolver - Resolved [org.springframework.web.HttpRequestMethodNotSupportedException: Request method 'GET' is not supported]
2026-05-13 17:05:48.455 WARN  [http-nio-8080-exec-7] o.s.web.servlet.PageNotFound - No mapping for GET /api/leave-encashment-requests
2026-05-13 17:05:48.456 WARN  [http-nio-8080-exec-7] o.s.w.s.m.m.a.ExceptionHandlerExceptionResolver - Resolved [org.springframework.web.servlet.NoHandlerFoundException: No endpoint GET /api/leave-encashment-requests.]
2026-05-13 17:05:48.458 WARN  [http-nio-8080-exec-8] o.s.w.s.m.m.a.ExceptionHandlerExceptionResolver - Resolved [org.springframework.web.HttpRequestMethodNotSupportedException: Request method 'GET' is not supported]
2026-05-13 17:05:48.466 WARN  [http-nio-8080-exec-6] o.s.web.servlet.PageNotFound - No mapping for GET /api/leave-encashment-requests
2026-05-13 17:05:48.466 WARN  [http-nio-8080-exec-6] o.s.w.s.m.m.a.ExceptionHandlerExceptionResolver - Resolved [org.springframework.web.servlet.NoHandlerFoundException: No endpoint GET /api/leave-encashment-requests.]
2026-05-13 17:05:48.468 WARN  [http-nio-8080-exec-9] o.s.w.s.m.m.a.ExceptionHandlerExceptionResolver - Resolved [org.springframework.web.HttpRequestMethodNotSupportedException: Request method 'GET' is not supported]
2026-05-13 17:05:48.476 WARN  [http-nio-8080-exec-1] o.s.web.servlet.PageNotFound - No mapping for GET /api/leave-encashment-requests
2026-05-13 17:05:48.476 WARN  [http-nio-8080-exec-1] o.s.w.s.m.m.a.ExceptionHandlerExceptionResolver - Resolved [org.springframework.web.servlet.NoHandlerFoundException: No endpoint GET /api/leave-encashment-requests.]
2026-05-13 17:05:48.481 WARN  [http-nio-8080-exec-10] o.s.w.s.m.m.a.ExceptionHandlerExceptionResolver - Resolved [org.springframework.web.HttpRequestMethodNotSupportedException: Request method 'GET' is not supported]
2026-05-13 17:05:48.490 WARN  [http-nio-8080-exec-4] o.s.web.servlet.PageNotFound - No mapping for GET /api/leave-encashment-requests
2026-05-13 17:05:48.491 WARN  [http-nio-8080-exec-3] o.s.w.s.m.m.a.ExceptionHandlerExceptionResolver - Resolved [org.springframework.web.HttpRequestMethodNotSupportedException: Request method 'GET' is not supported]
2026-05-13 17:05:48.491 WARN  [http-nio-8080-exec-4] o.s.w.s.m.m.a.ExceptionHandlerExceptionResolver - Resolved [org.springframework.web.servlet.NoHandlerFoundException: No endpoint GET /api/leave-encashment-requests.]
2026-05-13 17:05:48.501 WARN  [http-nio-8080-exec-2] o.s.w.s.m.m.a.ExceptionHandlerExceptionResolver - Resolved [org.springframework.web.HttpRequestMethodNotSupportedException: Request method 'GET' is not supported]
2026-05-13 17:05:48.501 WARN  [http-nio-8080-exec-5] o.s.web.servlet.PageNotFound - No mapping for GET /api/leave-encashment-requests
2026-05-13 17:05:48.502 WARN  [http-nio-8080-exec-5] o.s.w.s.m.m.a.ExceptionHandlerExceptionResolver - Resolved [org.springframework.web.servlet.NoHandlerFoundException: No endpoint GET /api/leave-encashment-requests.]
2026-05-13 17:05:48.514 WARN  [http-nio-8080-exec-8] o.s.web.servlet.PageNotFound - No mapping for GET /api/leave-encashment-requests
2026-05-13 17:05:48.515 WARN  [http-nio-8080-exec-7] o.s.w.s.m.m.a.ExceptionHandlerExceptionResolver - Resolved [org.springframework.web.HttpRequestMethodNotSupportedException: Request method 'GET' is not supported]
2026-05-13 17:05:48.515 WARN  [http-nio-8080-exec-8] o.s.w.s.m.m.a.ExceptionHandlerExceptionResolver - Resolved [org.springframework.web.servlet.NoHandlerFoundException: No endpoint GET /api/leave-encashment-requests.]
2026-05-13 17:05:48.526 WARN  [http-nio-8080-exec-9] o.s.web.servlet.PageNotFound - No mapping for GET /api/leave-encashment-requests
2026-05-13 17:05:48.526 WARN  [http-nio-8080-exec-6] o.s.w.s.m.m.a.ExceptionHandlerExceptionResolver - Resolved [org.springframework.web.HttpRequestMethodNotSupportedException: Request method 'GET' is not supported]
2026-05-13 17:05:48.526 WARN  [http-nio-8080-exec-9] o.s.w.s.m.m.a.ExceptionHandlerExceptionResolver - Resolved [org.springframework.web.servlet.NoHandlerFoundException: No endpoint GET /api/leave-encashment-requests.]
2026-05-13 17:05:48.535 WARN  [http-nio-8080-exec-1] o.s.w.s.m.m.a.ExceptionHandlerExceptionResolver - Resolved [org.springframework.web.HttpRequestMethodNotSupportedException: Request method 'GET' is not supported]
2026-05-13 17:05:48.535 WARN  [http-nio-8080-exec-10] o.s.web.servlet.PageNotFound - No mapping for GET /api/leave-encashment-requests
2026-05-13 17:05:48.537 WARN  [http-nio-8080-exec-10] o.s.w.s.m.m.a.ExceptionHandlerExceptionResolver - Resolved [org.springframework.web.servlet.NoHandlerFoundException: No endpoint GET /api/leave-encashment-requests.]
2026-05-13 17:05:48.548 WARN  [http-nio-8080-exec-4] o.s.web.servlet.PageNotFound - No mapping for GET /api/leave-encashment-requests
2026-05-13 17:05:48.548 WARN  [http-nio-8080-exec-3] o.s.w.s.m.m.a.ExceptionHandlerExceptionResolver - Resolved [org.springframework.web.HttpRequestMethodNotSupportedException: Request method 'GET' is not supported]
2026-05-13 17:05:48.548 WARN  [http-nio-8080-exec-4] o.s.w.s.m.m.a.ExceptionHandlerExceptionResolver - Resolved [org.springframework.web.servlet.NoHandlerFoundException: No endpoint GET /api/leave-encashment-requests.]
2026-05-13 17:05:48.560 WARN  [http-nio-8080-exec-5] o.s.web.servlet.PageNotFound - No mapping for GET /api/leave-encashment-requests
2026-05-13 17:05:48.560 WARN  [http-nio-8080-exec-5] o.s.w.s.m.m.a.ExceptionHandlerExceptionResolver - Resolved [org.springframework.web.servlet.NoHandlerFoundException: No endpoint GET /api/leave-encashment-requests.]
2026-05-13 17:05:48.560 WARN  [http-nio-8080-exec-2] o.s.w.s.m.m.a.ExceptionHandlerExceptionResolver - Resolved [org.springframework.web.HttpRequestMethodNotSupportedException: Request method 'GET' is not supported]
2026-05-13 17:05:48.572 WARN  [http-nio-8080-exec-7] o.s.web.servlet.PageNotFound - No mapping for GET /api/leave-encashment-requests
2026-05-13 17:05:48.573 WARN  [http-nio-8080-exec-8] o.s.w.s.m.m.a.ExceptionHandlerExceptionResolver - Resolved [org.springframework.web.HttpRequestMethodNotSupportedException: Request method 'GET' is not supported]
2026-05-13 17:05:48.573 WARN  [http-nio-8080-exec-7] o.s.w.s.m.m.a.ExceptionHandlerExceptionResolver - Resolved [org.springframework.web.servlet.NoHandlerFoundException: No endpoint GET /api/leave-encashment-requests.]
2026-05-13 17:05:48.583 WARN  [http-nio-8080-exec-6] o.s.w.s.m.m.a.ExceptionHandlerExceptionResolver - Resolved [org.springframework.web.HttpRequestMethodNotSupportedException: Request method 'GET' is not supported]
2026-05-13 17:05:48.584 WARN  [http-nio-8080-exec-9] o.s.web.servlet.PageNotFound - No mapping for GET /api/leave-encashment-requests
2026-05-13 17:05:48.584 WARN  [http-nio-8080-exec-9] o.s.w.s.m.m.a.ExceptionHandlerExceptionResolver - Resolved [org.springframework.web.servlet.NoHandlerFoundException: No endpoint GET /api/leave-encashment-requests.]
2026-05-13 17:05:48.597 WARN  [http-nio-8080-exec-10] o.s.web.servlet.PageNotFound - No mapping for GET /api/leave-encashment-requests
2026-05-13 17:05:48.598 WARN  [http-nio-8080-exec-1] o.s.w.s.m.m.a.ExceptionHandlerExceptionResolver - Resolved [org.springframework.web.HttpRequestMethodNotSupportedException: Request method 'GET' is not supported]
2026-05-13 17:05:48.598 WARN  [http-nio-8080-exec-10] o.s.w.s.m.m.a.ExceptionHandlerExceptionResolver - Resolved [org.springframework.web.servlet.NoHandlerFoundException: No endpoint GET /api/leave-encashment-requests.]
2026-05-13 17:05:48.609 WARN  [http-nio-8080-exec-3] o.s.web.servlet.PageNotFound - No mapping for GET /api/leave-encashment-requests
2026-05-13 17:05:48.609 WARN  [http-nio-8080-exec-3] o.s.w.s.m.m.a.ExceptionHandlerExceptionResolver - Resolved [org.springframework.web.servlet.NoHandlerFoundException: No endpoint GET /api/leave-encashment-requests.]
2026-05-13 17:05:48.610 WARN  [http-nio-8080-exec-4] o.s.w.s.m.m.a.ExceptionHandlerExceptionResolver - Resolved [org.springframework.web.HttpRequestMethodNotSupportedException: Request method 'GET' is not supported]
2026-05-13 17:05:48.618 WARN  [http-nio-8080-exec-2] o.s.w.s.m.m.a.ExceptionHandlerExceptionResolver - Resolved [org.springframework.web.HttpRequestMethodNotSupportedException: Request method 'GET' is not supported]
2026-05-13 17:05:48.618 WARN  [http-nio-8080-exec-5] o.s.web.servlet.PageNotFound - No mapping for GET /api/leave-encashment-requests
2026-05-13 17:05:48.619 WARN  [http-nio-8080-exec-5] o.s.w.s.m.m.a.ExceptionHandlerExceptionResolver - Resolved [org.springframework.web.servlet.NoHandlerFoundException: No endpoint GET /api/leave-encashment-requests.]
2026-05-13 17:05:48.632 WARN  [http-nio-8080-exec-7] o.s.web.servlet.PageNotFound - No mapping for GET /api/leave-encashment-requests
2026-05-13 17:05:48.633 WARN  [http-nio-8080-exec-7] o.s.w.s.m.m.a.ExceptionHandlerExceptionResolver - Resolved [org.springframework.web.servlet.NoHandlerFoundException: No endpoint GET /api/leave-encashment-requests.]
2026-05-13 17:05:48.633 WARN  [http-nio-8080-exec-8] o.s.w.s.m.m.a.ExceptionHandlerExceptionResolver - Resolved [org.springframework.web.HttpRequestMethodNotSupportedException: Request method 'GET' is not supported]
2026-05-13 17:05:48.644 WARN  [http-nio-8080-exec-6] o.s.web.servlet.PageNotFound - No mapping for GET /api/leave-encashment-requests
2026-05-13 17:05:48.644 WARN  [http-nio-8080-exec-9] o.s.w.s.m.m.a.ExceptionHandlerExceptionResolver - Resolved [org.springframework.web.HttpRequestMethodNotSupportedException: Request method 'GET' is not supported]
2026-05-13 17:05:48.645 WARN  [http-nio-8080-exec-6] o.s.w.s.m.m.a.ExceptionHandlerExceptionResolver - Resolved [org.springframework.web.servlet.NoHandlerFoundException: No endpoint GET /api/leave-encashment-requests.]
2026-05-13 17:05:48.657 WARN  [http-nio-8080-exec-10] o.s.web.servlet.PageNotFound - No mapping for GET /api/leave-encashment-requests
2026-05-13 17:05:48.658 WARN  [http-nio-8080-exec-1] o.s.w.s.m.m.a.ExceptionHandlerExceptionResolver - Resolved [org.springframework.web.HttpRequestMethodNotSupportedException: Request method 'GET' is not supported]
2026-05-13 17:05:48.658 WARN  [http-nio-8080-exec-10] o.s.w.s.m.m.a.ExceptionHandlerExceptionResolver - Resolved [org.springframework.web.servlet.NoHandlerFoundException: No endpoint GET /api/leave-encashment-requests.]
2026-05-13 17:05:48.666 WARN  [http-nio-8080-exec-4] o.s.web.servlet.PageNotFound - No mapping for GET /api/leave-encashment-requests
2026-05-13 17:05:48.666 WARN  [http-nio-8080-exec-3] o.s.w.s.m.m.a.ExceptionHandlerExceptionResolver - Resolved [org.springframework.web.HttpRequestMethodNotSupportedException: Request method 'GET' is not supported]
2026-05-13 17:05:48.666 WARN  [http-nio-8080-exec-4] o.s.w.s.m.m.a.ExceptionHandlerExceptionResolver - Resolved [org.springframework.web.servlet.NoHandlerFoundException: No endpoint GET /api/leave-encashment-requests.]
2026-05-13 17:05:48.681 WARN  [http-nio-8080-exec-5] o.s.web.servlet.PageNotFound - No mapping for GET /api/leave-encashment-requests
2026-05-13 17:05:48.681 WARN  [http-nio-8080-exec-2] o.s.w.s.m.m.a.ExceptionHandlerExceptionResolver - Resolved [org.springframework.web.HttpRequestMethodNotSupportedException: Request method 'GET' is not supported]
2026-05-13 17:05:48.681 WARN  [http-nio-8080-exec-5] o.s.w.s.m.m.a.ExceptionHandlerExceptionResolver - Resolved [org.springframework.web.servlet.NoHandlerFoundException: No endpoint GET /api/leave-encashment-requests.]
2026-05-13 17:05:48.693 WARN  [http-nio-8080-exec-7] o.s.w.s.m.m.a.ExceptionHandlerExceptionResolver - Resolved [org.springframework.web.HttpRequestMethodNotSupportedException: Request method 'GET' is not supported]
2026-05-13 17:05:48.693 WARN  [http-nio-8080-exec-8] o.s.web.servlet.PageNotFound - No mapping for GET /api/leave-encashment-requests
2026-05-13 17:05:48.693 WARN  [http-nio-8080-exec-8] o.s.w.s.m.m.a.ExceptionHandlerExceptionResolver - Resolved [org.springframework.web.servlet.NoHandlerFoundException: No endpoint GET /api/leave-encashment-requests.]
2026-05-13 17:05:48.701 WARN  [http-nio-8080-exec-9] o.s.w.s.m.m.a.ExceptionHandlerExceptionResolver - Resolved [org.springframework.web.HttpRequestMethodNotSupportedException: Request method 'GET' is not supported]
2026-05-13 17:05:48.701 WARN  [http-nio-8080-exec-6] o.s.web.servlet.PageNotFound - No mapping for GET /api/leave-encashment-requests
2026-05-13 17:05:48.701 WARN  [http-nio-8080-exec-6] o.s.w.s.m.m.a.ExceptionHandlerExceptionResolver - Resolved [org.springframework.web.servlet.NoHandlerFoundException: No endpoint GET /api/leave-encashment-requests.]
2026-05-13 17:05:48.712 WARN  [http-nio-8080-exec-1] o.s.w.s.m.m.a.ExceptionHandlerExceptionResolver - Resolved [org.springframework.web.HttpRequestMethodNotSupportedException: Request method 'GET' is not supported]
2026-05-13 17:05:48.719 WARN  [http-nio-8080-exec-10] o.s.web.servlet.PageNotFound - No mapping for GET /api/leave-encashment-requests
2026-05-13 17:05:48.720 WARN  [http-nio-8080-exec-10] o.s.w.s.m.m.a.ExceptionHandlerExceptionResolver - Resolved [org.springframework.web.servlet.NoHandlerFoundException: No endpoint GET /api/leave-encashment-requests.]
2026-05-13 17:05:48.729 WARN  [http-nio-8080-exec-4] o.s.w.s.m.m.a.ExceptionHandlerExceptionResolver - Resolved [org.springframework.web.HttpRequestMethodNotSupportedException: Request method 'GET' is not supported]
2026-05-13 17:05:48.731 WARN  [http-nio-8080-exec-3] o.s.web.servlet.PageNotFound - No mapping for GET /api/leave-encashment-requests
2026-05-13 17:05:48.731 WARN  [http-nio-8080-exec-3] o.s.w.s.m.m.a.ExceptionHandlerExceptionResolver - Resolved [org.springframework.web.servlet.NoHandlerFoundException: No endpoint GET /api/leave-encashment-requests.]
2026-05-13 17:05:48.743 WARN  [http-nio-8080-exec-2] o.s.w.s.m.m.a.ExceptionHandlerExceptionResolver - Resolved [org.springframework.web.HttpRequestMethodNotSupportedException: Request method 'GET' is not supported]
2026-05-13 17:05:48.744 WARN  [http-nio-8080-exec-5] o.s.web.servlet.PageNotFound - No mapping for GET /api/leave-encashment-requests
2026-05-13 17:05:48.744 WARN  [http-nio-8080-exec-5] o.s.w.s.m.m.a.ExceptionHandlerExceptionResolver - Resolved [org.springframework.web.servlet.NoHandlerFoundException: No endpoint GET /api/leave-encashment-requests.]
2026-05-13 17:05:48.756 WARN  [http-nio-8080-exec-8] o.s.web.servlet.PageNotFound - No mapping for GET /api/leave-encashment-requests
2026-05-13 17:05:48.757 WARN  [http-nio-8080-exec-7] o.s.w.s.m.m.a.ExceptionHandlerExceptionResolver - Resolved [org.springframework.web.HttpRequestMethodNotSupportedException: Request method 'GET' is not supported]
2026-05-13 17:05:48.757 WARN  [http-nio-8080-exec-8] o.s.w.s.m.m.a.ExceptionHandlerExceptionResolver - Resolved [org.springframework.web.servlet.NoHandlerFoundException: No endpoint GET /api/leave-encashment-requests.]
2026-05-13 17:05:48.767 WARN  [http-nio-8080-exec-6] o.s.web.servlet.PageNotFound - No mapping for GET /api/leave-encashment-requests
2026-05-13 17:05:48.768 WARN  [http-nio-8080-exec-9] o.s.w.s.m.m.a.ExceptionHandlerExceptionResolver - Resolved [org.springframework.web.HttpRequestMethodNotSupportedException: Request method 'GET' is not supported]
2026-05-13 17:05:48.768 WARN  [http-nio-8080-exec-6] o.s.w.s.m.m.a.ExceptionHandlerExceptionResolver - Resolved [org.springframework.web.servlet.NoHandlerFoundException: No endpoint GET /api/leave-encashment-requests.]
2026-05-13 17:05:48.782 WARN  [http-nio-8080-exec-10] o.s.web.servlet.PageNotFound - No mapping for GET /api/leave-encashment-requests
2026-05-13 17:05:48.783 WARN  [http-nio-8080-exec-10] o.s.w.s.m.m.a.ExceptionHandlerExceptionResolver - Resolved [org.springframework.web.servlet.NoHandlerFoundException: No endpoint GET /api/leave-encashment-requests.]
2026-05-13 17:05:48.784 WARN  [http-nio-8080-exec-1] o.s.w.s.m.m.a.ExceptionHandlerExceptionResolver - Resolved [org.springframework.web.HttpRequestMethodNotSupportedException: Request method 'GET' is not supported]
2026-05-13 17:05:48.794 WARN  [http-nio-8080-exec-4] o.s.web.servlet.PageNotFound - No mapping for GET /api/leave-encashment-requests
2026-05-13 17:05:48.794 WARN  [http-nio-8080-exec-4] o.s.w.s.m.m.a.ExceptionHandlerExceptionResolver - Resolved [org.springframework.web.servlet.NoHandlerFoundException: No endpoint GET /api/leave-encashment-requests.]
2026-05-13 17:05:48.794 WARN  [http-nio-8080-exec-3] o.s.w.s.m.m.a.ExceptionHandlerExceptionResolver - Resolved [org.springframework.web.HttpRequestMethodNotSupportedException: Request method 'GET' is not supported]
2026-05-13 17:05:48.809 WARN  [http-nio-8080-exec-2] o.s.web.servlet.PageNotFound - No mapping for GET /api/leave-encashment-requests
2026-05-13 17:05:48.809 WARN  [http-nio-8080-exec-2] o.s.w.s.m.m.a.ExceptionHandlerExceptionResolver - Resolved [org.springframework.web.servlet.NoHandlerFoundException: No endpoint GET /api/leave-encashment-requests.]
2026-05-13 17:05:48.809 WARN  [http-nio-8080-exec-5] o.s.w.s.m.m.a.ExceptionHandlerExceptionResolver - Resolved [org.springframework.web.HttpRequestMethodNotSupportedException: Request method 'GET' is not supported]
2026-05-13 17:05:48.821 WARN  [http-nio-8080-exec-7] o.s.web.servlet.PageNotFound - No mapping for GET /api/leave-encashment-requests
2026-05-13 17:05:48.822 WARN  [http-nio-8080-exec-7] o.s.w.s.m.m.a.ExceptionHandlerExceptionResolver - Resolved [org.springframework.web.servlet.NoHandlerFoundException: No endpoint GET /api/leave-encashment-requests.]
2026-05-13 17:05:48.823 WARN  [http-nio-8080-exec-8] o.s.w.s.m.m.a.ExceptionHandlerExceptionResolver - Resolved [org.springframework.web.HttpRequestMethodNotSupportedException: Request method 'GET' is not supported]
2026-05-13 17:05:48.833 WARN  [http-nio-8080-exec-6] o.s.w.s.m.m.a.ExceptionHandlerExceptionResolver - Resolved [org.springframework.web.HttpRequestMethodNotSupportedException: Request method 'GET' is not supported]
2026-05-13 17:05:48.833 WARN  [http-nio-8080-exec-9] o.s.web.servlet.PageNotFound - No mapping for GET /api/leave-encashment-requests
2026-05-13 17:05:48.834 WARN  [http-nio-8080-exec-9] o.s.w.s.m.m.a.ExceptionHandlerExceptionResolver - Resolved [org.springframework.web.servlet.NoHandlerFoundException: No endpoint GET /api/leave-encashment-requests.]
2026-05-13 17:05:48.842 WARN  [http-nio-8080-exec-1] o.s.web.servlet.PageNotFound - No mapping for GET /api/leave-encashment-requests
2026-05-13 17:05:48.842 WARN  [http-nio-8080-exec-1] o.s.w.s.m.m.a.ExceptionHandlerExceptionResolver - Resolved [org.springframework.web.servlet.NoHandlerFoundException: No endpoint GET /api/leave-encashment-requests.]
2026-05-13 17:05:48.842 WARN  [http-nio-8080-exec-10] o.s.w.s.m.m.a.ExceptionHandlerExceptionResolver - Resolved [org.springframework.web.HttpRequestMethodNotSupportedException: Request method 'GET' is not supported]
2026-05-13 17:05:48.859 WARN  [http-nio-8080-exec-4] o.s.web.servlet.PageNotFound - No mapping for GET /api/leave-encashment-requests
2026-05-13 17:05:48.859 WARN  [http-nio-8080-exec-4] o.s.w.s.m.m.a.ExceptionHandlerExceptionResolver - Resolved [org.springframework.web.servlet.NoHandlerFoundException: No endpoint GET /api/leave-encashment-requests.]
2026-05-13 17:05:48.860 WARN  [http-nio-8080-exec-3] o.s.w.s.m.m.a.ExceptionHandlerExceptionResolver - Resolved [org.springframework.web.HttpRequestMethodNotSupportedException: Request method 'GET' is not supported]
2026-05-13 17:05:48.869 WARN  [http-nio-8080-exec-5] o.s.web.servlet.PageNotFound - No mapping for GET /api/leave-encashment-requests
2026-05-13 17:05:48.869 WARN  [http-nio-8080-exec-2] o.s.w.s.m.m.a.ExceptionHandlerExceptionResolver - Resolved [org.springframework.web.HttpRequestMethodNotSupportedException: Request method 'GET' is not supported]
2026-05-13 17:05:48.869 WARN  [http-nio-8080-exec-5] o.s.w.s.m.m.a.ExceptionHandlerExceptionResolver - Resolved [org.springframework.web.servlet.NoHandlerFoundException: No endpoint GET /api/leave-encashment-requests.]
2026-05-13 17:05:48.882 WARN  [http-nio-8080-exec-7] o.s.w.s.m.m.a.ExceptionHandlerExceptionResolver - Resolved [org.springframework.web.HttpRequestMethodNotSupportedException: Request method 'GET' is not supported]
2026-05-13 17:05:48.882 WARN  [http-nio-8080-exec-8] o.s.web.servlet.PageNotFound - No mapping for GET /api/leave-encashment-requests
2026-05-13 17:05:48.883 WARN  [http-nio-8080-exec-8] o.s.w.s.m.m.a.ExceptionHandlerExceptionResolver - Resolved [org.springframework.web.servlet.NoHandlerFoundException: No endpoint GET /api/leave-encashment-requests.]
2026-05-13 17:05:48.894 WARN  [http-nio-8080-exec-9] o.s.web.servlet.PageNotFound - No mapping for GET /api/leave-encashment-requests
2026-05-13 17:05:48.895 WARN  [http-nio-8080-exec-9] o.s.w.s.m.m.a.ExceptionHandlerExceptionResolver - Resolved [org.springframework.web.servlet.NoHandlerFoundException: No endpoint GET /api/leave-encashment-requests.]
2026-05-13 17:05:48.895 WARN  [http-nio-8080-exec-6] o.s.w.s.m.m.a.ExceptionHandlerExceptionResolver - Resolved [org.springframework.web.HttpRequestMethodNotSupportedException: Request method 'GET' is not supported]
2026-05-13 17:05:48.907 WARN  [http-nio-8080-exec-1] o.s.web.servlet.PageNotFound - No mapping for GET /api/leave-encashment-requests
2026-05-13 17:05:48.908 WARN  [http-nio-8080-exec-1] o.s.w.s.m.m.a.ExceptionHandlerExceptionResolver - Resolved [org.springframework.web.servlet.NoHandlerFoundException: No endpoint GET /api/leave-encashment-requests.]
2026-05-13 17:05:48.908 WARN  [http-nio-8080-exec-10] o.s.w.s.m.m.a.ExceptionHandlerExceptionResolver - Resolved [org.springframework.web.HttpRequestMethodNotSupportedException: Request method 'GET' is not supported]
2026-05-13 17:05:48.919 WARN  [http-nio-8080-exec-3] o.s.web.servlet.PageNotFound - No mapping for GET /api/leave-encashment-requests
2026-05-13 17:05:48.921 WARN  [http-nio-8080-exec-3] o.s.w.s.m.m.a.ExceptionHandlerExceptionResolver - Resolved [org.springframework.web.servlet.NoHandlerFoundException: No endpoint GET /api/leave-encashment-requests.]
2026-05-13 17:05:48.921 WARN  [http-nio-8080-exec-4] o.s.w.s.m.m.a.ExceptionHandlerExceptionResolver - Resolved [org.springframework.web.HttpRequestMethodNotSupportedException: Request method 'GET' is not supported]
2026-05-13 17:05:48.941 WARN  [http-nio-8080-exec-2] o.s.web.servlet.PageNotFound - No mapping for GET /api/leave-encashment-requests
2026-05-13 17:05:48.941 WARN  [http-nio-8080-exec-5] o.s.w.s.m.m.a.ExceptionHandlerExceptionResolver - Resolved [org.springframework.web.HttpRequestMethodNotSupportedException: Request method 'GET' is not supported]
2026-05-13 17:05:48.942 WARN  [http-nio-8080-exec-2] o.s.w.s.m.m.a.ExceptionHandlerExceptionResolver - Resolved [org.springframework.web.servlet.NoHandlerFoundException: No endpoint GET /api/leave-encashment-requests.]
2026-05-13 17:05:48.955 WARN  [http-nio-8080-exec-7] o.s.web.servlet.PageNotFound - No mapping for GET /api/leave-encashment-requests
2026-05-13 17:05:48.956 WARN  [http-nio-8080-exec-8] o.s.w.s.m.m.a.ExceptionHandlerExceptionResolver - Resolved [org.springframework.web.HttpRequestMethodNotSupportedException: Request method 'GET' is not supported]
2026-05-13 17:05:48.956 WARN  [http-nio-8080-exec-7] o.s.w.s.m.m.a.ExceptionHandlerExceptionResolver - Resolved [org.springframework.web.servlet.NoHandlerFoundException: No endpoint GET /api/leave-encashment-requests.]
2026-05-13 17:05:48.969 WARN  [http-nio-8080-exec-6] o.s.web.servlet.PageNotFound - No mapping for GET /api/leave-encashment-requests
2026-05-13 17:05:48.970 WARN  [http-nio-8080-exec-6] o.s.w.s.m.m.a.ExceptionHandlerExceptionResolver - Resolved [org.springframework.web.servlet.NoHandlerFoundException: No endpoint GET /api/leave-encashment-requests.]
2026-05-13 17:05:48.970 WARN  [http-nio-8080-exec-9] o.s.w.s.m.m.a.ExceptionHandlerExceptionResolver - Resolved [org.springframework.web.HttpRequestMethodNotSupportedException: Request method 'GET' is not supported]
2026-05-13 17:05:48.984 WARN  [http-nio-8080-exec-10] o.s.web.servlet.PageNotFound - No mapping for GET /api/leave-encashment-requests
2026-05-13 17:05:48.984 WARN  [http-nio-8080-exec-1] o.s.w.s.m.m.a.ExceptionHandlerExceptionResolver - Resolved [org.springframework.web.HttpRequestMethodNotSupportedException: Request method 'GET' is not supported]
2026-05-13 17:05:48.984 WARN  [http-nio-8080-exec-10] o.s.w.s.m.m.a.ExceptionHandlerExceptionResolver - Resolved [org.springframework.web.servlet.NoHandlerFoundException: No endpoint GET /api/leave-encashment-requests.]
2026-05-13 17:05:49.015 WARN  [http-nio-8080-exec-3] o.s.web.servlet.PageNotFound - No mapping for GET /api/leave-encashment-requests
2026-05-13 17:05:49.016 WARN  [http-nio-8080-exec-3] o.s.w.s.m.m.a.ExceptionHandlerExceptionResolver - Resolved [org.springframework.web.servlet.NoHandlerFoundException: No endpoint GET /api/leave-encashment-requests.]
2026-05-13 17:05:49.017 WARN  [http-nio-8080-exec-4] o.s.w.s.m.m.a.ExceptionHandlerExceptionResolver - Resolved [org.springframework.web.HttpRequestMethodNotSupportedException: Request method 'GET' is not supported]
2026-05-13 17:05:49.034 WARN  [http-nio-8080-exec-5] o.s.web.servlet.PageNotFound - No mapping for GET /api/leave-encashment-requests
2026-05-13 17:05:49.034 WARN  [http-nio-8080-exec-2] o.s.w.s.m.m.a.ExceptionHandlerExceptionResolver - Resolved [org.springframework.web.HttpRequestMethodNotSupportedException: Request method 'GET' is not supported]
2026-05-13 17:05:49.034 WARN  [http-nio-8080-exec-5] o.s.w.s.m.m.a.ExceptionHandlerExceptionResolver - Resolved [org.springframework.web.servlet.NoHandlerFoundException: No endpoint GET /api/leave-encashment-requests.]
2026-05-13 17:05:49.051 WARN  [http-nio-8080-exec-7] o.s.web.servlet.PageNotFound - No mapping for GET /api/leave-encashment-requests
2026-05-13 17:05:49.052 WARN  [http-nio-8080-exec-7] o.s.w.s.m.m.a.ExceptionHandlerExceptionResolver - Resolved [org.springframework.web.servlet.NoHandlerFoundException: No endpoint GET /api/leave-encashment-requests.]
2026-05-13 17:05:49.052 WARN  [http-nio-8080-exec-8] o.s.w.s.m.m.a.ExceptionHandlerExceptionResolver - Resolved [org.springframework.web.HttpRequestMethodNotSupportedException: Request method 'GET' is not supported]
2026-05-13 17:05:49.064 WARN  [http-nio-8080-exec-9] o.s.web.servlet.PageNotFound - No mapping for GET /api/leave-encashment-requests
2026-05-13 17:05:49.065 WARN  [http-nio-8080-exec-9] o.s.w.s.m.m.a.ExceptionHandlerExceptionResolver - Resolved [org.springframework.web.servlet.NoHandlerFoundException: No endpoint GET /api/leave-encashment-requests.]
2026-05-13 17:05:49.066 WARN  [http-nio-8080-exec-6] o.s.w.s.m.m.a.ExceptionHandlerExceptionResolver - Resolved [org.springframework.web.HttpRequestMethodNotSupportedException: Request method 'GET' is not supported]
2026-05-13 17:05:49.082 WARN  [http-nio-8080-exec-10] o.s.web.servlet.PageNotFound - No mapping for GET /api/leave-encashment-requests
2026-05-13 17:05:49.082 WARN  [http-nio-8080-exec-10] o.s.w.s.m.m.a.ExceptionHandlerExceptionResolver - Resolved [org.springframework.web.servlet.NoHandlerFoundException: No endpoint GET /api/leave-encashment-requests.]
2026-05-13 17:05:49.082 WARN  [http-nio-8080-exec-1] o.s.w.s.m.m.a.ExceptionHandlerExceptionResolver - Resolved [org.springframework.web.HttpRequestMethodNotSupportedException: Request method 'GET' is not supported]
2026-05-13 17:05:49.094 WARN  [http-nio-8080-exec-3] o.s.w.s.m.m.a.ExceptionHandlerExceptionResolver - Resolved [org.springframework.web.HttpRequestMethodNotSupportedException: Request method 'GET' is not supported]
2026-05-13 17:05:49.095 WARN  [http-nio-8080-exec-4] o.s.web.servlet.PageNotFound - No mapping for GET /api/leave-encashment-requests
2026-05-13 17:05:49.095 WARN  [http-nio-8080-exec-4] o.s.w.s.m.m.a.ExceptionHandlerExceptionResolver - Resolved [org.springframework.web.servlet.NoHandlerFoundException: No endpoint GET /api/leave-encashment-requests.]
2026-05-13 17:05:49.109 WARN  [http-nio-8080-exec-5] o.s.web.servlet.PageNotFound - No mapping for GET /api/leave-encashment-requests
2026-05-13 17:05:49.109 WARN  [http-nio-8080-exec-2] o.s.w.s.m.m.a.ExceptionHandlerExceptionResolver - Resolved [org.springframework.web.HttpRequestMethodNotSupportedException: Request method 'GET' is not supported]
2026-05-13 17:05:49.109 WARN  [http-nio-8080-exec-5] o.s.w.s.m.m.a.ExceptionHandlerExceptionResolver - Resolved [org.springframework.web.servlet.NoHandlerFoundException: No endpoint GET /api/leave-encashment-requests.]
2026-05-13 17:05:49.121 WARN  [http-nio-8080-exec-7] o.s.w.s.m.m.a.ExceptionHandlerExceptionResolver - Resolved [org.springframework.web.HttpRequestMethodNotSupportedException: Request method 'GET' is not supported]
2026-05-13 17:05:49.122 WARN  [http-nio-8080-exec-8] o.s.web.servlet.PageNotFound - No mapping for GET /api/leave-encashment-requests
2026-05-13 17:05:49.123 WARN  [http-nio-8080-exec-8] o.s.w.s.m.m.a.ExceptionHandlerExceptionResolver - Resolved [org.springframework.web.servlet.NoHandlerFoundException: No endpoint GET /api/leave-encashment-requests.]
2026-05-13 17:05:49.135 WARN  [http-nio-8080-exec-6] o.s.web.servlet.PageNotFound - No mapping for GET /api/leave-encashment-requests
2026-05-13 17:05:49.136 WARN  [http-nio-8080-exec-9] o.s.w.s.m.m.a.ExceptionHandlerExceptionResolver - Resolved [org.springframework.web.HttpRequestMethodNotSupportedException: Request method 'GET' is not supported]
2026-05-13 17:05:49.137 WARN  [http-nio-8080-exec-6] o.s.w.s.m.m.a.ExceptionHandlerExceptionResolver - Resolved [org.springframework.web.servlet.NoHandlerFoundException: No endpoint GET /api/leave-encashment-requests.]
2026-05-13 17:05:49.150 WARN  [http-nio-8080-exec-1] o.s.web.servlet.PageNotFound - No mapping for GET /api/leave-encashment-requests
2026-05-13 17:05:49.151 WARN  [http-nio-8080-exec-1] o.s.w.s.m.m.a.ExceptionHandlerExceptionResolver - Resolved [org.springframework.web.servlet.NoHandlerFoundException: No endpoint GET /api/leave-encashment-requests.]
2026-05-13 17:05:49.151 WARN  [http-nio-8080-exec-10] o.s.w.s.m.m.a.ExceptionHandlerExceptionResolver - Resolved [org.springframework.web.HttpRequestMethodNotSupportedException: Request method 'GET' is not supported]
2026-05-13 17:05:49.166 WARN  [http-nio-8080-exec-3] o.s.web.servlet.PageNotFound - No mapping for GET /api/leave-encashment-requests
2026-05-13 17:05:49.167 WARN  [http-nio-8080-exec-4] o.s.w.s.m.m.a.ExceptionHandlerExceptionResolver - Resolved [org.springframework.web.HttpRequestMethodNotSupportedException: Request method 'GET' is not supported]
2026-05-13 17:05:49.167 WARN  [http-nio-8080-exec-3] o.s.w.s.m.m.a.ExceptionHandlerExceptionResolver - Resolved [org.springframework.web.servlet.NoHandlerFoundException: No endpoint GET /api/leave-encashment-requests.]
2026-05-13 17:05:49.183 WARN  [http-nio-8080-exec-2] o.s.web.servlet.PageNotFound - No mapping for GET /api/leave-encashment-requests
2026-05-13 17:05:49.183 WARN  [http-nio-8080-exec-5] o.s.w.s.m.m.a.ExceptionHandlerExceptionResolver - Resolved [org.springframework.web.HttpRequestMethodNotSupportedException: Request method 'GET' is not supported]
2026-05-13 17:05:49.184 WARN  [http-nio-8080-exec-2] o.s.w.s.m.m.a.ExceptionHandlerExceptionResolver - Resolved [org.springframework.web.servlet.NoHandlerFoundException: No endpoint GET /api/leave-encashment-requests.]
2026-05-13 17:05:49.198 WARN  [http-nio-8080-exec-8] o.s.web.servlet.PageNotFound - No mapping for GET /api/leave-encashment-requests
2026-05-13 17:05:49.198 WARN  [http-nio-8080-exec-7] o.s.w.s.m.m.a.ExceptionHandlerExceptionResolver - Resolved [org.springframework.web.HttpRequestMethodNotSupportedException: Request method 'GET' is not supported]
2026-05-13 17:05:49.198 WARN  [http-nio-8080-exec-8] o.s.w.s.m.m.a.ExceptionHandlerExceptionResolver - Resolved [org.springframework.web.servlet.NoHandlerFoundException: No endpoint GET /api/leave-encashment-requests.]
2026-05-13 17:05:49.212 WARN  [http-nio-8080-exec-6] o.s.web.servlet.PageNotFound - No mapping for GET /api/leave-encashment-requests
2026-05-13 17:05:49.213 WARN  [http-nio-8080-exec-9] o.s.w.s.m.m.a.ExceptionHandlerExceptionResolver - Resolved [org.springframework.web.HttpRequestMethodNotSupportedException: Request method 'GET' is not supported]
2026-05-13 17:05:49.213 WARN  [http-nio-8080-exec-6] o.s.w.s.m.m.a.ExceptionHandlerExceptionResolver - Resolved [org.springframework.web.servlet.NoHandlerFoundException: No endpoint GET /api/leave-encashment-requests.]
2026-05-13 17:05:49.229 WARN  [http-nio-8080-exec-1] o.s.web.servlet.PageNotFound - No mapping for GET /api/leave-encashment-requests
2026-05-13 17:05:49.229 WARN  [http-nio-8080-exec-10] o.s.w.s.m.m.a.ExceptionHandlerExceptionResolver - Resolved [org.springframework.web.HttpRequestMethodNotSupportedException: Request method 'GET' is not supported]
2026-05-13 17:05:49.229 WARN  [http-nio-8080-exec-1] o.s.w.s.m.m.a.ExceptionHandlerExceptionResolver - Resolved [org.springframework.web.servlet.NoHandlerFoundException: No endpoint GET /api/leave-encashment-requests.]
2026-05-13 17:05:49.245 WARN  [http-nio-8080-exec-4] o.s.web.servlet.PageNotFound - No mapping for GET /api/leave-encashment-requests
2026-05-13 17:05:49.245 WARN  [http-nio-8080-exec-3] o.s.w.s.m.m.a.ExceptionHandlerExceptionResolver - Resolved [org.springframework.web.HttpRequestMethodNotSupportedException: Request method 'GET' is not supported]
2026-05-13 17:05:49.245 WARN  [http-nio-8080-exec-4] o.s.w.s.m.m.a.ExceptionHandlerExceptionResolver - Resolved [org.springframework.web.servlet.NoHandlerFoundException: No endpoint GET /api/leave-encashment-requests.]
2026-05-13 17:05:49.259 WARN  [http-nio-8080-exec-2] o.s.web.servlet.PageNotFound - No mapping for GET /api/leave-encashment-requests
2026-05-13 17:05:49.259 WARN  [http-nio-8080-exec-2] o.s.w.s.m.m.a.ExceptionHandlerExceptionResolver - Resolved [org.springframework.web.servlet.NoHandlerFoundException: No endpoint GET /api/leave-encashment-requests.]
2026-05-13 17:05:49.260 WARN  [http-nio-8080-exec-5] o.s.w.s.m.m.a.ExceptionHandlerExceptionResolver - Resolved [org.springframework.web.HttpRequestMethodNotSupportedException: Request method 'GET' is not supported]
2026-05-13 17:05:49.271 WARN  [http-nio-8080-exec-7] o.s.web.servlet.PageNotFound - No mapping for GET /api/leave-encashment-requests
2026-05-13 17:05:49.272 WARN  [http-nio-8080-exec-7] o.s.w.s.m.m.a.ExceptionHandlerExceptionResolver - Resolved [org.springframework.web.servlet.NoHandlerFoundException: No endpoint GET /api/leave-encashment-requests.]
2026-05-13 17:05:49.274 WARN  [http-nio-8080-exec-8] o.s.w.s.m.m.a.ExceptionHandlerExceptionResolver - Resolved [org.springframework.web.HttpRequestMethodNotSupportedException: Request method 'GET' is not supported]
2026-05-13 17:05:49.284 WARN  [http-nio-8080-exec-9] o.s.web.servlet.PageNotFound - No mapping for GET /api/leave-encashment-requests
2026-05-13 17:05:49.284 WARN  [http-nio-8080-exec-9] o.s.w.s.m.m.a.ExceptionHandlerExceptionResolver - Resolved [org.springframework.web.servlet.NoHandlerFoundException: No endpoint GET /api/leave-encashment-requests.]
2026-05-13 17:05:49.285 WARN  [http-nio-8080-exec-6] o.s.w.s.m.m.a.ExceptionHandlerExceptionResolver - Resolved [org.springframework.web.HttpRequestMethodNotSupportedException: Request method 'GET' is not supported]
2026-05-13 17:05:49.297 WARN  [http-nio-8080-exec-1] o.s.web.servlet.PageNotFound - No mapping for GET /api/leave-encashment-requests
2026-05-13 17:05:49.298 WARN  [http-nio-8080-exec-1] o.s.w.s.m.m.a.ExceptionHandlerExceptionResolver - Resolved [org.springframework.web.servlet.NoHandlerFoundException: No endpoint GET /api/leave-encashment-requests.]
2026-05-13 17:05:49.299 WARN  [http-nio-8080-exec-10] o.s.w.s.m.m.a.ExceptionHandlerExceptionResolver - Resolved [org.springframework.web.HttpRequestMethodNotSupportedException: Request method 'GET' is not supported]
2026-05-13 17:05:49.310 WARN  [http-nio-8080-exec-3] o.s.web.servlet.PageNotFound - No mapping for GET /api/leave-encashment-requests
2026-05-13 17:05:49.310 WARN  [http-nio-8080-exec-3] o.s.w.s.m.m.a.ExceptionHandlerExceptionResolver - Resolved [org.springframework.web.servlet.NoHandlerFoundException: No endpoint GET /api/leave-encashment-requests.]
2026-05-13 17:05:49.310 WARN  [http-nio-8080-exec-4] o.s.w.s.m.m.a.ExceptionHandlerExceptionResolver - Resolved [org.springframework.web.HttpRequestMethodNotSupportedException: Request method 'GET' is not supported]
2026-05-13 17:05:49.326 WARN  [http-nio-8080-exec-5] o.s.web.servlet.PageNotFound - No mapping for GET /api/leave-encashment-requests
2026-05-13 17:05:49.327 WARN  [http-nio-8080-exec-5] o.s.w.s.m.m.a.ExceptionHandlerExceptionResolver - Resolved [org.springframework.web.servlet.NoHandlerFoundException: No endpoint GET /api/leave-encashment-requests.]
2026-05-13 17:05:49.327 WARN  [http-nio-8080-exec-2] o.s.w.s.m.m.a.ExceptionHandlerExceptionResolver - Resolved [org.springframework.web.HttpRequestMethodNotSupportedException: Request method 'GET' is not supported]
2026-05-13 17:05:49.338 WARN  [http-nio-8080-exec-7] o.s.web.servlet.PageNotFound - No mapping for GET /api/leave-encashment-requests
2026-05-13 17:05:49.338 WARN  [http-nio-8080-exec-8] o.s.w.s.m.m.a.ExceptionHandlerExceptionResolver - Resolved [org.springframework.web.HttpRequestMethodNotSupportedException: Request method 'GET' is not supported]
2026-05-13 17:05:49.339 WARN  [http-nio-8080-exec-7] o.s.w.s.m.m.a.ExceptionHandlerExceptionResolver - Resolved [org.springframework.web.servlet.NoHandlerFoundException: No endpoint GET /api/leave-encashment-requests.]
2026-05-13 17:05:49.349 WARN  [http-nio-8080-exec-6] o.s.web.servlet.PageNotFound - No mapping for GET /api/leave-encashment-requests
2026-05-13 17:05:49.349 WARN  [http-nio-8080-exec-9] o.s.w.s.m.m.a.ExceptionHandlerExceptionResolver - Resolved [org.springframework.web.HttpRequestMethodNotSupportedException: Request method 'GET' is not supported]
2026-05-13 17:05:49.349 WARN  [http-nio-8080-exec-6] o.s.w.s.m.m.a.ExceptionHandlerExceptionResolver - Resolved [org.springframework.web.servlet.NoHandlerFoundException: No endpoint GET /api/leave-encashment-requests.]
2026-05-13 17:05:49.359 WARN  [http-nio-8080-exec-1] o.s.w.s.m.m.a.ExceptionHandlerExceptionResolver - Resolved [org.springframework.web.HttpRequestMethodNotSupportedException: Request method 'GET' is not supported]
2026-05-13 17:05:49.359 WARN  [http-nio-8080-exec-10] o.s.web.servlet.PageNotFound - No mapping for GET /api/leave-encashment-requests
2026-05-13 17:05:49.360 WARN  [http-nio-8080-exec-10] o.s.w.s.m.m.a.ExceptionHandlerExceptionResolver - Resolved [org.springframework.web.servlet.NoHandlerFoundException: No endpoint GET /api/leave-encashment-requests.]
2026-05-13 17:05:49.367 WARN  [http-nio-8080-exec-4] o.s.web.servlet.PageNotFound - No mapping for GET /api/leave-encashment-requests
2026-05-13 17:05:49.367 WARN  [http-nio-8080-exec-4] o.s.w.s.m.m.a.ExceptionHandlerExceptionResolver - Resolved [org.springframework.web.servlet.NoHandlerFoundException: No endpoint GET /api/leave-encashment-requests.]
2026-05-13 17:05:49.367 WARN  [http-nio-8080-exec-3] o.s.w.s.m.m.a.ExceptionHandlerExceptionResolver - Resolved [org.springframework.web.HttpRequestMethodNotSupportedException: Request method 'GET' is not supported]
2026-05-13 17:05:49.380 WARN  [http-nio-8080-exec-2] o.s.web.servlet.PageNotFound - No mapping for GET /api/leave-encashment-requests
2026-05-13 17:05:49.380 WARN  [http-nio-8080-exec-2] o.s.w.s.m.m.a.ExceptionHandlerExceptionResolver - Resolved [org.springframework.web.servlet.NoHandlerFoundException: No endpoint GET /api/leave-encashment-requests.]
2026-05-13 17:05:49.380 WARN  [http-nio-8080-exec-5] o.s.w.s.m.m.a.ExceptionHandlerExceptionResolver - Resolved [org.springframework.web.HttpRequestMethodNotSupportedException: Request method 'GET' is not supported]
2026-05-13 17:05:49.391 WARN  [http-nio-8080-exec-8] o.s.web.servlet.PageNotFound - No mapping for GET /api/leave-encashment-requests
2026-05-13 17:05:49.392 WARN  [http-nio-8080-exec-8] o.s.w.s.m.m.a.ExceptionHandlerExceptionResolver - Resolved [org.springframework.web.servlet.NoHandlerFoundException: No endpoint GET /api/leave-encashment-requests.]
2026-05-13 17:05:49.392 WARN  [http-nio-8080-exec-7] o.s.w.s.m.m.a.ExceptionHandlerExceptionResolver - Resolved [org.springframework.web.HttpRequestMethodNotSupportedException: Request method 'GET' is not supported]
2026-05-13 17:05:49.401 WARN  [http-nio-8080-exec-6] o.s.w.s.m.m.a.ExceptionHandlerExceptionResolver - Resolved [org.springframework.web.HttpRequestMethodNotSupportedException: Request method 'GET' is not supported]
2026-05-13 17:05:49.402 WARN  [http-nio-8080-exec-9] o.s.web.servlet.PageNotFound - No mapping for GET /api/leave-encashment-requests
2026-05-13 17:05:49.404 WARN  [http-nio-8080-exec-9] o.s.w.s.m.m.a.ExceptionHandlerExceptionResolver - Resolved [org.springframework.web.servlet.NoHandlerFoundException: No endpoint GET /api/leave-encashment-requests.]
2026-05-13 17:05:49.414 WARN  [http-nio-8080-exec-1] o.s.w.s.m.m.a.ExceptionHandlerExceptionResolver - Resolved [org.springframework.web.HttpRequestMethodNotSupportedException: Request method 'GET' is not supported]
2026-05-13 17:05:49.415 WARN  [http-nio-8080-exec-10] o.s.web.servlet.PageNotFound - No mapping for GET /api/leave-encashment-requests
2026-05-13 17:05:49.415 WARN  [http-nio-8080-exec-10] o.s.w.s.m.m.a.ExceptionHandlerExceptionResolver - Resolved [org.springframework.web.servlet.NoHandlerFoundException: No endpoint GET /api/leave-encashment-requests.]
2026-05-13 17:05:49.425 WARN  [http-nio-8080-exec-3] o.s.web.servlet.PageNotFound - No mapping for GET /api/leave-encashment-requests
2026-05-13 17:05:49.426 WARN  [http-nio-8080-exec-3] o.s.w.s.m.m.a.ExceptionHandlerExceptionResolver - Resolved [org.springframework.web.servlet.NoHandlerFoundException: No endpoint GET /api/leave-encashment-requests.]
2026-05-13 17:05:49.426 WARN  [http-nio-8080-exec-4] o.s.w.s.m.m.a.ExceptionHandlerExceptionResolver - Resolved [org.springframework.web.HttpRequestMethodNotSupportedException: Request method 'GET' is not supported]
2026-05-13 17:05:49.434 WARN  [http-nio-8080-exec-5] o.s.web.servlet.PageNotFound - No mapping for GET /api/leave-encashment-requests
2026-05-13 17:05:49.435 WARN  [http-nio-8080-exec-5] o.s.w.s.m.m.a.ExceptionHandlerExceptionResolver - Resolved [org.springframework.web.servlet.NoHandlerFoundException: No endpoint GET /api/leave-encashment-requests.]
2026-05-13 17:05:49.435 WARN  [http-nio-8080-exec-2] o.s.w.s.m.m.a.ExceptionHandlerExceptionResolver - Resolved [org.springframework.web.HttpRequestMethodNotSupportedException: Request method 'GET' is not supported]
2026-05-13 17:05:49.448 WARN  [http-nio-8080-exec-8] o.s.web.servlet.PageNotFound - No mapping for GET /api/leave-encashment-requests
2026-05-13 17:05:49.449 WARN  [http-nio-8080-exec-7] o.s.w.s.m.m.a.ExceptionHandlerExceptionResolver - Resolved [org.springframework.web.HttpRequestMethodNotSupportedException: Request method 'GET' is not supported]
2026-05-13 17:05:49.449 WARN  [http-nio-8080-exec-8] o.s.w.s.m.m.a.ExceptionHandlerExceptionResolver - Resolved [org.springframework.web.servlet.NoHandlerFoundException: No endpoint GET /api/leave-encashment-requests.]
2026-05-13 17:05:49.462 WARN  [http-nio-8080-exec-9] o.s.web.servlet.PageNotFound - No mapping for GET /api/leave-encashment-requests
2026-05-13 17:05:49.462 WARN  [http-nio-8080-exec-6] o.s.w.s.m.m.a.ExceptionHandlerExceptionResolver - Resolved [org.springframework.web.HttpRequestMethodNotSupportedException: Request method 'GET' is not supported]
2026-05-13 17:05:49.463 WARN  [http-nio-8080-exec-9] o.s.w.s.m.m.a.ExceptionHandlerExceptionResolver - Resolved [org.springframework.web.servlet.NoHandlerFoundException: No endpoint GET /api/leave-encashment-requests.]
2026-05-13 17:05:49.475 WARN  [http-nio-8080-exec-1] o.s.w.s.m.m.a.ExceptionHandlerExceptionResolver - Resolved [org.springframework.web.HttpRequestMethodNotSupportedException: Request method 'GET' is not supported]
2026-05-13 17:05:49.475 WARN  [http-nio-8080-exec-10] o.s.web.servlet.PageNotFound - No mapping for GET /api/leave-encashment-requests
2026-05-13 17:05:49.476 WARN  [http-nio-8080-exec-10] o.s.w.s.m.m.a.ExceptionHandlerExceptionResolver - Resolved [org.springframework.web.servlet.NoHandlerFoundException: No endpoint GET /api/leave-encashment-requests.]
2026-05-13 17:05:49.486 WARN  [http-nio-8080-exec-4] o.s.web.servlet.PageNotFound - No mapping for GET /api/leave-encashment-requests
2026-05-13 17:05:49.487 WARN  [http-nio-8080-exec-4] o.s.w.s.m.m.a.ExceptionHandlerExceptionResolver - Resolved [org.springframework.web.servlet.NoHandlerFoundException: No endpoint GET /api/leave-encashment-requests.]
2026-05-13 17:05:49.487 WARN  [http-nio-8080-exec-3] o.s.w.s.m.m.a.ExceptionHandlerExceptionResolver - Resolved [org.springframework.web.HttpRequestMethodNotSupportedException: Request method 'GET' is not supported]
2026-05-13 17:05:49.500 WARN  [http-nio-8080-exec-5] o.s.web.servlet.PageNotFound - No mapping for GET /api/leave-encashment-requests
2026-05-13 17:05:49.501 WARN  [http-nio-8080-exec-5] o.s.w.s.m.m.a.ExceptionHandlerExceptionResolver - Resolved [org.springframework.web.servlet.NoHandlerFoundException: No endpoint GET /api/leave-encashment-requests.]
2026-05-13 17:05:49.501 WARN  [http-nio-8080-exec-2] o.s.w.s.m.m.a.ExceptionHandlerExceptionResolver - Resolved [org.springframework.web.HttpRequestMethodNotSupportedException: Request method 'GET' is not supported]
2026-05-13 17:05:49.515 WARN  [http-nio-8080-exec-8] o.s.w.s.m.m.a.ExceptionHandlerExceptionResolver - Resolved [org.springframework.web.HttpRequestMethodNotSupportedException: Request method 'GET' is not supported]
2026-05-13 17:05:49.515 WARN  [http-nio-8080-exec-7] o.s.web.servlet.PageNotFound - No mapping for GET /api/leave-encashment-requests
2026-05-13 17:05:49.515 WARN  [http-nio-8080-exec-7] o.s.w.s.m.m.a.ExceptionHandlerExceptionResolver - Resolved [org.springframework.web.servlet.NoHandlerFoundException: No endpoint GET /api/leave-encashment-requests.]
2026-05-13 17:05:49.528 WARN  [http-nio-8080-exec-9] o.s.web.servlet.PageNotFound - No mapping for GET /api/leave-encashment-requests
2026-05-13 17:05:49.528 WARN  [http-nio-8080-exec-6] o.s.w.s.m.m.a.ExceptionHandlerExceptionResolver - Resolved [org.springframework.web.HttpRequestMethodNotSupportedException: Request method 'GET' is not supported]
2026-05-13 17:05:49.528 WARN  [http-nio-8080-exec-9] o.s.w.s.m.m.a.ExceptionHandlerExceptionResolver - Resolved [org.springframework.web.servlet.NoHandlerFoundException: No endpoint GET /api/leave-encashment-requests.]
2026-05-13 17:05:49.539 WARN  [http-nio-8080-exec-10] o.s.web.servlet.PageNotFound - No mapping for GET /api/leave-encashment-requests
2026-05-13 17:05:49.539 WARN  [http-nio-8080-exec-1] o.s.w.s.m.m.a.ExceptionHandlerExceptionResolver - Resolved [org.springframework.web.HttpRequestMethodNotSupportedException: Request method 'GET' is not supported]
2026-05-13 17:05:49.539 WARN  [http-nio-8080-exec-10] o.s.w.s.m.m.a.ExceptionHandlerExceptionResolver - Resolved [org.springframework.web.servlet.NoHandlerFoundException: No endpoint GET /api/leave-encashment-requests.]
2026-05-13 17:05:49.549 WARN  [http-nio-8080-exec-3] o.s.web.servlet.PageNotFound - No mapping for GET /api/leave-encashment-requests
2026-05-13 17:05:49.550 WARN  [http-nio-8080-exec-3] o.s.w.s.m.m.a.ExceptionHandlerExceptionResolver - Resolved [org.springframework.web.servlet.NoHandlerFoundException: No endpoint GET /api/leave-encashment-requests.]
2026-05-13 17:05:49.551 WARN  [http-nio-8080-exec-4] o.s.w.s.m.m.a.ExceptionHandlerExceptionResolver - Resolved [org.springframework.web.HttpRequestMethodNotSupportedException: Request method 'GET' is not supported]
2026-05-13 17:05:49.563 WARN  [http-nio-8080-exec-5] o.s.web.servlet.PageNotFound - No mapping for GET /api/leave-encashment-requests
2026-05-13 17:05:49.563 WARN  [http-nio-8080-exec-2] o.s.w.s.m.m.a.ExceptionHandlerExceptionResolver - Resolved [org.springframework.web.HttpRequestMethodNotSupportedException: Request method 'GET' is not supported]
2026-05-13 17:05:49.563 WARN  [http-nio-8080-exec-5] o.s.w.s.m.m.a.ExceptionHandlerExceptionResolver - Resolved [org.springframework.web.servlet.NoHandlerFoundException: No endpoint GET /api/leave-encashment-requests.]
2026-05-13 17:05:49.575 WARN  [http-nio-8080-exec-8] o.s.w.s.m.m.a.ExceptionHandlerExceptionResolver - Resolved [org.springframework.web.HttpRequestMethodNotSupportedException: Request method 'GET' is not supported]
2026-05-13 17:05:49.576 WARN  [http-nio-8080-exec-7] o.s.web.servlet.PageNotFound - No mapping for GET /api/leave-encashment-requests
2026-05-13 17:05:49.577 WARN  [http-nio-8080-exec-7] o.s.w.s.m.m.a.ExceptionHandlerExceptionResolver - Resolved [org.springframework.web.servlet.NoHandlerFoundException: No endpoint GET /api/leave-encashment-requests.]
2026-05-13 17:05:49.584 WARN  [http-nio-8080-exec-6] o.s.w.s.m.m.a.ExceptionHandlerExceptionResolver - Resolved [org.springframework.web.HttpRequestMethodNotSupportedException: Request method 'GET' is not supported]
2026-05-13 17:05:49.584 WARN  [http-nio-8080-exec-9] o.s.web.servlet.PageNotFound - No mapping for GET /api/leave-encashment-requests
2026-05-13 17:05:49.584 WARN  [http-nio-8080-exec-9] o.s.w.s.m.m.a.ExceptionHandlerExceptionResolver - Resolved [org.springframework.web.servlet.NoHandlerFoundException: No endpoint GET /api/leave-encashment-requests.]
2026-05-13 17:05:49.595 WARN  [http-nio-8080-exec-10] o.s.web.servlet.PageNotFound - No mapping for GET /api/leave-encashment-requests
2026-05-13 17:05:49.596 WARN  [http-nio-8080-exec-1] o.s.w.s.m.m.a.ExceptionHandlerExceptionResolver - Resolved [org.springframework.web.HttpRequestMethodNotSupportedException: Request method 'GET' is not supported]
2026-05-13 17:05:49.596 WARN  [http-nio-8080-exec-10] o.s.w.s.m.m.a.ExceptionHandlerExceptionResolver - Resolved [org.springframework.web.servlet.NoHandlerFoundException: No endpoint GET /api/leave-encashment-requests.]
2026-05-13 17:05:49.607 WARN  [http-nio-8080-exec-4] o.s.web.servlet.PageNotFound - No mapping for GET /api/leave-encashment-requests
2026-05-13 17:05:49.608 WARN  [http-nio-8080-exec-4] o.s.w.s.m.m.a.ExceptionHandlerExceptionResolver - Resolved [org.springframework.web.servlet.NoHandlerFoundException: No endpoint GET /api/leave-encashment-requests.]
2026-05-13 17:05:49.609 WARN  [http-nio-8080-exec-3] o.s.w.s.m.m.a.ExceptionHandlerExceptionResolver - Resolved [org.springframework.web.HttpRequestMethodNotSupportedException: Request method 'GET' is not supported]
2026-05-13 17:05:49.618 WARN  [http-nio-8080-exec-2] o.s.web.servlet.PageNotFound - No mapping for GET /api/leave-encashment-requests
2026-05-13 17:05:49.618 WARN  [http-nio-8080-exec-2] o.s.w.s.m.m.a.ExceptionHandlerExceptionResolver - Resolved [org.springframework.web.servlet.NoHandlerFoundException: No endpoint GET /api/leave-encashment-requests.]
2026-05-13 17:05:49.619 WARN  [http-nio-8080-exec-5] o.s.w.s.m.m.a.ExceptionHandlerExceptionResolver - Resolved [org.springframework.web.HttpRequestMethodNotSupportedException: Request method 'GET' is not supported]
2026-05-13 17:05:49.631 WARN  [http-nio-8080-exec-8] o.s.web.servlet.PageNotFound - No mapping for GET /api/leave-encashment-requests
2026-05-13 17:05:49.632 WARN  [http-nio-8080-exec-7] o.s.w.s.m.m.a.ExceptionHandlerExceptionResolver - Resolved [org.springframework.web.HttpRequestMethodNotSupportedException: Request method 'GET' is not supported]
2026-05-13 17:05:49.632 WARN  [http-nio-8080-exec-8] o.s.w.s.m.m.a.ExceptionHandlerExceptionResolver - Resolved [org.springframework.web.servlet.NoHandlerFoundException: No endpoint GET /api/leave-encashment-requests.]
2026-05-13 17:05:49.643 WARN  [http-nio-8080-exec-9] o.s.web.servlet.PageNotFound - No mapping for GET /api/leave-encashment-requests
2026-05-13 17:05:49.643 WARN  [http-nio-8080-exec-6] o.s.w.s.m.m.a.ExceptionHandlerExceptionResolver - Resolved [org.springframework.web.HttpRequestMethodNotSupportedException: Request method 'GET' is not supported]
2026-05-13 17:05:49.643 WARN  [http-nio-8080-exec-9] o.s.w.s.m.m.a.ExceptionHandlerExceptionResolver - Resolved [org.springframework.web.servlet.NoHandlerFoundException: No endpoint GET /api/leave-encashment-requests.]
2026-05-13 17:05:49.651 WARN  [http-nio-8080-exec-1] o.s.w.s.m.m.a.ExceptionHandlerExceptionResolver - Resolved [org.springframework.web.HttpRequestMethodNotSupportedException: Request method 'GET' is not supported]
2026-05-13 17:05:49.652 WARN  [http-nio-8080-exec-10] o.s.web.servlet.PageNotFound - No mapping for GET /api/leave-encashment-requests
2026-05-13 17:05:49.652 WARN  [http-nio-8080-exec-10] o.s.w.s.m.m.a.ExceptionHandlerExceptionResolver - Resolved [org.springframework.web.servlet.NoHandlerFoundException: No endpoint GET /api/leave-encashment-requests.]
2026-05-13 17:05:49.662 WARN  [http-nio-8080-exec-4] o.s.w.s.m.m.a.ExceptionHandlerExceptionResolver - Resolved [org.springframework.web.HttpRequestMethodNotSupportedException: Request method 'GET' is not supported]
2026-05-13 17:05:49.663 WARN  [http-nio-8080-exec-3] o.s.web.servlet.PageNotFound - No mapping for GET /api/leave-encashment-requests
2026-05-13 17:05:49.663 WARN  [http-nio-8080-exec-3] o.s.w.s.m.m.a.ExceptionHandlerExceptionResolver - Resolved [org.springframework.web.servlet.NoHandlerFoundException: No endpoint GET /api/leave-encashment-requests.]
2026-05-13 17:05:49.676 WARN  [http-nio-8080-exec-2] o.s.web.servlet.PageNotFound - No mapping for GET /api/leave-encashment-requests
2026-05-13 17:05:49.676 WARN  [http-nio-8080-exec-5] o.s.w.s.m.m.a.ExceptionHandlerExceptionResolver - Resolved [org.springframework.web.HttpRequestMethodNotSupportedException: Request method 'GET' is not supported]
2026-05-13 17:05:49.676 WARN  [http-nio-8080-exec-2] o.s.w.s.m.m.a.ExceptionHandlerExceptionResolver - Resolved [org.springframework.web.servlet.NoHandlerFoundException: No endpoint GET /api/leave-encashment-requests.]
2026-05-13 17:05:49.686 WARN  [http-nio-8080-exec-8] o.s.web.servlet.PageNotFound - No mapping for GET /api/leave-encashment-requests
2026-05-13 17:05:49.687 WARN  [http-nio-8080-exec-7] o.s.w.s.m.m.a.ExceptionHandlerExceptionResolver - Resolved [org.springframework.web.HttpRequestMethodNotSupportedException: Request method 'GET' is not supported]
2026-05-13 17:05:49.687 WARN  [http-nio-8080-exec-8] o.s.w.s.m.m.a.ExceptionHandlerExceptionResolver - Resolved [org.springframework.web.servlet.NoHandlerFoundException: No endpoint GET /api/leave-encashment-requests.]
2026-05-13 17:05:49.699 WARN  [http-nio-8080-exec-9] o.s.web.servlet.PageNotFound - No mapping for GET /api/leave-encashment-requests
2026-05-13 17:05:49.699 WARN  [http-nio-8080-exec-6] o.s.w.s.m.m.a.ExceptionHandlerExceptionResolver - Resolved [org.springframework.web.HttpRequestMethodNotSupportedException: Request method 'GET' is not supported]
2026-05-13 17:05:49.700 WARN  [http-nio-8080-exec-9] o.s.w.s.m.m.a.ExceptionHandlerExceptionResolver - Resolved [org.springframework.web.servlet.NoHandlerFoundException: No endpoint GET /api/leave-encashment-requests.]
2026-05-13 17:05:49.713 WARN  [http-nio-8080-exec-10] o.s.web.servlet.PageNotFound - No mapping for GET /api/leave-encashment-requests
2026-05-13 17:05:49.714 WARN  [http-nio-8080-exec-10] o.s.w.s.m.m.a.ExceptionHandlerExceptionResolver - Resolved [org.springframework.web.servlet.NoHandlerFoundException: No endpoint GET /api/leave-encashment-requests.]
2026-05-13 17:05:49.714 WARN  [http-nio-8080-exec-1] o.s.w.s.m.m.a.ExceptionHandlerExceptionResolver - Resolved [org.springframework.web.HttpRequestMethodNotSupportedException: Request method 'GET' is not supported]
2026-05-13 17:05:49.725 WARN  [http-nio-8080-exec-4] o.s.w.s.m.m.a.ExceptionHandlerExceptionResolver - Resolved [org.springframework.web.HttpRequestMethodNotSupportedException: Request method 'GET' is not supported]
2026-05-13 17:05:49.726 WARN  [http-nio-8080-exec-3] o.s.web.servlet.PageNotFound - No mapping for GET /api/leave-encashment-requests
2026-05-13 17:05:49.726 WARN  [http-nio-8080-exec-3] o.s.w.s.m.m.a.ExceptionHandlerExceptionResolver - Resolved [org.springframework.web.servlet.NoHandlerFoundException: No endpoint GET /api/leave-encashment-requests.]
2026-05-13 17:05:49.735 WARN  [http-nio-8080-exec-5] o.s.web.servlet.PageNotFound - No mapping for GET /api/leave-encashment-requests
2026-05-13 17:05:49.735 WARN  [http-nio-8080-exec-5] o.s.w.s.m.m.a.ExceptionHandlerExceptionResolver - Resolved [org.springframework.web.servlet.NoHandlerFoundException: No endpoint GET /api/leave-encashment-requests.]
2026-05-13 17:05:49.735 WARN  [http-nio-8080-exec-2] o.s.w.s.m.m.a.ExceptionHandlerExceptionResolver - Resolved [org.springframework.web.HttpRequestMethodNotSupportedException: Request method 'GET' is not supported]
2026-05-13 17:05:49.745 WARN  [http-nio-8080-exec-8] o.s.web.servlet.PageNotFound - No mapping for GET /api/leave-encashment-requests
2026-05-13 17:05:49.745 WARN  [http-nio-8080-exec-8] o.s.w.s.m.m.a.ExceptionHandlerExceptionResolver - Resolved [org.springframework.web.servlet.NoHandlerFoundException: No endpoint GET /api/leave-encashment-requests.]
2026-05-13 17:05:49.746 WARN  [http-nio-8080-exec-7] o.s.w.s.m.m.a.ExceptionHandlerExceptionResolver - Resolved [org.springframework.web.HttpRequestMethodNotSupportedException: Request method 'GET' is not supported]
2026-05-13 17:05:49.755 WARN  [http-nio-8080-exec-6] o.s.web.servlet.PageNotFound - No mapping for GET /api/leave-encashment-requests
2026-05-13 17:05:49.756 WARN  [http-nio-8080-exec-6] o.s.w.s.m.m.a.ExceptionHandlerExceptionResolver - Resolved [org.springframework.web.servlet.NoHandlerFoundException: No endpoint GET /api/leave-encashment-requests.]
2026-05-13 17:05:49.757 WARN  [http-nio-8080-exec-9] o.s.w.s.m.m.a.ExceptionHandlerExceptionResolver - Resolved [org.springframework.web.HttpRequestMethodNotSupportedException: Request method 'GET' is not supported]
2026-05-13 17:05:49.765 WARN  [http-nio-8080-exec-10] o.s.web.servlet.PageNotFound - No mapping for GET /api/leave-encashment-requests
2026-05-13 17:05:49.766 WARN  [http-nio-8080-exec-1] o.s.w.s.m.m.a.ExceptionHandlerExceptionResolver - Resolved [org.springframework.web.HttpRequestMethodNotSupportedException: Request method 'GET' is not supported]
2026-05-13 17:05:49.766 WARN  [http-nio-8080-exec-10] o.s.w.s.m.m.a.ExceptionHandlerExceptionResolver - Resolved [org.springframework.web.servlet.NoHandlerFoundException: No endpoint GET /api/leave-encashment-requests.]
2026-05-13 17:05:49.776 WARN  [http-nio-8080-exec-3] o.s.web.servlet.PageNotFound - No mapping for GET /api/leave-encashment-requests
2026-05-13 17:05:49.777 WARN  [http-nio-8080-exec-3] o.s.w.s.m.m.a.ExceptionHandlerExceptionResolver - Resolved [org.springframework.web.servlet.NoHandlerFoundException: No endpoint GET /api/leave-encashment-requests.]
2026-05-13 17:05:49.778 WARN  [http-nio-8080-exec-4] o.s.w.s.m.m.a.ExceptionHandlerExceptionResolver - Resolved [org.springframework.web.HttpRequestMethodNotSupportedException: Request method 'GET' is not supported]
2026-05-13 17:05:49.787 WARN  [http-nio-8080-exec-5] o.s.web.servlet.PageNotFound - No mapping for GET /api/leave-encashment-requests
2026-05-13 17:05:49.787 WARN  [http-nio-8080-exec-5] o.s.w.s.m.m.a.ExceptionHandlerExceptionResolver - Resolved [org.springframework.web.servlet.NoHandlerFoundException: No endpoint GET /api/leave-encashment-requests.]
2026-05-13 17:05:49.788 WARN  [http-nio-8080-exec-2] o.s.w.s.m.m.a.ExceptionHandlerExceptionResolver - Resolved [org.springframework.web.HttpRequestMethodNotSupportedException: Request method 'GET' is not supported]
2026-05-13 17:05:49.798 WARN  [http-nio-8080-exec-7] o.s.w.s.m.m.a.ExceptionHandlerExceptionResolver - Resolved [org.springframework.web.HttpRequestMethodNotSupportedException: Request method 'GET' is not supported]
2026-05-13 17:05:49.799 WARN  [http-nio-8080-exec-8] o.s.web.servlet.PageNotFound - No mapping for GET /api/leave-encashment-requests
2026-05-13 17:05:49.799 WARN  [http-nio-8080-exec-8] o.s.w.s.m.m.a.ExceptionHandlerExceptionResolver - Resolved [org.springframework.web.servlet.NoHandlerFoundException: No endpoint GET /api/leave-encashment-requests.]
2026-05-13 17:05:49.808 WARN  [http-nio-8080-exec-6] o.s.web.servlet.PageNotFound - No mapping for GET /api/leave-encashment-requests
2026-05-13 17:05:49.809 WARN  [http-nio-8080-exec-6] o.s.w.s.m.m.a.ExceptionHandlerExceptionResolver - Resolved [org.springframework.web.servlet.NoHandlerFoundException: No endpoint GET /api/leave-encashment-requests.]
2026-05-13 17:05:49.809 WARN  [http-nio-8080-exec-9] o.s.w.s.m.m.a.ExceptionHandlerExceptionResolver - Resolved [org.springframework.web.HttpRequestMethodNotSupportedException: Request method 'GET' is not supported]
2026-05-13 17:05:49.826 WARN  [http-nio-8080-exec-1] o.s.web.servlet.PageNotFound - No mapping for GET /api/leave-encashment-requests
2026-05-13 17:05:49.826 WARN  [http-nio-8080-exec-1] o.s.w.s.m.m.a.ExceptionHandlerExceptionResolver - Resolved [org.springframework.web.servlet.NoHandlerFoundException: No endpoint GET /api/leave-encashment-requests.]
2026-05-13 17:05:49.828 WARN  [http-nio-8080-exec-10] o.s.w.s.m.m.a.ExceptionHandlerExceptionResolver - Resolved [org.springframework.web.HttpRequestMethodNotSupportedException: Request method 'GET' is not supported]
2026-05-13 17:05:49.836 WARN  [http-nio-8080-exec-3] o.s.web.servlet.PageNotFound - No mapping for GET /api/leave-encashment-requests
2026-05-13 17:05:49.837 WARN  [http-nio-8080-exec-3] o.s.w.s.m.m.a.ExceptionHandlerExceptionResolver - Resolved [org.springframework.web.servlet.NoHandlerFoundException: No endpoint GET /api/leave-encashment-requests.]
2026-05-13 17:05:49.838 WARN  [http-nio-8080-exec-4] o.s.w.s.m.m.a.ExceptionHandlerExceptionResolver - Resolved [org.springframework.web.HttpRequestMethodNotSupportedException: Request method 'GET' is not supported]
2026-05-13 17:05:49.848 WARN  [http-nio-8080-exec-2] o.s.w.s.m.m.a.ExceptionHandlerExceptionResolver - Resolved [org.springframework.web.HttpRequestMethodNotSupportedException: Request method 'GET' is not supported]
2026-05-13 17:05:49.848 WARN  [http-nio-8080-exec-5] o.s.web.servlet.PageNotFound - No mapping for GET /api/leave-encashment-requests
2026-05-13 17:05:49.848 WARN  [http-nio-8080-exec-5] o.s.w.s.m.m.a.ExceptionHandlerExceptionResolver - Resolved [org.springframework.web.servlet.NoHandlerFoundException: No endpoint GET /api/leave-encashment-requests.]
2026-05-13 17:05:49.860 WARN  [http-nio-8080-exec-7] o.s.web.servlet.PageNotFound - No mapping for GET /api/leave-encashment-requests
2026-05-13 17:05:49.860 WARN  [http-nio-8080-exec-7] o.s.w.s.m.m.a.ExceptionHandlerExceptionResolver - Resolved [org.springframework.web.servlet.NoHandlerFoundException: No endpoint GET /api/leave-encashment-requests.]
2026-05-13 17:05:49.862 WARN  [http-nio-8080-exec-8] o.s.w.s.m.m.a.ExceptionHandlerExceptionResolver - Resolved [org.springframework.web.HttpRequestMethodNotSupportedException: Request method 'GET' is not supported]
2026-05-13 17:05:49.875 WARN  [http-nio-8080-exec-6] o.s.web.servlet.PageNotFound - No mapping for GET /api/leave-encashment-requests
2026-05-13 17:05:49.875 WARN  [http-nio-8080-exec-6] o.s.w.s.m.m.a.ExceptionHandlerExceptionResolver - Resolved [org.springframework.web.servlet.NoHandlerFoundException: No endpoint GET /api/leave-encashment-requests.]
2026-05-13 17:05:49.875 WARN  [http-nio-8080-exec-9] o.s.w.s.m.m.a.ExceptionHandlerExceptionResolver - Resolved [org.springframework.web.HttpRequestMethodNotSupportedException: Request method 'GET' is not supported]
2026-05-13 17:05:49.883 WARN  [http-nio-8080-exec-1] o.s.web.servlet.PageNotFound - No mapping for GET /api/leave-encashment-requests
2026-05-13 17:05:49.884 WARN  [http-nio-8080-exec-1] o.s.w.s.m.m.a.ExceptionHandlerExceptionResolver - Resolved [org.springframework.web.servlet.NoHandlerFoundException: No endpoint GET /api/leave-encashment-requests.]
2026-05-13 17:05:49.884 WARN  [http-nio-8080-exec-10] o.s.w.s.m.m.a.ExceptionHandlerExceptionResolver - Resolved [org.springframework.web.HttpRequestMethodNotSupportedException: Request method 'GET' is not supported]
2026-05-13 17:05:49.896 WARN  [http-nio-8080-exec-3] o.s.web.servlet.PageNotFound - No mapping for GET /api/leave-encashment-requests
2026-05-13 17:05:49.896 WARN  [http-nio-8080-exec-4] o.s.w.s.m.m.a.ExceptionHandlerExceptionResolver - Resolved [org.springframework.web.HttpRequestMethodNotSupportedException: Request method 'GET' is not supported]
2026-05-13 17:05:49.897 WARN  [http-nio-8080-exec-3] o.s.w.s.m.m.a.ExceptionHandlerExceptionResolver - Resolved [org.springframework.web.servlet.NoHandlerFoundException: No endpoint GET /api/leave-encashment-requests.]
2026-05-13 17:05:49.908 WARN  [http-nio-8080-exec-5] o.s.web.servlet.PageNotFound - No mapping for GET /api/leave-encashment-requests
2026-05-13 17:05:49.909 WARN  [http-nio-8080-exec-5] o.s.w.s.m.m.a.ExceptionHandlerExceptionResolver - Resolved [org.springframework.web.servlet.NoHandlerFoundException: No endpoint GET /api/leave-encashment-requests.]
2026-05-13 17:05:49.910 WARN  [http-nio-8080-exec-2] o.s.w.s.m.m.a.ExceptionHandlerExceptionResolver - Resolved [org.springframework.web.HttpRequestMethodNotSupportedException: Request method 'GET' is not supported]
2026-05-13 17:05:49.918 WARN  [http-nio-8080-exec-7] o.s.web.servlet.PageNotFound - No mapping for GET /api/leave-encashment-requests
2026-05-13 17:05:49.919 WARN  [http-nio-8080-exec-7] o.s.w.s.m.m.a.ExceptionHandlerExceptionResolver - Resolved [org.springframework.web.servlet.NoHandlerFoundException: No endpoint GET /api/leave-encashment-requests.]
2026-05-13 17:05:49.919 WARN  [http-nio-8080-exec-8] o.s.w.s.m.m.a.ExceptionHandlerExceptionResolver - Resolved [org.springframework.web.HttpRequestMethodNotSupportedException: Request method 'GET' is not supported]
2026-05-13 17:05:49.930 WARN  [http-nio-8080-exec-6] o.s.web.servlet.PageNotFound - No mapping for GET /api/leave-encashment-requests
2026-05-13 17:05:49.931 WARN  [http-nio-8080-exec-9] o.s.w.s.m.m.a.ExceptionHandlerExceptionResolver - Resolved [org.springframework.web.HttpRequestMethodNotSupportedException: Request method 'GET' is not supported]
2026-05-13 17:05:49.931 WARN  [http-nio-8080-exec-6] o.s.w.s.m.m.a.ExceptionHandlerExceptionResolver - Resolved [org.springframework.web.servlet.NoHandlerFoundException: No endpoint GET /api/leave-encashment-requests.]
2026-05-13 17:05:49.941 WARN  [http-nio-8080-exec-10] o.s.web.servlet.PageNotFound - No mapping for GET /api/leave-encashment-requests
2026-05-13 17:05:49.942 WARN  [http-nio-8080-exec-10] o.s.w.s.m.m.a.ExceptionHandlerExceptionResolver - Resolved [org.springframework.web.servlet.NoHandlerFoundException: No endpoint GET /api/leave-encashment-requests.]
2026-05-13 17:05:49.942 WARN  [http-nio-8080-exec-1] o.s.w.s.m.m.a.ExceptionHandlerExceptionResolver - Resolved [org.springframework.web.HttpRequestMethodNotSupportedException: Request method 'GET' is not supported]
2026-05-13 17:05:49.952 WARN  [http-nio-8080-exec-4] o.s.web.servlet.PageNotFound - No mapping for GET /api/leave-encashment-requests
2026-05-13 17:05:49.953 WARN  [http-nio-8080-exec-3] o.s.w.s.m.m.a.ExceptionHandlerExceptionResolver - Resolved [org.springframework.web.HttpRequestMethodNotSupportedException: Request method 'GET' is not supported]
2026-05-13 17:05:49.953 WARN  [http-nio-8080-exec-4] o.s.w.s.m.m.a.ExceptionHandlerExceptionResolver - Resolved [org.springframework.web.servlet.NoHandlerFoundException: No endpoint GET /api/leave-encashment-requests.]
2026-05-13 17:05:49.966 WARN  [http-nio-8080-exec-5] o.s.web.servlet.PageNotFound - No mapping for GET /api/leave-encashment-requests
2026-05-13 17:05:49.966 WARN  [http-nio-8080-exec-2] o.s.w.s.m.m.a.ExceptionHandlerExceptionResolver - Resolved [org.springframework.web.HttpRequestMethodNotSupportedException: Request method 'GET' is not supported]
2026-05-13 17:05:49.966 WARN  [http-nio-8080-exec-5] o.s.w.s.m.m.a.ExceptionHandlerExceptionResolver - Resolved [org.springframework.web.servlet.NoHandlerFoundException: No endpoint GET /api/leave-encashment-requests.]
2026-05-13 17:05:49.976 WARN  [http-nio-8080-exec-8] o.s.web.servlet.PageNotFound - No mapping for GET /api/leave-encashment-requests
2026-05-13 17:05:49.977 WARN  [http-nio-8080-exec-8] o.s.w.s.m.m.a.ExceptionHandlerExceptionResolver - Resolved [org.springframework.web.servlet.NoHandlerFoundException: No endpoint GET /api/leave-encashment-requests.]
2026-05-13 17:05:49.977 WARN  [http-nio-8080-exec-7] o.s.w.s.m.m.a.ExceptionHandlerExceptionResolver - Resolved [org.springframework.web.HttpRequestMethodNotSupportedException: Request method 'GET' is not supported]
2026-05-13 17:05:49.994 WARN  [http-nio-8080-exec-6] o.s.w.s.m.m.a.ExceptionHandlerExceptionResolver - Resolved [org.springframework.web.HttpRequestMethodNotSupportedException: Request method 'GET' is not supported]
2026-05-13 17:05:49.995 WARN  [http-nio-8080-exec-9] o.s.web.servlet.PageNotFound - No mapping for GET /api/leave-encashment-requests
2026-05-13 17:05:49.995 WARN  [http-nio-8080-exec-9] o.s.w.s.m.m.a.ExceptionHandlerExceptionResolver - Resolved [org.springframework.web.servlet.NoHandlerFoundException: No endpoint GET /api/leave-encashment-requests.]
2026-05-13 17:05:50.007 WARN  [http-nio-8080-exec-1] o.s.web.servlet.PageNotFound - No mapping for GET /api/leave-encashment-requests
2026-05-13 17:05:50.008 WARN  [http-nio-8080-exec-1] o.s.w.s.m.m.a.ExceptionHandlerExceptionResolver - Resolved [org.springframework.web.servlet.NoHandlerFoundException: No endpoint GET /api/leave-encashment-requests.]
2026-05-13 17:05:50.008 WARN  [http-nio-8080-exec-10] o.s.w.s.m.m.a.ExceptionHandlerExceptionResolver - Resolved [org.springframework.web.HttpRequestMethodNotSupportedException: Request method 'GET' is not supported]
2026-05-13 17:05:50.017 WARN  [http-nio-8080-exec-3] o.s.web.servlet.PageNotFound - No mapping for GET /api/leave-encashment-requests
2026-05-13 17:05:50.018 WARN  [http-nio-8080-exec-3] o.s.w.s.m.m.a.ExceptionHandlerExceptionResolver - Resolved [org.springframework.web.servlet.NoHandlerFoundException: No endpoint GET /api/leave-encashment-requests.]
2026-05-13 17:05:50.018 WARN  [http-nio-8080-exec-4] o.s.w.s.m.m.a.ExceptionHandlerExceptionResolver - Resolved [org.springframework.web.HttpRequestMethodNotSupportedException: Request method 'GET' is not supported]
2026-05-13 17:05:50.033 WARN  [http-nio-8080-exec-2] o.s.web.servlet.PageNotFound - No mapping for GET /api/leave-encashment-requests
2026-05-13 17:05:50.034 WARN  [http-nio-8080-exec-2] o.s.w.s.m.m.a.ExceptionHandlerExceptionResolver - Resolved [org.springframework.web.servlet.NoHandlerFoundException: No endpoint GET /api/leave-encashment-requests.]
2026-05-13 17:05:50.034 WARN  [http-nio-8080-exec-5] o.s.w.s.m.m.a.ExceptionHandlerExceptionResolver - Resolved [org.springframework.web.HttpRequestMethodNotSupportedException: Request method 'GET' is not supported]
2026-05-13 17:05:50.046 WARN  [http-nio-8080-exec-8] o.s.web.servlet.PageNotFound - No mapping for GET /api/leave-encashment-requests
2026-05-13 17:05:50.047 WARN  [http-nio-8080-exec-8] o.s.w.s.m.m.a.ExceptionHandlerExceptionResolver - Resolved [org.springframework.web.servlet.NoHandlerFoundException: No endpoint GET /api/leave-encashment-requests.]
2026-05-13 17:05:50.047 WARN  [http-nio-8080-exec-7] o.s.w.s.m.m.a.ExceptionHandlerExceptionResolver - Resolved [org.springframework.web.HttpRequestMethodNotSupportedException: Request method 'GET' is not supported]
2026-05-13 17:05:50.067 WARN  [http-nio-8080-exec-6] o.s.web.servlet.PageNotFound - No mapping for GET /api/leave-encashment-requests
2026-05-13 17:05:50.067 WARN  [http-nio-8080-exec-6] o.s.w.s.m.m.a.ExceptionHandlerExceptionResolver - Resolved [org.springframework.web.servlet.NoHandlerFoundException: No endpoint GET /api/leave-encashment-requests.]
2026-05-13 17:05:50.069 WARN  [http-nio-8080-exec-9] o.s.w.s.m.m.a.ExceptionHandlerExceptionResolver - Resolved [org.springframework.web.HttpRequestMethodNotSupportedException: Request method 'GET' is not supported]
2026-05-13 17:05:50.081 WARN  [http-nio-8080-exec-1] o.s.web.servlet.PageNotFound - No mapping for GET /api/leave-encashment-requests
2026-05-13 17:05:50.081 WARN  [http-nio-8080-exec-10] o.s.w.s.m.m.a.ExceptionHandlerExceptionResolver - Resolved [org.springframework.web.HttpRequestMethodNotSupportedException: Request method 'GET' is not supported]
2026-05-13 17:05:50.082 WARN  [http-nio-8080-exec-1] o.s.w.s.m.m.a.ExceptionHandlerExceptionResolver - Resolved [org.springframework.web.servlet.NoHandlerFoundException: No endpoint GET /api/leave-encashment-requests.]
2026-05-13 17:05:50.097 WARN  [http-nio-8080-exec-3] o.s.web.servlet.PageNotFound - No mapping for GET /api/leave-encashment-requests
2026-05-13 17:05:50.097 WARN  [http-nio-8080-exec-4] o.s.w.s.m.m.a.ExceptionHandlerExceptionResolver - Resolved [org.springframework.web.HttpRequestMethodNotSupportedException: Request method 'GET' is not supported]
2026-05-13 17:05:50.097 WARN  [http-nio-8080-exec-3] o.s.w.s.m.m.a.ExceptionHandlerExceptionResolver - Resolved [org.springframework.web.servlet.NoHandlerFoundException: No endpoint GET /api/leave-encashment-requests.]
2026-05-13 17:05:50.114 WARN  [http-nio-8080-exec-5] o.s.web.servlet.PageNotFound - No mapping for GET /api/leave-encashment-requests
2026-05-13 17:05:50.114 WARN  [http-nio-8080-exec-2] o.s.w.s.m.m.a.ExceptionHandlerExceptionResolver - Resolved [org.springframework.web.HttpRequestMethodNotSupportedException: Request method 'GET' is not supported]
2026-05-13 17:05:50.115 WARN  [http-nio-8080-exec-5] o.s.w.s.m.m.a.ExceptionHandlerExceptionResolver - Resolved [org.springframework.web.servlet.NoHandlerFoundException: No endpoint GET /api/leave-encashment-requests.]
2026-05-13 17:05:50.126 WARN  [http-nio-8080-exec-8] o.s.web.servlet.PageNotFound - No mapping for GET /api/leave-encashment-requests
2026-05-13 17:05:50.127 WARN  [http-nio-8080-exec-8] o.s.w.s.m.m.a.ExceptionHandlerExceptionResolver - Resolved [org.springframework.web.servlet.NoHandlerFoundException: No endpoint GET /api/leave-encashment-requests.]
2026-05-13 17:05:50.127 WARN  [http-nio-8080-exec-7] o.s.w.s.m.m.a.ExceptionHandlerExceptionResolver - Resolved [org.springframework.web.HttpRequestMethodNotSupportedException: Request method 'GET' is not supported]
2026-05-13 17:05:50.143 WARN  [http-nio-8080-exec-6] o.s.web.servlet.PageNotFound - No mapping for GET /api/leave-encashment-requests
2026-05-13 17:05:50.144 WARN  [http-nio-8080-exec-9] o.s.w.s.m.m.a.ExceptionHandlerExceptionResolver - Resolved [org.springframework.web.HttpRequestMethodNotSupportedException: Request method 'GET' is not supported]
2026-05-13 17:05:50.144 WARN  [http-nio-8080-exec-6] o.s.w.s.m.m.a.ExceptionHandlerExceptionResolver - Resolved [org.springframework.web.servlet.NoHandlerFoundException: No endpoint GET /api/leave-encashment-requests.]
2026-05-13 17:05:50.154 WARN  [http-nio-8080-exec-1] o.s.web.servlet.PageNotFound - No mapping for GET /api/leave-encashment-requests
2026-05-13 17:05:50.155 WARN  [http-nio-8080-exec-1] o.s.w.s.m.m.a.ExceptionHandlerExceptionResolver - Resolved [org.springframework.web.servlet.NoHandlerFoundException: No endpoint GET /api/leave-encashment-requests.]
2026-05-13 17:05:50.156 WARN  [http-nio-8080-exec-10] o.s.w.s.m.m.a.ExceptionHandlerExceptionResolver - Resolved [org.springframework.web.HttpRequestMethodNotSupportedException: Request method 'GET' is not supported]
2026-05-13 17:05:50.170 WARN  [http-nio-8080-exec-4] o.s.web.servlet.PageNotFound - No mapping for GET /api/leave-encashment-requests
2026-05-13 17:05:50.170 WARN  [http-nio-8080-exec-3] o.s.w.s.m.m.a.ExceptionHandlerExceptionResolver - Resolved [org.springframework.web.HttpRequestMethodNotSupportedException: Request method 'GET' is not supported]
2026-05-13 17:05:50.171 WARN  [http-nio-8080-exec-4] o.s.w.s.m.m.a.ExceptionHandlerExceptionResolver - Resolved [org.springframework.web.servlet.NoHandlerFoundException: No endpoint GET /api/leave-encashment-requests.]
2026-05-13 17:05:50.183 WARN  [http-nio-8080-exec-5] o.s.web.servlet.PageNotFound - No mapping for GET /api/leave-encashment-requests
2026-05-13 17:05:50.184 WARN  [http-nio-8080-exec-5] o.s.w.s.m.m.a.ExceptionHandlerExceptionResolver - Resolved [org.springframework.web.servlet.NoHandlerFoundException: No endpoint GET /api/leave-encashment-requests.]
2026-05-13 17:05:50.184 WARN  [http-nio-8080-exec-2] o.s.w.s.m.m.a.ExceptionHandlerExceptionResolver - Resolved [org.springframework.web.HttpRequestMethodNotSupportedException: Request method 'GET' is not supported]
2026-05-13 17:05:50.194 WARN  [http-nio-8080-exec-8] o.s.web.servlet.PageNotFound - No mapping for GET /api/leave-encashment-requests
2026-05-13 17:05:50.195 WARN  [http-nio-8080-exec-8] o.s.w.s.m.m.a.ExceptionHandlerExceptionResolver - Resolved [org.springframework.web.servlet.NoHandlerFoundException: No endpoint GET /api/leave-encashment-requests.]
2026-05-13 17:05:50.196 WARN  [http-nio-8080-exec-7] o.s.w.s.m.m.a.ExceptionHandlerExceptionResolver - Resolved [org.springframework.web.HttpRequestMethodNotSupportedException: Request method 'GET' is not supported]
2026-05-13 17:05:50.210 WARN  [http-nio-8080-exec-6] o.s.web.servlet.PageNotFound - No mapping for GET /api/leave-encashment-requests
2026-05-13 17:05:50.211 WARN  [http-nio-8080-exec-6] o.s.w.s.m.m.a.ExceptionHandlerExceptionResolver - Resolved [org.springframework.web.servlet.NoHandlerFoundException: No endpoint GET /api/leave-encashment-requests.]
2026-05-13 17:05:50.212 WARN  [http-nio-8080-exec-9] o.s.w.s.m.m.a.ExceptionHandlerExceptionResolver - Resolved [org.springframework.web.HttpRequestMethodNotSupportedException: Request method 'GET' is not supported]
2026-05-13 17:05:50.225 WARN  [http-nio-8080-exec-1] o.s.web.servlet.PageNotFound - No mapping for GET /api/leave-encashment-requests
2026-05-13 17:05:50.225 WARN  [http-nio-8080-exec-1] o.s.w.s.m.m.a.ExceptionHandlerExceptionResolver - Resolved [org.springframework.web.servlet.NoHandlerFoundException: No endpoint GET /api/leave-encashment-requests.]
2026-05-13 17:05:50.225 WARN  [http-nio-8080-exec-10] o.s.w.s.m.m.a.ExceptionHandlerExceptionResolver - Resolved [org.springframework.web.HttpRequestMethodNotSupportedException: Request method 'GET' is not supported]
2026-05-13 17:05:50.234 WARN  [http-nio-8080-exec-3] o.s.web.servlet.PageNotFound - No mapping for GET /api/leave-encashment-requests
2026-05-13 17:05:50.235 WARN  [http-nio-8080-exec-3] o.s.w.s.m.m.a.ExceptionHandlerExceptionResolver - Resolved [org.springframework.web.servlet.NoHandlerFoundException: No endpoint GET /api/leave-encashment-requests.]
2026-05-13 17:05:50.236 WARN  [http-nio-8080-exec-4] o.s.w.s.m.m.a.ExceptionHandlerExceptionResolver - Resolved [org.springframework.web.HttpRequestMethodNotSupportedException: Request method 'GET' is not supported]
2026-05-13 17:05:50.249 WARN  [http-nio-8080-exec-5] o.s.web.servlet.PageNotFound - No mapping for GET /api/leave-encashment-requests
2026-05-13 17:05:50.250 WARN  [http-nio-8080-exec-2] o.s.w.s.m.m.a.ExceptionHandlerExceptionResolver - Resolved [org.springframework.web.HttpRequestMethodNotSupportedException: Request method 'GET' is not supported]
2026-05-13 17:05:50.250 WARN  [http-nio-8080-exec-5] o.s.w.s.m.m.a.ExceptionHandlerExceptionResolver - Resolved [org.springframework.web.servlet.NoHandlerFoundException: No endpoint GET /api/leave-encashment-requests.]
2026-05-13 17:05:50.273 WARN  [http-nio-8080-exec-8] o.s.web.servlet.PageNotFound - No mapping for GET /api/leave-encashment-requests
2026-05-13 17:05:50.274 WARN  [http-nio-8080-exec-7] o.s.w.s.m.m.a.ExceptionHandlerExceptionResolver - Resolved [org.springframework.web.HttpRequestMethodNotSupportedException: Request method 'GET' is not supported]
2026-05-13 17:05:50.274 WARN  [http-nio-8080-exec-8] o.s.w.s.m.m.a.ExceptionHandlerExceptionResolver - Resolved [org.springframework.web.servlet.NoHandlerFoundException: No endpoint GET /api/leave-encashment-requests.]
2026-05-13 17:05:50.294 WARN  [http-nio-8080-exec-9] o.s.w.s.m.m.a.ExceptionHandlerExceptionResolver - Resolved [org.springframework.web.HttpRequestMethodNotSupportedException: Request method 'GET' is not supported]
2026-05-13 17:05:50.294 WARN  [http-nio-8080-exec-6] o.s.web.servlet.PageNotFound - No mapping for GET /api/leave-encashment-requests
2026-05-13 17:05:50.295 WARN  [http-nio-8080-exec-6] o.s.w.s.m.m.a.ExceptionHandlerExceptionResolver - Resolved [org.springframework.web.servlet.NoHandlerFoundException: No endpoint GET /api/leave-encashment-requests.]
2026-05-13 17:05:50.310 WARN  [http-nio-8080-exec-1] o.s.web.servlet.PageNotFound - No mapping for GET /api/leave-encashment-requests
2026-05-13 17:05:50.311 WARN  [http-nio-8080-exec-1] o.s.w.s.m.m.a.ExceptionHandlerExceptionResolver - Resolved [org.springframework.web.servlet.NoHandlerFoundException: No endpoint GET /api/leave-encashment-requests.]
2026-05-13 17:05:50.314 WARN  [http-nio-8080-exec-10] o.s.w.s.m.m.a.ExceptionHandlerExceptionResolver - Resolved [org.springframework.web.HttpRequestMethodNotSupportedException: Request method 'GET' is not supported]
2026-05-13 17:05:50.326 WARN  [http-nio-8080-exec-4] o.s.w.s.m.m.a.ExceptionHandlerExceptionResolver - Resolved [org.springframework.web.HttpRequestMethodNotSupportedException: Request method 'GET' is not supported]
2026-05-13 17:05:50.327 WARN  [http-nio-8080-exec-3] o.s.web.servlet.PageNotFound - No mapping for GET /api/leave-encashment-requests
2026-05-13 17:05:50.327 WARN  [http-nio-8080-exec-3] o.s.w.s.m.m.a.ExceptionHandlerExceptionResolver - Resolved [org.springframework.web.servlet.NoHandlerFoundException: No endpoint GET /api/leave-encashment-requests.]
2026-05-13 17:05:50.352 WARN  [http-nio-8080-exec-2] o.s.web.servlet.PageNotFound - No mapping for GET /api/leave-encashment-requests
2026-05-13 17:05:50.353 WARN  [http-nio-8080-exec-5] o.s.w.s.m.m.a.ExceptionHandlerExceptionResolver - Resolved [org.springframework.web.HttpRequestMethodNotSupportedException: Request method 'GET' is not supported]
2026-05-13 17:05:50.353 WARN  [http-nio-8080-exec-2] o.s.w.s.m.m.a.ExceptionHandlerExceptionResolver - Resolved [org.springframework.web.servlet.NoHandlerFoundException: No endpoint GET /api/leave-encashment-requests.]
2026-05-13 17:05:50.379 WARN  [http-nio-8080-exec-7] o.s.web.servlet.PageNotFound - No mapping for GET /api/leave-encashment-requests
2026-05-13 17:05:50.379 WARN  [http-nio-8080-exec-8] o.s.w.s.m.m.a.ExceptionHandlerExceptionResolver - Resolved [org.springframework.web.HttpRequestMethodNotSupportedException: Request method 'GET' is not supported]
2026-05-13 17:05:50.379 WARN  [http-nio-8080-exec-7] o.s.w.s.m.m.a.ExceptionHandlerExceptionResolver - Resolved [org.springframework.web.servlet.NoHandlerFoundException: No endpoint GET /api/leave-encashment-requests.]
2026-05-13 17:05:50.422 WARN  [http-nio-8080-exec-9] o.s.web.servlet.PageNotFound - No mapping for GET /api/leave-encashment-requests
2026-05-13 17:05:50.424 WARN  [http-nio-8080-exec-6] o.s.w.s.m.m.a.ExceptionHandlerExceptionResolver - Resolved [org.springframework.web.HttpRequestMethodNotSupportedException: Request method 'GET' is not supported]
2026-05-13 17:05:50.424 WARN  [http-nio-8080-exec-9] o.s.w.s.m.m.a.ExceptionHandlerExceptionResolver - Resolved [org.springframework.web.servlet.NoHandlerFoundException: No endpoint GET /api/leave-encashment-requests.]
2026-05-13 17:05:50.439 WARN  [http-nio-8080-exec-1] o.s.w.s.m.m.a.ExceptionHandlerExceptionResolver - Resolved [org.springframework.web.HttpRequestMethodNotSupportedException: Request method 'GET' is not supported]
2026-05-13 17:05:50.439 WARN  [http-nio-8080-exec-10] o.s.web.servlet.PageNotFound - No mapping for GET /api/leave-encashment-requests
2026-05-13 17:05:50.440 WARN  [http-nio-8080-exec-10] o.s.w.s.m.m.a.ExceptionHandlerExceptionResolver - Resolved [org.springframework.web.servlet.NoHandlerFoundException: No endpoint GET /api/leave-encashment-requests.]
2026-05-13 17:05:50.456 WARN  [http-nio-8080-exec-4] o.s.web.servlet.PageNotFound - No mapping for GET /api/leave-encashment-requests
2026-05-13 17:05:50.457 WARN  [http-nio-8080-exec-3] o.s.w.s.m.m.a.ExceptionHandlerExceptionResolver - Resolved [org.springframework.web.HttpRequestMethodNotSupportedException: Request method 'GET' is not supported]
2026-05-13 17:05:50.457 WARN  [http-nio-8080-exec-4] o.s.w.s.m.m.a.ExceptionHandlerExceptionResolver - Resolved [org.springframework.web.servlet.NoHandlerFoundException: No endpoint GET /api/leave-encashment-requests.]
2026-05-13 17:05:50.471 WARN  [http-nio-8080-exec-5] o.s.web.servlet.PageNotFound - No mapping for GET /api/leave-encashment-requests
2026-05-13 17:05:50.472 WARN  [http-nio-8080-exec-5] o.s.w.s.m.m.a.ExceptionHandlerExceptionResolver - Resolved [org.springframework.web.servlet.NoHandlerFoundException: No endpoint GET /api/leave-encashment-requests.]
2026-05-13 17:05:50.472 WARN  [http-nio-8080-exec-2] o.s.w.s.m.m.a.ExceptionHandlerExceptionResolver - Resolved [org.springframework.web.HttpRequestMethodNotSupportedException: Request method 'GET' is not supported]
2026-05-13 17:05:50.485 WARN  [http-nio-8080-exec-7] o.s.web.servlet.PageNotFound - No mapping for GET /api/leave-encashment-requests
2026-05-13 17:05:50.486 WARN  [http-nio-8080-exec-7] o.s.w.s.m.m.a.ExceptionHandlerExceptionResolver - Resolved [org.springframework.web.servlet.NoHandlerFoundException: No endpoint GET /api/leave-encashment-requests.]
2026-05-13 17:05:50.488 WARN  [http-nio-8080-exec-8] o.s.w.s.m.m.a.ExceptionHandlerExceptionResolver - Resolved [org.springframework.web.HttpRequestMethodNotSupportedException: Request method 'GET' is not supported]
2026-05-13 17:05:50.504 WARN  [http-nio-8080-exec-6] o.s.web.servlet.PageNotFound - No mapping for GET /api/leave-encashment-requests
2026-05-13 17:05:50.505 WARN  [http-nio-8080-exec-9] o.s.w.s.m.m.a.ExceptionHandlerExceptionResolver - Resolved [org.springframework.web.HttpRequestMethodNotSupportedException: Request method 'GET' is not supported]
2026-05-13 17:05:50.505 WARN  [http-nio-8080-exec-6] o.s.w.s.m.m.a.ExceptionHandlerExceptionResolver - Resolved [org.springframework.web.servlet.NoHandlerFoundException: No endpoint GET /api/leave-encashment-requests.]
2026-05-13 17:05:50.518 WARN  [http-nio-8080-exec-1] o.s.web.servlet.PageNotFound - No mapping for GET /api/leave-encashment-requests
2026-05-13 17:05:50.519 WARN  [http-nio-8080-exec-1] o.s.w.s.m.m.a.ExceptionHandlerExceptionResolver - Resolved [org.springframework.web.servlet.NoHandlerFoundException: No endpoint GET /api/leave-encashment-requests.]
2026-05-13 17:05:50.519 WARN  [http-nio-8080-exec-10] o.s.w.s.m.m.a.ExceptionHandlerExceptionResolver - Resolved [org.springframework.web.HttpRequestMethodNotSupportedException: Request method 'GET' is not supported]
2026-05-13 17:05:50.539 WARN  [http-nio-8080-exec-4] o.s.w.s.m.m.a.ExceptionHandlerExceptionResolver - Resolved [org.springframework.web.HttpRequestMethodNotSupportedException: Request method 'GET' is not supported]
2026-05-13 17:05:50.539 WARN  [http-nio-8080-exec-3] o.s.web.servlet.PageNotFound - No mapping for GET /api/leave-encashment-requests
2026-05-13 17:05:50.540 WARN  [http-nio-8080-exec-3] o.s.w.s.m.m.a.ExceptionHandlerExceptionResolver - Resolved [org.springframework.web.servlet.NoHandlerFoundException: No endpoint GET /api/leave-encashment-requests.]
2026-05-13 17:05:50.556 WARN  [http-nio-8080-exec-5] o.s.web.servlet.PageNotFound - No mapping for GET /api/leave-encashment-requests
2026-05-13 17:05:50.557 WARN  [http-nio-8080-exec-5] o.s.w.s.m.m.a.ExceptionHandlerExceptionResolver - Resolved [org.springframework.web.servlet.NoHandlerFoundException: No endpoint GET /api/leave-encashment-requests.]
2026-05-13 17:05:50.557 WARN  [http-nio-8080-exec-2] o.s.w.s.m.m.a.ExceptionHandlerExceptionResolver - Resolved [org.springframework.web.HttpRequestMethodNotSupportedException: Request method 'GET' is not supported]
2026-05-13 17:05:50.575 WARN  [http-nio-8080-exec-7] o.s.web.servlet.PageNotFound - No mapping for GET /api/leave-encashment-requests
2026-05-13 17:05:50.575 WARN  [http-nio-8080-exec-8] o.s.w.s.m.m.a.ExceptionHandlerExceptionResolver - Resolved [org.springframework.web.HttpRequestMethodNotSupportedException: Request method 'GET' is not supported]
2026-05-13 17:05:50.575 WARN  [http-nio-8080-exec-7] o.s.w.s.m.m.a.ExceptionHandlerExceptionResolver - Resolved [org.springframework.web.servlet.NoHandlerFoundException: No endpoint GET /api/leave-encashment-requests.]
2026-05-13 17:05:50.589 WARN  [http-nio-8080-exec-9] o.s.web.servlet.PageNotFound - No mapping for GET /api/leave-encashment-requests
2026-05-13 17:05:50.590 WARN  [http-nio-8080-exec-9] o.s.w.s.m.m.a.ExceptionHandlerExceptionResolver - Resolved [org.springframework.web.servlet.NoHandlerFoundException: No endpoint GET /api/leave-encashment-requests.]
2026-05-13 17:05:50.591 WARN  [http-nio-8080-exec-6] o.s.w.s.m.m.a.ExceptionHandlerExceptionResolver - Resolved [org.springframework.web.HttpRequestMethodNotSupportedException: Request method 'GET' is not supported]
2026-05-13 17:05:50.607 WARN  [http-nio-8080-exec-10] o.s.web.servlet.PageNotFound - No mapping for GET /api/leave-encashment-requests
2026-05-13 17:05:50.607 WARN  [http-nio-8080-exec-1] o.s.w.s.m.m.a.ExceptionHandlerExceptionResolver - Resolved [org.springframework.web.HttpRequestMethodNotSupportedException: Request method 'GET' is not supported]
2026-05-13 17:05:50.607 WARN  [http-nio-8080-exec-10] o.s.w.s.m.m.a.ExceptionHandlerExceptionResolver - Resolved [org.springframework.web.servlet.NoHandlerFoundException: No endpoint GET /api/leave-encashment-requests.]
2026-05-13 17:05:50.621 WARN  [http-nio-8080-exec-4] o.s.web.servlet.PageNotFound - No mapping for GET /api/leave-encashment-requests
2026-05-13 17:05:50.622 WARN  [http-nio-8080-exec-4] o.s.w.s.m.m.a.ExceptionHandlerExceptionResolver - Resolved [org.springframework.web.servlet.NoHandlerFoundException: No endpoint GET /api/leave-encashment-requests.]
2026-05-13 17:05:50.622 WARN  [http-nio-8080-exec-3] o.s.w.s.m.m.a.ExceptionHandlerExceptionResolver - Resolved [org.springframework.web.HttpRequestMethodNotSupportedException: Request method 'GET' is not supported]
2026-05-13 17:05:50.640 WARN  [http-nio-8080-exec-2] o.s.w.s.m.m.a.ExceptionHandlerExceptionResolver - Resolved [org.springframework.web.HttpRequestMethodNotSupportedException: Request method 'GET' is not supported]
2026-05-13 17:05:50.641 WARN  [http-nio-8080-exec-5] o.s.web.servlet.PageNotFound - No mapping for GET /api/leave-encashment-requests
2026-05-13 17:05:50.641 WARN  [http-nio-8080-exec-5] o.s.w.s.m.m.a.ExceptionHandlerExceptionResolver - Resolved [org.springframework.web.servlet.NoHandlerFoundException: No endpoint GET /api/leave-encashment-requests.]
2026-05-13 17:05:50.655 WARN  [http-nio-8080-exec-8] o.s.web.servlet.PageNotFound - No mapping for GET /api/leave-encashment-requests
2026-05-13 17:05:50.657 WARN  [http-nio-8080-exec-7] o.s.w.s.m.m.a.ExceptionHandlerExceptionResolver - Resolved [org.springframework.web.HttpRequestMethodNotSupportedException: Request method 'GET' is not supported]
2026-05-13 17:05:50.657 WARN  [http-nio-8080-exec-8] o.s.w.s.m.m.a.ExceptionHandlerExceptionResolver - Resolved [org.springframework.web.servlet.NoHandlerFoundException: No endpoint GET /api/leave-encashment-requests.]
2026-05-13 17:05:50.672 WARN  [http-nio-8080-exec-6] o.s.w.s.m.m.a.ExceptionHandlerExceptionResolver - Resolved [org.springframework.web.HttpRequestMethodNotSupportedException: Request method 'GET' is not supported]
2026-05-13 17:05:50.672 WARN  [http-nio-8080-exec-9] o.s.web.servlet.PageNotFound - No mapping for GET /api/leave-encashment-requests
2026-05-13 17:05:50.673 WARN  [http-nio-8080-exec-9] o.s.w.s.m.m.a.ExceptionHandlerExceptionResolver - Resolved [org.springframework.web.servlet.NoHandlerFoundException: No endpoint GET /api/leave-encashment-requests.]
2026-05-13 17:05:50.691 WARN  [http-nio-8080-exec-10] o.s.w.s.m.m.a.ExceptionHandlerExceptionResolver - Resolved [org.springframework.web.HttpRequestMethodNotSupportedException: Request method 'GET' is not supported]
2026-05-13 17:05:50.692 WARN  [http-nio-8080-exec-1] o.s.web.servlet.PageNotFound - No mapping for GET /api/leave-encashment-requests
2026-05-13 17:05:50.693 WARN  [http-nio-8080-exec-1] o.s.w.s.m.m.a.ExceptionHandlerExceptionResolver - Resolved [org.springframework.web.servlet.NoHandlerFoundException: No endpoint GET /api/leave-encashment-requests.]
2026-05-13 17:05:50.708 WARN  [http-nio-8080-exec-4] o.s.web.servlet.PageNotFound - No mapping for GET /api/leave-encashment-requests
2026-05-13 17:05:50.709 WARN  [http-nio-8080-exec-4] o.s.w.s.m.m.a.ExceptionHandlerExceptionResolver - Resolved [org.springframework.web.servlet.NoHandlerFoundException: No endpoint GET /api/leave-encashment-requests.]
2026-05-13 17:05:50.709 WARN  [http-nio-8080-exec-3] o.s.w.s.m.m.a.ExceptionHandlerExceptionResolver - Resolved [org.springframework.web.HttpRequestMethodNotSupportedException: Request method 'GET' is not supported]
2026-05-13 17:05:50.723 WARN  [http-nio-8080-exec-2] o.s.web.servlet.PageNotFound - No mapping for GET /api/leave-encashment-requests
2026-05-13 17:05:50.724 WARN  [http-nio-8080-exec-2] o.s.w.s.m.m.a.ExceptionHandlerExceptionResolver - Resolved [org.springframework.web.servlet.NoHandlerFoundException: No endpoint GET /api/leave-encashment-requests.]
2026-05-13 17:05:50.724 WARN  [http-nio-8080-exec-5] o.s.w.s.m.m.a.ExceptionHandlerExceptionResolver - Resolved [org.springframework.web.HttpRequestMethodNotSupportedException: Request method 'GET' is not supported]
2026-05-13 17:05:50.738 WARN  [http-nio-8080-exec-8] o.s.web.servlet.PageNotFound - No mapping for GET /api/leave-encashment-requests
2026-05-13 17:05:50.739 WARN  [http-nio-8080-exec-8] o.s.w.s.m.m.a.ExceptionHandlerExceptionResolver - Resolved [org.springframework.web.servlet.NoHandlerFoundException: No endpoint GET /api/leave-encashment-requests.]
2026-05-13 17:05:50.739 WARN  [http-nio-8080-exec-7] o.s.w.s.m.m.a.ExceptionHandlerExceptionResolver - Resolved [org.springframework.web.HttpRequestMethodNotSupportedException: Request method 'GET' is not supported]
2026-05-13 17:05:50.752 WARN  [http-nio-8080-exec-9] o.s.w.s.m.m.a.ExceptionHandlerExceptionResolver - Resolved [org.springframework.web.HttpRequestMethodNotSupportedException: Request method 'GET' is not supported]
2026-05-13 17:05:50.753 WARN  [http-nio-8080-exec-6] o.s.web.servlet.PageNotFound - No mapping for GET /api/leave-encashment-requests
2026-05-13 17:05:50.754 WARN  [http-nio-8080-exec-6] o.s.w.s.m.m.a.ExceptionHandlerExceptionResolver - Resolved [org.springframework.web.servlet.NoHandlerFoundException: No endpoint GET /api/leave-encashment-requests.]
2026-05-13 17:05:50.770 WARN  [http-nio-8080-exec-10] o.s.web.servlet.PageNotFound - No mapping for GET /api/leave-encashment-requests
2026-05-13 17:05:50.770 WARN  [http-nio-8080-exec-10] o.s.w.s.m.m.a.ExceptionHandlerExceptionResolver - Resolved [org.springframework.web.servlet.NoHandlerFoundException: No endpoint GET /api/leave-encashment-requests.]
2026-05-13 17:05:50.770 WARN  [http-nio-8080-exec-1] o.s.w.s.m.m.a.ExceptionHandlerExceptionResolver - Resolved [org.springframework.web.HttpRequestMethodNotSupportedException: Request method 'GET' is not supported]
2026-05-13 17:05:50.791 WARN  [http-nio-8080-exec-4] o.s.w.s.m.m.a.ExceptionHandlerExceptionResolver - Resolved [org.springframework.web.HttpRequestMethodNotSupportedException: Request method 'GET' is not supported]
2026-05-13 17:05:50.791 WARN  [http-nio-8080-exec-3] o.s.web.servlet.PageNotFound - No mapping for GET /api/leave-encashment-requests
2026-05-13 17:05:50.792 WARN  [http-nio-8080-exec-3] o.s.w.s.m.m.a.ExceptionHandlerExceptionResolver - Resolved [org.springframework.web.servlet.NoHandlerFoundException: No endpoint GET /api/leave-encashment-requests.]
2026-05-13 17:05:50.806 WARN  [http-nio-8080-exec-5] o.s.web.servlet.PageNotFound - No mapping for GET /api/leave-encashment-requests
2026-05-13 17:05:50.806 WARN  [http-nio-8080-exec-2] o.s.w.s.m.m.a.ExceptionHandlerExceptionResolver - Resolved [org.springframework.web.HttpRequestMethodNotSupportedException: Request method 'GET' is not supported]
2026-05-13 17:05:50.806 WARN  [http-nio-8080-exec-5] o.s.w.s.m.m.a.ExceptionHandlerExceptionResolver - Resolved [org.springframework.web.servlet.NoHandlerFoundException: No endpoint GET /api/leave-encashment-requests.]
2026-05-13 17:05:50.818 WARN  [http-nio-8080-exec-8] o.s.web.servlet.PageNotFound - No mapping for GET /api/leave-encashment-requests
2026-05-13 17:05:50.819 WARN  [http-nio-8080-exec-8] o.s.w.s.m.m.a.ExceptionHandlerExceptionResolver - Resolved [org.springframework.web.servlet.NoHandlerFoundException: No endpoint GET /api/leave-encashment-requests.]
2026-05-13 17:05:50.821 WARN  [http-nio-8080-exec-7] o.s.w.s.m.m.a.ExceptionHandlerExceptionResolver - Resolved [org.springframework.web.HttpRequestMethodNotSupportedException: Request method 'GET' is not supported]
2026-05-13 17:05:50.837 WARN  [http-nio-8080-exec-9] o.s.web.servlet.PageNotFound - No mapping for GET /api/leave-encashment-requests
2026-05-13 17:05:50.838 WARN  [http-nio-8080-exec-9] o.s.w.s.m.m.a.ExceptionHandlerExceptionResolver - Resolved [org.springframework.web.servlet.NoHandlerFoundException: No endpoint GET /api/leave-encashment-requests.]
2026-05-13 17:05:50.838 WARN  [http-nio-8080-exec-6] o.s.w.s.m.m.a.ExceptionHandlerExceptionResolver - Resolved [org.springframework.web.HttpRequestMethodNotSupportedException: Request method 'GET' is not supported]
2026-05-13 17:05:50.856 WARN  [http-nio-8080-exec-1] o.s.web.servlet.PageNotFound - No mapping for GET /api/leave-encashment-requests
2026-05-13 17:05:50.856 WARN  [http-nio-8080-exec-10] o.s.w.s.m.m.a.ExceptionHandlerExceptionResolver - Resolved [org.springframework.web.HttpRequestMethodNotSupportedException: Request method 'GET' is not supported]
2026-05-13 17:05:50.857 WARN  [http-nio-8080-exec-1] o.s.w.s.m.m.a.ExceptionHandlerExceptionResolver - Resolved [org.springframework.web.servlet.NoHandlerFoundException: No endpoint GET /api/leave-encashment-requests.]
2026-05-13 17:05:50.873 WARN  [http-nio-8080-exec-3] o.s.w.s.m.m.a.ExceptionHandlerExceptionResolver - Resolved [org.springframework.web.HttpRequestMethodNotSupportedException: Request method 'GET' is not supported]
2026-05-13 17:05:50.873 WARN  [http-nio-8080-exec-4] o.s.web.servlet.PageNotFound - No mapping for GET /api/leave-encashment-requests
2026-05-13 17:05:50.874 WARN  [http-nio-8080-exec-4] o.s.w.s.m.m.a.ExceptionHandlerExceptionResolver - Resolved [org.springframework.web.servlet.NoHandlerFoundException: No endpoint GET /api/leave-encashment-requests.]
2026-05-13 17:05:50.892 WARN  [http-nio-8080-exec-2] o.s.web.servlet.PageNotFound - No mapping for GET /api/leave-encashment-requests
2026-05-13 17:05:50.892 WARN  [http-nio-8080-exec-5] o.s.w.s.m.m.a.ExceptionHandlerExceptionResolver - Resolved [org.springframework.web.HttpRequestMethodNotSupportedException: Request method 'GET' is not supported]
2026-05-13 17:05:50.892 WARN  [http-nio-8080-exec-2] o.s.w.s.m.m.a.ExceptionHandlerExceptionResolver - Resolved [org.springframework.web.servlet.NoHandlerFoundException: No endpoint GET /api/leave-encashment-requests.]
2026-05-13 17:05:50.907 WARN  [http-nio-8080-exec-8] o.s.web.servlet.PageNotFound - No mapping for GET /api/leave-encashment-requests
2026-05-13 17:05:50.907 WARN  [http-nio-8080-exec-7] o.s.w.s.m.m.a.ExceptionHandlerExceptionResolver - Resolved [org.springframework.web.HttpRequestMethodNotSupportedException: Request method 'GET' is not supported]
2026-05-13 17:05:50.907 WARN  [http-nio-8080-exec-8] o.s.w.s.m.m.a.ExceptionHandlerExceptionResolver - Resolved [org.springframework.web.servlet.NoHandlerFoundException: No endpoint GET /api/leave-encashment-requests.]
2026-05-13 17:05:50.925 WARN  [http-nio-8080-exec-6] o.s.web.servlet.PageNotFound - No mapping for GET /api/leave-encashment-requests
2026-05-13 17:05:50.926 WARN  [http-nio-8080-exec-6] o.s.w.s.m.m.a.ExceptionHandlerExceptionResolver - Resolved [org.springframework.web.servlet.NoHandlerFoundException: No endpoint GET /api/leave-encashment-requests.]
2026-05-13 17:05:50.926 WARN  [http-nio-8080-exec-9] o.s.w.s.m.m.a.ExceptionHandlerExceptionResolver - Resolved [org.springframework.web.HttpRequestMethodNotSupportedException: Request method 'GET' is not supported]
2026-05-13 17:05:50.943 WARN  [http-nio-8080-exec-10] o.s.web.servlet.PageNotFound - No mapping for GET /api/leave-encashment-requests
2026-05-13 17:05:50.943 WARN  [http-nio-8080-exec-1] o.s.w.s.m.m.a.ExceptionHandlerExceptionResolver - Resolved [org.springframework.web.HttpRequestMethodNotSupportedException: Request method 'GET' is not supported]
2026-05-13 17:05:50.944 WARN  [http-nio-8080-exec-10] o.s.w.s.m.m.a.ExceptionHandlerExceptionResolver - Resolved [org.springframework.web.servlet.NoHandlerFoundException: No endpoint GET /api/leave-encashment-requests.]
2026-05-13 17:05:50.959 WARN  [http-nio-8080-exec-3] o.s.web.servlet.PageNotFound - No mapping for GET /api/leave-encashment-requests
2026-05-13 17:05:50.959 WARN  [http-nio-8080-exec-3] o.s.w.s.m.m.a.ExceptionHandlerExceptionResolver - Resolved [org.springframework.web.servlet.NoHandlerFoundException: No endpoint GET /api/leave-encashment-requests.]
2026-05-13 17:05:50.959 WARN  [http-nio-8080-exec-4] o.s.w.s.m.m.a.ExceptionHandlerExceptionResolver - Resolved [org.springframework.web.HttpRequestMethodNotSupportedException: Request method 'GET' is not supported]
2026-05-13 17:05:50.977 WARN  [http-nio-8080-exec-5] o.s.web.servlet.PageNotFound - No mapping for GET /api/leave-encashment-requests
2026-05-13 17:05:50.977 WARN  [http-nio-8080-exec-5] o.s.w.s.m.m.a.ExceptionHandlerExceptionResolver - Resolved [org.springframework.web.servlet.NoHandlerFoundException: No endpoint GET /api/leave-encashment-requests.]
2026-05-13 17:05:50.977 WARN  [http-nio-8080-exec-2] o.s.w.s.m.m.a.ExceptionHandlerExceptionResolver - Resolved [org.springframework.web.HttpRequestMethodNotSupportedException: Request method 'GET' is not supported]
2026-05-13 17:05:50.992 WARN  [http-nio-8080-exec-7] o.s.web.servlet.PageNotFound - No mapping for GET /api/leave-encashment-requests
2026-05-13 17:05:50.992 WARN  [http-nio-8080-exec-7] o.s.w.s.m.m.a.ExceptionHandlerExceptionResolver - Resolved [org.springframework.web.servlet.NoHandlerFoundException: No endpoint GET /api/leave-encashment-requests.]
2026-05-13 17:05:50.993 WARN  [http-nio-8080-exec-8] o.s.w.s.m.m.a.ExceptionHandlerExceptionResolver - Resolved [org.springframework.web.HttpRequestMethodNotSupportedException: Request method 'GET' is not supported]
2026-05-13 17:05:51.012 WARN  [http-nio-8080-exec-6] o.s.web.servlet.PageNotFound - No mapping for GET /api/leave-encashment-requests
2026-05-13 17:05:51.013 WARN  [http-nio-8080-exec-9] o.s.w.s.m.m.a.ExceptionHandlerExceptionResolver - Resolved [org.springframework.web.HttpRequestMethodNotSupportedException: Request method 'GET' is not supported]
2026-05-13 17:05:51.013 WARN  [http-nio-8080-exec-6] o.s.w.s.m.m.a.ExceptionHandlerExceptionResolver - Resolved [org.springframework.web.servlet.NoHandlerFoundException: No endpoint GET /api/leave-encashment-requests.]
2026-05-13 17:05:51.031 WARN  [http-nio-8080-exec-1] o.s.web.servlet.PageNotFound - No mapping for GET /api/leave-encashment-requests
2026-05-13 17:05:51.032 WARN  [http-nio-8080-exec-10] o.s.w.s.m.m.a.ExceptionHandlerExceptionResolver - Resolved [org.springframework.web.HttpRequestMethodNotSupportedException: Request method 'GET' is not supported]
2026-05-13 17:05:51.032 WARN  [http-nio-8080-exec-1] o.s.w.s.m.m.a.ExceptionHandlerExceptionResolver - Resolved [org.springframework.web.servlet.NoHandlerFoundException: No endpoint GET /api/leave-encashment-requests.]
2026-05-13 17:05:51.051 WARN  [http-nio-8080-exec-3] o.s.web.servlet.PageNotFound - No mapping for GET /api/leave-encashment-requests
2026-05-13 17:05:51.051 WARN  [http-nio-8080-exec-3] o.s.w.s.m.m.a.ExceptionHandlerExceptionResolver - Resolved [org.springframework.web.servlet.NoHandlerFoundException: No endpoint GET /api/leave-encashment-requests.]
2026-05-13 17:05:51.052 WARN  [http-nio-8080-exec-4] o.s.w.s.m.m.a.ExceptionHandlerExceptionResolver - Resolved [org.springframework.web.HttpRequestMethodNotSupportedException: Request method 'GET' is not supported]
2026-05-13 17:05:51.074 WARN  [http-nio-8080-exec-5] o.s.web.servlet.PageNotFound - No mapping for GET /api/leave-encashment-requests
2026-05-13 17:05:51.074 WARN  [http-nio-8080-exec-2] o.s.w.s.m.m.a.ExceptionHandlerExceptionResolver - Resolved [org.springframework.web.HttpRequestMethodNotSupportedException: Request method 'GET' is not supported]
2026-05-13 17:05:51.075 WARN  [http-nio-8080-exec-5] o.s.w.s.m.m.a.ExceptionHandlerExceptionResolver - Resolved [org.springframework.web.servlet.NoHandlerFoundException: No endpoint GET /api/leave-encashment-requests.]
2026-05-13 17:05:51.097 WARN  [http-nio-8080-exec-7] o.s.web.servlet.PageNotFound - No mapping for GET /api/leave-encashment-requests
2026-05-13 17:05:51.097 WARN  [http-nio-8080-exec-7] o.s.w.s.m.m.a.ExceptionHandlerExceptionResolver - Resolved [org.springframework.web.servlet.NoHandlerFoundException: No endpoint GET /api/leave-encashment-requests.]
2026-05-13 17:05:51.097 WARN  [http-nio-8080-exec-8] o.s.w.s.m.m.a.ExceptionHandlerExceptionResolver - Resolved [org.springframework.web.HttpRequestMethodNotSupportedException: Request method 'GET' is not supported]
2026-05-13 17:05:51.118 WARN  [http-nio-8080-exec-6] o.s.w.s.m.m.a.ExceptionHandlerExceptionResolver - Resolved [org.springframework.web.HttpRequestMethodNotSupportedException: Request method 'GET' is not supported]
2026-05-13 17:05:51.118 WARN  [http-nio-8080-exec-9] o.s.web.servlet.PageNotFound - No mapping for GET /api/leave-encashment-requests
2026-05-13 17:05:51.118 WARN  [http-nio-8080-exec-9] o.s.w.s.m.m.a.ExceptionHandlerExceptionResolver - Resolved [org.springframework.web.servlet.NoHandlerFoundException: No endpoint GET /api/leave-encashment-requests.]
2026-05-13 17:05:51.140 WARN  [http-nio-8080-exec-10] o.s.w.s.m.m.a.ExceptionHandlerExceptionResolver - Resolved [org.springframework.web.HttpRequestMethodNotSupportedException: Request method 'GET' is not supported]
2026-05-13 17:05:51.141 WARN  [http-nio-8080-exec-1] o.s.web.servlet.PageNotFound - No mapping for GET /api/leave-encashment-requests
2026-05-13 17:05:51.141 WARN  [http-nio-8080-exec-1] o.s.w.s.m.m.a.ExceptionHandlerExceptionResolver - Resolved [org.springframework.web.servlet.NoHandlerFoundException: No endpoint GET /api/leave-encashment-requests.]
2026-05-13 17:05:51.158 WARN  [http-nio-8080-exec-4] o.s.w.s.m.m.a.ExceptionHandlerExceptionResolver - Resolved [org.springframework.web.HttpRequestMethodNotSupportedException: Request method 'GET' is not supported]
2026-05-13 17:05:51.158 WARN  [http-nio-8080-exec-3] o.s.web.servlet.PageNotFound - No mapping for GET /api/leave-encashment-requests
2026-05-13 17:05:51.159 WARN  [http-nio-8080-exec-3] o.s.w.s.m.m.a.ExceptionHandlerExceptionResolver - Resolved [org.springframework.web.servlet.NoHandlerFoundException: No endpoint GET /api/leave-encashment-requests.]
2026-05-13 17:05:51.174 WARN  [http-nio-8080-exec-2] o.s.web.servlet.PageNotFound - No mapping for GET /api/leave-encashment-requests
2026-05-13 17:05:51.174 WARN  [http-nio-8080-exec-2] o.s.w.s.m.m.a.ExceptionHandlerExceptionResolver - Resolved [org.springframework.web.servlet.NoHandlerFoundException: No endpoint GET /api/leave-encashment-requests.]
2026-05-13 17:05:51.175 WARN  [http-nio-8080-exec-5] o.s.w.s.m.m.a.ExceptionHandlerExceptionResolver - Resolved [org.springframework.web.HttpRequestMethodNotSupportedException: Request method 'GET' is not supported]
2026-05-13 17:05:51.185 WARN  [http-nio-8080-exec-7] o.s.web.servlet.PageNotFound - No mapping for GET /api/leave-encashment-requests
2026-05-13 17:05:51.186 WARN  [http-nio-8080-exec-7] o.s.w.s.m.m.a.ExceptionHandlerExceptionResolver - Resolved [org.springframework.web.servlet.NoHandlerFoundException: No endpoint GET /api/leave-encashment-requests.]
2026-05-13 17:05:51.191 WARN  [http-nio-8080-exec-8] o.s.w.s.m.m.a.ExceptionHandlerExceptionResolver - Resolved [org.springframework.web.HttpRequestMethodNotSupportedException: Request method 'GET' is not supported]
2026-05-13 17:05:51.211 WARN  [http-nio-8080-exec-6] o.s.web.servlet.PageNotFound - No mapping for GET /api/leave-encashment-requests
2026-05-13 17:05:51.212 WARN  [http-nio-8080-exec-6] o.s.w.s.m.m.a.ExceptionHandlerExceptionResolver - Resolved [org.springframework.web.servlet.NoHandlerFoundException: No endpoint GET /api/leave-encashment-requests.]
2026-05-13 17:05:51.214 WARN  [http-nio-8080-exec-9] o.s.w.s.m.m.a.ExceptionHandlerExceptionResolver - Resolved [org.springframework.web.HttpRequestMethodNotSupportedException: Request method 'GET' is not supported]
2026-05-13 17:05:51.232 WARN  [http-nio-8080-exec-10] o.s.web.servlet.PageNotFound - No mapping for GET /api/leave-encashment-requests
2026-05-13 17:05:51.232 WARN  [http-nio-8080-exec-1] o.s.w.s.m.m.a.ExceptionHandlerExceptionResolver - Resolved [org.springframework.web.HttpRequestMethodNotSupportedException: Request method 'GET' is not supported]
2026-05-13 17:05:51.233 WARN  [http-nio-8080-exec-10] o.s.w.s.m.m.a.ExceptionHandlerExceptionResolver - Resolved [org.springframework.web.servlet.NoHandlerFoundException: No endpoint GET /api/leave-encashment-requests.]
2026-05-13 17:05:51.251 WARN  [http-nio-8080-exec-3] o.s.w.s.m.m.a.ExceptionHandlerExceptionResolver - Resolved [org.springframework.web.HttpRequestMethodNotSupportedException: Request method 'GET' is not supported]
2026-05-13 17:05:51.251 WARN  [http-nio-8080-exec-4] o.s.web.servlet.PageNotFound - No mapping for GET /api/leave-encashment-requests
2026-05-13 17:05:51.252 WARN  [http-nio-8080-exec-4] o.s.w.s.m.m.a.ExceptionHandlerExceptionResolver - Resolved [org.springframework.web.servlet.NoHandlerFoundException: No endpoint GET /api/leave-encashment-requests.]
2026-05-13 17:05:51.269 WARN  [http-nio-8080-exec-2] o.s.web.servlet.PageNotFound - No mapping for GET /api/leave-encashment-requests
2026-05-13 17:05:51.270 WARN  [http-nio-8080-exec-5] o.s.w.s.m.m.a.ExceptionHandlerExceptionResolver - Resolved [org.springframework.web.HttpRequestMethodNotSupportedException: Request method 'GET' is not supported]
2026-05-13 17:05:51.270 WARN  [http-nio-8080-exec-2] o.s.w.s.m.m.a.ExceptionHandlerExceptionResolver - Resolved [org.springframework.web.servlet.NoHandlerFoundException: No endpoint GET /api/leave-encashment-requests.]
2026-05-13 17:05:51.286 WARN  [http-nio-8080-exec-7] o.s.web.servlet.PageNotFound - No mapping for GET /api/leave-encashment-requests
2026-05-13 17:05:51.287 WARN  [http-nio-8080-exec-8] o.s.w.s.m.m.a.ExceptionHandlerExceptionResolver - Resolved [org.springframework.web.HttpRequestMethodNotSupportedException: Request method 'GET' is not supported]
2026-05-13 17:05:51.287 WARN  [http-nio-8080-exec-7] o.s.w.s.m.m.a.ExceptionHandlerExceptionResolver - Resolved [org.springframework.web.servlet.NoHandlerFoundException: No endpoint GET /api/leave-encashment-requests.]
2026-05-13 17:05:51.303 WARN  [http-nio-8080-exec-6] o.s.web.servlet.PageNotFound - No mapping for GET /api/leave-encashment-requests
2026-05-13 17:05:51.304 WARN  [http-nio-8080-exec-6] o.s.w.s.m.m.a.ExceptionHandlerExceptionResolver - Resolved [org.springframework.web.servlet.NoHandlerFoundException: No endpoint GET /api/leave-encashment-requests.]
2026-05-13 17:05:51.305 WARN  [http-nio-8080-exec-9] o.s.w.s.m.m.a.ExceptionHandlerExceptionResolver - Resolved [org.springframework.web.HttpRequestMethodNotSupportedException: Request method 'GET' is not supported]
2026-05-13 17:05:51.318 WARN  [http-nio-8080-exec-1] o.s.web.servlet.PageNotFound - No mapping for GET /api/leave-encashment-requests
2026-05-13 17:05:51.319 WARN  [http-nio-8080-exec-1] o.s.w.s.m.m.a.ExceptionHandlerExceptionResolver - Resolved [org.springframework.web.servlet.NoHandlerFoundException: No endpoint GET /api/leave-encashment-requests.]
2026-05-13 17:05:51.319 WARN  [http-nio-8080-exec-10] o.s.w.s.m.m.a.ExceptionHandlerExceptionResolver - Resolved [org.springframework.web.HttpRequestMethodNotSupportedException: Request method 'GET' is not supported]
2026-05-13 17:05:51.335 WARN  [http-nio-8080-exec-3] o.s.web.servlet.PageNotFound - No mapping for GET /api/leave-encashment-requests
2026-05-13 17:05:51.335 WARN  [http-nio-8080-exec-3] o.s.w.s.m.m.a.ExceptionHandlerExceptionResolver - Resolved [org.springframework.web.servlet.NoHandlerFoundException: No endpoint GET /api/leave-encashment-requests.]
2026-05-13 17:05:51.337 WARN  [http-nio-8080-exec-4] o.s.w.s.m.m.a.ExceptionHandlerExceptionResolver - Resolved [org.springframework.web.HttpRequestMethodNotSupportedException: Request method 'GET' is not supported]
2026-05-13 17:05:51.359 WARN  [http-nio-8080-exec-2] o.s.w.s.m.m.a.ExceptionHandlerExceptionResolver - Resolved [org.springframework.web.HttpRequestMethodNotSupportedException: Request method 'GET' is not supported]
2026-05-13 17:05:51.359 WARN  [http-nio-8080-exec-5] o.s.web.servlet.PageNotFound - No mapping for GET /api/leave-encashment-requests
2026-05-13 17:05:51.359 WARN  [http-nio-8080-exec-5] o.s.w.s.m.m.a.ExceptionHandlerExceptionResolver - Resolved [org.springframework.web.servlet.NoHandlerFoundException: No endpoint GET /api/leave-encashment-requests.]
2026-05-13 17:05:51.376 WARN  [http-nio-8080-exec-8] o.s.web.servlet.PageNotFound - No mapping for GET /api/leave-encashment-requests
2026-05-13 17:05:51.377 WARN  [http-nio-8080-exec-7] o.s.w.s.m.m.a.ExceptionHandlerExceptionResolver - Resolved [org.springframework.web.HttpRequestMethodNotSupportedException: Request method 'GET' is not supported]
2026-05-13 17:05:51.377 WARN  [http-nio-8080-exec-8] o.s.w.s.m.m.a.ExceptionHandlerExceptionResolver - Resolved [org.springframework.web.servlet.NoHandlerFoundException: No endpoint GET /api/leave-encashment-requests.]
2026-05-13 17:05:51.393 WARN  [http-nio-8080-exec-6] o.s.web.servlet.PageNotFound - No mapping for GET /api/leave-encashment-requests
2026-05-13 17:05:51.393 WARN  [http-nio-8080-exec-9] o.s.w.s.m.m.a.ExceptionHandlerExceptionResolver - Resolved [org.springframework.web.HttpRequestMethodNotSupportedException: Request method 'GET' is not supported]
2026-05-13 17:05:51.393 WARN  [http-nio-8080-exec-6] o.s.w.s.m.m.a.ExceptionHandlerExceptionResolver - Resolved [org.springframework.web.servlet.NoHandlerFoundException: No endpoint GET /api/leave-encashment-requests.]
2026-05-13 17:05:51.408 WARN  [http-nio-8080-exec-1] o.s.web.servlet.PageNotFound - No mapping for GET /api/leave-encashment-requests
2026-05-13 17:05:51.408 WARN  [http-nio-8080-exec-1] o.s.w.s.m.m.a.ExceptionHandlerExceptionResolver - Resolved [org.springframework.web.servlet.NoHandlerFoundException: No endpoint GET /api/leave-encashment-requests.]
2026-05-13 17:05:51.408 WARN  [http-nio-8080-exec-10] o.s.w.s.m.m.a.ExceptionHandlerExceptionResolver - Resolved [org.springframework.web.HttpRequestMethodNotSupportedException: Request method 'GET' is not supported]
2026-05-13 17:05:51.422 WARN  [http-nio-8080-exec-3] o.s.web.servlet.PageNotFound - No mapping for GET /api/leave-encashment-requests
2026-05-13 17:05:51.423 WARN  [http-nio-8080-exec-3] o.s.w.s.m.m.a.ExceptionHandlerExceptionResolver - Resolved [org.springframework.web.servlet.NoHandlerFoundException: No endpoint GET /api/leave-encashment-requests.]
2026-05-13 17:05:51.423 WARN  [http-nio-8080-exec-4] o.s.w.s.m.m.a.ExceptionHandlerExceptionResolver - Resolved [org.springframework.web.HttpRequestMethodNotSupportedException: Request method 'GET' is not supported]
2026-05-13 17:05:51.438 WARN  [http-nio-8080-exec-5] o.s.web.servlet.PageNotFound - No mapping for GET /api/leave-encashment-requests
2026-05-13 17:05:51.438 WARN  [http-nio-8080-exec-2] o.s.w.s.m.m.a.ExceptionHandlerExceptionResolver - Resolved [org.springframework.web.HttpRequestMethodNotSupportedException: Request method 'GET' is not supported]
2026-05-13 17:05:51.438 WARN  [http-nio-8080-exec-5] o.s.w.s.m.m.a.ExceptionHandlerExceptionResolver - Resolved [org.springframework.web.servlet.NoHandlerFoundException: No endpoint GET /api/leave-encashment-requests.]
2026-05-13 17:05:51.453 WARN  [http-nio-8080-exec-7] o.s.web.servlet.PageNotFound - No mapping for GET /api/leave-encashment-requests
2026-05-13 17:05:51.454 WARN  [http-nio-8080-exec-7] o.s.w.s.m.m.a.ExceptionHandlerExceptionResolver - Resolved [org.springframework.web.servlet.NoHandlerFoundException: No endpoint GET /api/leave-encashment-requests.]
2026-05-13 17:05:51.454 WARN  [http-nio-8080-exec-8] o.s.w.s.m.m.a.ExceptionHandlerExceptionResolver - Resolved [org.springframework.web.HttpRequestMethodNotSupportedException: Request method 'GET' is not supported]
2026-05-13 17:05:51.468 WARN  [http-nio-8080-exec-9] o.s.web.servlet.PageNotFound - No mapping for GET /api/leave-encashment-requests
2026-05-13 17:05:51.468 WARN  [http-nio-8080-exec-6] o.s.w.s.m.m.a.ExceptionHandlerExceptionResolver - Resolved [org.springframework.web.HttpRequestMethodNotSupportedException: Request method 'GET' is not supported]
2026-05-13 17:05:51.468 WARN  [http-nio-8080-exec-9] o.s.w.s.m.m.a.ExceptionHandlerExceptionResolver - Resolved [org.springframework.web.servlet.NoHandlerFoundException: No endpoint GET /api/leave-encashment-requests.]
2026-05-13 17:05:51.484 WARN  [http-nio-8080-exec-1] o.s.web.servlet.PageNotFound - No mapping for GET /api/leave-encashment-requests
2026-05-13 17:05:51.485 WARN  [http-nio-8080-exec-1] o.s.w.s.m.m.a.ExceptionHandlerExceptionResolver - Resolved [org.springframework.web.servlet.NoHandlerFoundException: No endpoint GET /api/leave-encashment-requests.]
2026-05-13 17:05:51.485 WARN  [http-nio-8080-exec-10] o.s.w.s.m.m.a.ExceptionHandlerExceptionResolver - Resolved [org.springframework.web.HttpRequestMethodNotSupportedException: Request method 'GET' is not supported]
2026-05-13 17:05:51.500 WARN  [http-nio-8080-exec-3] o.s.web.servlet.PageNotFound - No mapping for GET /api/leave-encashment-requests
2026-05-13 17:05:51.501 WARN  [http-nio-8080-exec-3] o.s.w.s.m.m.a.ExceptionHandlerExceptionResolver - Resolved [org.springframework.web.servlet.NoHandlerFoundException: No endpoint GET /api/leave-encashment-requests.]
2026-05-13 17:05:51.501 WARN  [http-nio-8080-exec-4] o.s.w.s.m.m.a.ExceptionHandlerExceptionResolver - Resolved [org.springframework.web.HttpRequestMethodNotSupportedException: Request method 'GET' is not supported]
2026-05-13 17:05:51.517 WARN  [http-nio-8080-exec-2] o.s.web.servlet.PageNotFound - No mapping for GET /api/leave-encashment-requests
2026-05-13 17:05:51.517 WARN  [http-nio-8080-exec-2] o.s.w.s.m.m.a.ExceptionHandlerExceptionResolver - Resolved [org.springframework.web.servlet.NoHandlerFoundException: No endpoint GET /api/leave-encashment-requests.]
2026-05-13 17:05:51.520 WARN  [http-nio-8080-exec-5] o.s.w.s.m.m.a.ExceptionHandlerExceptionResolver - Resolved [org.springframework.web.HttpRequestMethodNotSupportedException: Request method 'GET' is not supported]
2026-05-13 17:05:51.543 WARN  [http-nio-8080-exec-7] o.s.web.servlet.PageNotFound - No mapping for GET /api/leave-encashment-requests
2026-05-13 17:05:51.543 WARN  [http-nio-8080-exec-8] o.s.w.s.m.m.a.ExceptionHandlerExceptionResolver - Resolved [org.springframework.web.HttpRequestMethodNotSupportedException: Request method 'GET' is not supported]
2026-05-13 17:05:51.543 WARN  [http-nio-8080-exec-7] o.s.w.s.m.m.a.ExceptionHandlerExceptionResolver - Resolved [org.springframework.web.servlet.NoHandlerFoundException: No endpoint GET /api/leave-encashment-requests.]
2026-05-13 17:05:51.559 WARN  [http-nio-8080-exec-6] o.s.web.servlet.PageNotFound - No mapping for GET /api/leave-encashment-requests
2026-05-13 17:05:51.559 WARN  [http-nio-8080-exec-9] o.s.w.s.m.m.a.ExceptionHandlerExceptionResolver - Resolved [org.springframework.web.HttpRequestMethodNotSupportedException: Request method 'GET' is not supported]
2026-05-13 17:05:51.559 WARN  [http-nio-8080-exec-6] o.s.w.s.m.m.a.ExceptionHandlerExceptionResolver - Resolved [org.springframework.web.servlet.NoHandlerFoundException: No endpoint GET /api/leave-encashment-requests.]
2026-05-13 17:05:51.575 WARN  [http-nio-8080-exec-1] o.s.web.servlet.PageNotFound - No mapping for GET /api/leave-encashment-requests
2026-05-13 17:05:51.576 WARN  [http-nio-8080-exec-1] o.s.w.s.m.m.a.ExceptionHandlerExceptionResolver - Resolved [org.springframework.web.servlet.NoHandlerFoundException: No endpoint GET /api/leave-encashment-requests.]
2026-05-13 17:05:51.576 WARN  [http-nio-8080-exec-10] o.s.w.s.m.m.a.ExceptionHandlerExceptionResolver - Resolved [org.springframework.web.HttpRequestMethodNotSupportedException: Request method 'GET' is not supported]
2026-05-13 17:05:51.593 WARN  [http-nio-8080-exec-3] o.s.w.s.m.m.a.ExceptionHandlerExceptionResolver - Resolved [org.springframework.web.HttpRequestMethodNotSupportedException: Request method 'GET' is not supported]
2026-05-13 17:05:51.593 WARN  [http-nio-8080-exec-4] o.s.web.servlet.PageNotFound - No mapping for GET /api/leave-encashment-requests
2026-05-13 17:05:51.593 WARN  [http-nio-8080-exec-4] o.s.w.s.m.m.a.ExceptionHandlerExceptionResolver - Resolved [org.springframework.web.servlet.NoHandlerFoundException: No endpoint GET /api/leave-encashment-requests.]
2026-05-13 17:05:51.609 WARN  [http-nio-8080-exec-2] o.s.web.servlet.PageNotFound - No mapping for GET /api/leave-encashment-requests
2026-05-13 17:05:51.610 WARN  [http-nio-8080-exec-2] o.s.w.s.m.m.a.ExceptionHandlerExceptionResolver - Resolved [org.springframework.web.servlet.NoHandlerFoundException: No endpoint GET /api/leave-encashment-requests.]
2026-05-13 17:05:51.611 WARN  [http-nio-8080-exec-5] o.s.w.s.m.m.a.ExceptionHandlerExceptionResolver - Resolved [org.springframework.web.HttpRequestMethodNotSupportedException: Request method 'GET' is not supported]
2026-05-13 17:05:51.627 WARN  [http-nio-8080-exec-8] o.s.web.servlet.PageNotFound - No mapping for GET /api/leave-encashment-requests
2026-05-13 17:05:51.627 WARN  [http-nio-8080-exec-7] o.s.w.s.m.m.a.ExceptionHandlerExceptionResolver - Resolved [org.springframework.web.HttpRequestMethodNotSupportedException: Request method 'GET' is not supported]
2026-05-13 17:05:51.628 WARN  [http-nio-8080-exec-8] o.s.w.s.m.m.a.ExceptionHandlerExceptionResolver - Resolved [org.springframework.web.servlet.NoHandlerFoundException: No endpoint GET /api/leave-encashment-requests.]
2026-05-13 17:05:51.642 WARN  [http-nio-8080-exec-6] o.s.web.servlet.PageNotFound - No mapping for GET /api/leave-encashment-requests
2026-05-13 17:05:51.642 WARN  [http-nio-8080-exec-9] o.s.w.s.m.m.a.ExceptionHandlerExceptionResolver - Resolved [org.springframework.web.HttpRequestMethodNotSupportedException: Request method 'GET' is not supported]
2026-05-13 17:05:51.642 WARN  [http-nio-8080-exec-6] o.s.w.s.m.m.a.ExceptionHandlerExceptionResolver - Resolved [org.springframework.web.servlet.NoHandlerFoundException: No endpoint GET /api/leave-encashment-requests.]
2026-05-13 17:05:51.657 WARN  [http-nio-8080-exec-10] o.s.web.servlet.PageNotFound - No mapping for GET /api/leave-encashment-requests
2026-05-13 17:05:51.657 WARN  [http-nio-8080-exec-10] o.s.w.s.m.m.a.ExceptionHandlerExceptionResolver - Resolved [org.springframework.web.servlet.NoHandlerFoundException: No endpoint GET /api/leave-encashment-requests.]
2026-05-13 17:05:51.660 WARN  [http-nio-8080-exec-1] o.s.w.s.m.m.a.ExceptionHandlerExceptionResolver - Resolved [org.springframework.web.HttpRequestMethodNotSupportedException: Request method 'GET' is not supported]
2026-05-13 17:05:51.672 WARN  [http-nio-8080-exec-4] o.s.w.s.m.m.a.ExceptionHandlerExceptionResolver - Resolved [org.springframework.web.HttpRequestMethodNotSupportedException: Request method 'GET' is not supported]
2026-05-13 17:05:51.672 WARN  [http-nio-8080-exec-3] o.s.web.servlet.PageNotFound - No mapping for GET /api/leave-encashment-requests
2026-05-13 17:05:51.673 WARN  [http-nio-8080-exec-3] o.s.w.s.m.m.a.ExceptionHandlerExceptionResolver - Resolved [org.springframework.web.servlet.NoHandlerFoundException: No endpoint GET /api/leave-encashment-requests.]
2026-05-13 17:05:51.687 WARN  [http-nio-8080-exec-5] o.s.web.servlet.PageNotFound - No mapping for GET /api/leave-encashment-requests
2026-05-13 17:05:51.687 WARN  [http-nio-8080-exec-5] o.s.w.s.m.m.a.ExceptionHandlerExceptionResolver - Resolved [org.springframework.web.servlet.NoHandlerFoundException: No endpoint GET /api/leave-encashment-requests.]
2026-05-13 17:05:51.687 WARN  [http-nio-8080-exec-2] o.s.w.s.m.m.a.ExceptionHandlerExceptionResolver - Resolved [org.springframework.web.HttpRequestMethodNotSupportedException: Request method 'GET' is not supported]
2026-05-13 17:05:51.703 WARN  [http-nio-8080-exec-7] o.s.web.servlet.PageNotFound - No mapping for GET /api/leave-encashment-requests
2026-05-13 17:05:51.704 WARN  [http-nio-8080-exec-8] o.s.w.s.m.m.a.ExceptionHandlerExceptionResolver - Resolved [org.springframework.web.HttpRequestMethodNotSupportedException: Request method 'GET' is not supported]
2026-05-13 17:05:51.704 WARN  [http-nio-8080-exec-7] o.s.w.s.m.m.a.ExceptionHandlerExceptionResolver - Resolved [org.springframework.web.servlet.NoHandlerFoundException: No endpoint GET /api/leave-encashment-requests.]
2026-05-13 17:05:51.717 WARN  [http-nio-8080-exec-9] o.s.web.servlet.PageNotFound - No mapping for GET /api/leave-encashment-requests
2026-05-13 17:05:51.718 WARN  [http-nio-8080-exec-9] o.s.w.s.m.m.a.ExceptionHandlerExceptionResolver - Resolved [org.springframework.web.servlet.NoHandlerFoundException: No endpoint GET /api/leave-encashment-requests.]
2026-05-13 17:05:51.718 WARN  [http-nio-8080-exec-6] o.s.w.s.m.m.a.ExceptionHandlerExceptionResolver - Resolved [org.springframework.web.HttpRequestMethodNotSupportedException: Request method 'GET' is not supported]
2026-05-13 17:05:51.734 WARN  [http-nio-8080-exec-10] o.s.web.servlet.PageNotFound - No mapping for GET /api/leave-encashment-requests
2026-05-13 17:05:51.734 WARN  [http-nio-8080-exec-1] o.s.w.s.m.m.a.ExceptionHandlerExceptionResolver - Resolved [org.springframework.web.HttpRequestMethodNotSupportedException: Request method 'GET' is not supported]
2026-05-13 17:05:51.734 WARN  [http-nio-8080-exec-10] o.s.w.s.m.m.a.ExceptionHandlerExceptionResolver - Resolved [org.springframework.web.servlet.NoHandlerFoundException: No endpoint GET /api/leave-encashment-requests.]
2026-05-13 17:05:51.750 WARN  [http-nio-8080-exec-4] o.s.web.servlet.PageNotFound - No mapping for GET /api/leave-encashment-requests
2026-05-13 17:05:51.750 WARN  [http-nio-8080-exec-4] o.s.w.s.m.m.a.ExceptionHandlerExceptionResolver - Resolved [org.springframework.web.servlet.NoHandlerFoundException: No endpoint GET /api/leave-encashment-requests.]
2026-05-13 17:05:51.751 WARN  [http-nio-8080-exec-3] o.s.w.s.m.m.a.ExceptionHandlerExceptionResolver - Resolved [org.springframework.web.HttpRequestMethodNotSupportedException: Request method 'GET' is not supported]
2026-05-13 17:05:51.765 WARN  [http-nio-8080-exec-5] o.s.web.servlet.PageNotFound - No mapping for GET /api/leave-encashment-requests
2026-05-13 17:05:51.765 WARN  [http-nio-8080-exec-5] o.s.w.s.m.m.a.ExceptionHandlerExceptionResolver - Resolved [org.springframework.web.servlet.NoHandlerFoundException: No endpoint GET /api/leave-encashment-requests.]
2026-05-13 17:05:51.765 WARN  [http-nio-8080-exec-2] o.s.w.s.m.m.a.ExceptionHandlerExceptionResolver - Resolved [org.springframework.web.HttpRequestMethodNotSupportedException: Request method 'GET' is not supported]
2026-05-13 17:05:51.783 WARN  [http-nio-8080-exec-8] o.s.web.servlet.PageNotFound - No mapping for GET /api/leave-encashment-requests
2026-05-13 17:05:51.783 WARN  [http-nio-8080-exec-8] o.s.w.s.m.m.a.ExceptionHandlerExceptionResolver - Resolved [org.springframework.web.servlet.NoHandlerFoundException: No endpoint GET /api/leave-encashment-requests.]
2026-05-13 17:05:51.784 WARN  [http-nio-8080-exec-7] o.s.w.s.m.m.a.ExceptionHandlerExceptionResolver - Resolved [org.springframework.web.HttpRequestMethodNotSupportedException: Request method 'GET' is not supported]
2026-05-13 17:05:51.800 WARN  [http-nio-8080-exec-6] o.s.w.s.m.m.a.ExceptionHandlerExceptionResolver - Resolved [org.springframework.web.HttpRequestMethodNotSupportedException: Request method 'GET' is not supported]
2026-05-13 17:05:51.800 WARN  [http-nio-8080-exec-9] o.s.web.servlet.PageNotFound - No mapping for GET /api/leave-encashment-requests
2026-05-13 17:05:51.800 WARN  [http-nio-8080-exec-9] o.s.w.s.m.m.a.ExceptionHandlerExceptionResolver - Resolved [org.springframework.web.servlet.NoHandlerFoundException: No endpoint GET /api/leave-encashment-requests.]
2026-05-13 17:05:51.814 WARN  [http-nio-8080-exec-1] o.s.web.servlet.PageNotFound - No mapping for GET /api/leave-encashment-requests
2026-05-13 17:05:51.815 WARN  [http-nio-8080-exec-1] o.s.w.s.m.m.a.ExceptionHandlerExceptionResolver - Resolved [org.springframework.web.servlet.NoHandlerFoundException: No endpoint GET /api/leave-encashment-requests.]
2026-05-13 17:05:51.815 WARN  [http-nio-8080-exec-10] o.s.w.s.m.m.a.ExceptionHandlerExceptionResolver - Resolved [org.springframework.web.HttpRequestMethodNotSupportedException: Request method 'GET' is not supported]
2026-05-13 17:05:51.825 WARN  [http-nio-8080-exec-4] o.s.web.servlet.PageNotFound - No mapping for GET /api/leave-encashment-requests
2026-05-13 17:05:51.826 WARN  [http-nio-8080-exec-4] o.s.w.s.m.m.a.ExceptionHandlerExceptionResolver - Resolved [org.springframework.web.servlet.NoHandlerFoundException: No endpoint GET /api/leave-encashment-requests.]
2026-05-13 17:05:51.828 WARN  [http-nio-8080-exec-3] o.s.w.s.m.m.a.ExceptionHandlerExceptionResolver - Resolved [org.springframework.web.HttpRequestMethodNotSupportedException: Request method 'GET' is not supported]
2026-05-13 17:05:51.842 WARN  [http-nio-8080-exec-5] o.s.web.servlet.PageNotFound - No mapping for GET /api/leave-encashment-requests
2026-05-13 17:05:51.842 WARN  [http-nio-8080-exec-5] o.s.w.s.m.m.a.ExceptionHandlerExceptionResolver - Resolved [org.springframework.web.servlet.NoHandlerFoundException: No endpoint GET /api/leave-encashment-requests.]
2026-05-13 17:05:51.842 WARN  [http-nio-8080-exec-2] o.s.w.s.m.m.a.ExceptionHandlerExceptionResolver - Resolved [org.springframework.web.HttpRequestMethodNotSupportedException: Request method 'GET' is not supported]
2026-05-13 17:05:51.859 WARN  [http-nio-8080-exec-8] o.s.web.servlet.PageNotFound - No mapping for GET /api/leave-encashment-requests
2026-05-13 17:05:51.859 WARN  [http-nio-8080-exec-8] o.s.w.s.m.m.a.ExceptionHandlerExceptionResolver - Resolved [org.springframework.web.servlet.NoHandlerFoundException: No endpoint GET /api/leave-encashment-requests.]
2026-05-13 17:05:51.859 WARN  [http-nio-8080-exec-7] o.s.w.s.m.m.a.ExceptionHandlerExceptionResolver - Resolved [org.springframework.web.HttpRequestMethodNotSupportedException: Request method 'GET' is not supported]
2026-05-13 17:05:51.875 WARN  [http-nio-8080-exec-6] o.s.web.servlet.PageNotFound - No mapping for GET /api/leave-encashment-requests
2026-05-13 17:05:51.875 WARN  [http-nio-8080-exec-6] o.s.w.s.m.m.a.ExceptionHandlerExceptionResolver - Resolved [org.springframework.web.servlet.NoHandlerFoundException: No endpoint GET /api/leave-encashment-requests.]
2026-05-13 17:05:51.875 WARN  [http-nio-8080-exec-9] o.s.w.s.m.m.a.ExceptionHandlerExceptionResolver - Resolved [org.springframework.web.HttpRequestMethodNotSupportedException: Request method 'GET' is not supported]
2026-05-13 17:05:51.893 WARN  [http-nio-8080-exec-10] o.s.web.servlet.PageNotFound - No mapping for GET /api/leave-encashment-requests
2026-05-13 17:05:51.893 WARN  [http-nio-8080-exec-10] o.s.w.s.m.m.a.ExceptionHandlerExceptionResolver - Resolved [org.springframework.web.servlet.NoHandlerFoundException: No endpoint GET /api/leave-encashment-requests.]
2026-05-13 17:05:51.893 WARN  [http-nio-8080-exec-1] o.s.w.s.m.m.a.ExceptionHandlerExceptionResolver - Resolved [org.springframework.web.HttpRequestMethodNotSupportedException: Request method 'GET' is not supported]
2026-05-13 17:05:51.910 WARN  [http-nio-8080-exec-4] o.s.web.servlet.PageNotFound - No mapping for GET /api/leave-encashment-requests
2026-05-13 17:05:51.910 WARN  [http-nio-8080-exec-3] o.s.w.s.m.m.a.ExceptionHandlerExceptionResolver - Resolved [org.springframework.web.HttpRequestMethodNotSupportedException: Request method 'GET' is not supported]
2026-05-13 17:05:51.910 WARN  [http-nio-8080-exec-4] o.s.w.s.m.m.a.ExceptionHandlerExceptionResolver - Resolved [org.springframework.web.servlet.NoHandlerFoundException: No endpoint GET /api/leave-encashment-requests.]
2026-05-13 17:05:51.925 WARN  [http-nio-8080-exec-2] o.s.web.servlet.PageNotFound - No mapping for GET /api/leave-encashment-requests
2026-05-13 17:05:51.926 WARN  [http-nio-8080-exec-5] o.s.w.s.m.m.a.ExceptionHandlerExceptionResolver - Resolved [org.springframework.web.HttpRequestMethodNotSupportedException: Request method 'GET' is not supported]
2026-05-13 17:05:51.926 WARN  [http-nio-8080-exec-2] o.s.w.s.m.m.a.ExceptionHandlerExceptionResolver - Resolved [org.springframework.web.servlet.NoHandlerFoundException: No endpoint GET /api/leave-encashment-requests.]
2026-05-13 17:05:51.945 WARN  [http-nio-8080-exec-8] o.s.web.servlet.PageNotFound - No mapping for GET /api/leave-encashment-requests
2026-05-13 17:05:51.946 WARN  [http-nio-8080-exec-7] o.s.w.s.m.m.a.ExceptionHandlerExceptionResolver - Resolved [org.springframework.web.HttpRequestMethodNotSupportedException: Request method 'GET' is not supported]
2026-05-13 17:05:51.946 WARN  [http-nio-8080-exec-8] o.s.w.s.m.m.a.ExceptionHandlerExceptionResolver - Resolved [org.springframework.web.servlet.NoHandlerFoundException: No endpoint GET /api/leave-encashment-requests.]
2026-05-13 17:05:51.974 WARN  [http-nio-8080-exec-6] o.s.web.servlet.PageNotFound - No mapping for GET /api/leave-encashment-requests
2026-05-13 17:05:51.975 WARN  [http-nio-8080-exec-9] o.s.w.s.m.m.a.ExceptionHandlerExceptionResolver - Resolved [org.springframework.web.HttpRequestMethodNotSupportedException: Request method 'GET' is not supported]
2026-05-13 17:05:51.975 WARN  [http-nio-8080-exec-6] o.s.w.s.m.m.a.ExceptionHandlerExceptionResolver - Resolved [org.springframework.web.servlet.NoHandlerFoundException: No endpoint GET /api/leave-encashment-requests.]
2026-05-13 17:05:51.992 WARN  [http-nio-8080-exec-10] o.s.web.servlet.PageNotFound - No mapping for GET /api/leave-encashment-requests
2026-05-13 17:05:51.992 WARN  [http-nio-8080-exec-10] o.s.w.s.m.m.a.ExceptionHandlerExceptionResolver - Resolved [org.springframework.web.servlet.NoHandlerFoundException: No endpoint GET /api/leave-encashment-requests.]
2026-05-13 17:05:51.993 WARN  [http-nio-8080-exec-1] o.s.w.s.m.m.a.ExceptionHandlerExceptionResolver - Resolved [org.springframework.web.HttpRequestMethodNotSupportedException: Request method 'GET' is not supported]
2026-05-13 17:05:52.011 WARN  [http-nio-8080-exec-4] o.s.web.servlet.PageNotFound - No mapping for GET /api/leave-encashment-requests
2026-05-13 17:05:52.012 WARN  [http-nio-8080-exec-4] o.s.w.s.m.m.a.ExceptionHandlerExceptionResolver - Resolved [org.springframework.web.servlet.NoHandlerFoundException: No endpoint GET /api/leave-encashment-requests.]
2026-05-13 17:05:52.013 WARN  [http-nio-8080-exec-3] o.s.w.s.m.m.a.ExceptionHandlerExceptionResolver - Resolved [org.springframework.web.HttpRequestMethodNotSupportedException: Request method 'GET' is not supported]
2026-05-13 17:05:52.028 WARN  [http-nio-8080-exec-2] o.s.w.s.m.m.a.ExceptionHandlerExceptionResolver - Resolved [org.springframework.web.HttpRequestMethodNotSupportedException: Request method 'GET' is not supported]
2026-05-13 17:05:52.028 WARN  [http-nio-8080-exec-5] o.s.web.servlet.PageNotFound - No mapping for GET /api/leave-encashment-requests
2026-05-13 17:05:52.028 WARN  [http-nio-8080-exec-5] o.s.w.s.m.m.a.ExceptionHandlerExceptionResolver - Resolved [org.springframework.web.servlet.NoHandlerFoundException: No endpoint GET /api/leave-encashment-requests.]
2026-05-13 17:05:52.043 WARN  [http-nio-8080-exec-7] o.s.web.servlet.PageNotFound - No mapping for GET /api/leave-encashment-requests
2026-05-13 17:05:52.044 WARN  [http-nio-8080-exec-7] o.s.w.s.m.m.a.ExceptionHandlerExceptionResolver - Resolved [org.springframework.web.servlet.NoHandlerFoundException: No endpoint GET /api/leave-encashment-requests.]
2026-05-13 17:05:52.044 WARN  [http-nio-8080-exec-8] o.s.w.s.m.m.a.ExceptionHandlerExceptionResolver - Resolved [org.springframework.web.HttpRequestMethodNotSupportedException: Request method 'GET' is not supported]
2026-05-13 17:05:52.059 WARN  [http-nio-8080-exec-9] o.s.web.servlet.PageNotFound - No mapping for GET /api/leave-encashment-requests
2026-05-13 17:05:52.059 WARN  [http-nio-8080-exec-9] o.s.w.s.m.m.a.ExceptionHandlerExceptionResolver - Resolved [org.springframework.web.servlet.NoHandlerFoundException: No endpoint GET /api/leave-encashment-requests.]
2026-05-13 17:05:52.059 WARN  [http-nio-8080-exec-6] o.s.w.s.m.m.a.ExceptionHandlerExceptionResolver - Resolved [org.springframework.web.HttpRequestMethodNotSupportedException: Request method 'GET' is not supported]
2026-05-13 17:05:52.076 WARN  [http-nio-8080-exec-1] o.s.web.servlet.PageNotFound - No mapping for GET /api/leave-encashment-requests
2026-05-13 17:05:52.076 WARN  [http-nio-8080-exec-1] o.s.w.s.m.m.a.ExceptionHandlerExceptionResolver - Resolved [org.springframework.web.servlet.NoHandlerFoundException: No endpoint GET /api/leave-encashment-requests.]
2026-05-13 17:05:52.076 WARN  [http-nio-8080-exec-10] o.s.w.s.m.m.a.ExceptionHandlerExceptionResolver - Resolved [org.springframework.web.HttpRequestMethodNotSupportedException: Request method 'GET' is not supported]
2026-05-13 17:05:52.093 WARN  [http-nio-8080-exec-4] o.s.web.servlet.PageNotFound - No mapping for GET /api/leave-encashment-requests
2026-05-13 17:05:52.094 WARN  [http-nio-8080-exec-4] o.s.w.s.m.m.a.ExceptionHandlerExceptionResolver - Resolved [org.springframework.web.servlet.NoHandlerFoundException: No endpoint GET /api/leave-encashment-requests.]
2026-05-13 17:05:52.094 WARN  [http-nio-8080-exec-3] o.s.w.s.m.m.a.ExceptionHandlerExceptionResolver - Resolved [org.springframework.web.HttpRequestMethodNotSupportedException: Request method 'GET' is not supported]
2026-05-13 17:05:52.110 WARN  [http-nio-8080-exec-2] o.s.w.s.m.m.a.ExceptionHandlerExceptionResolver - Resolved [org.springframework.web.HttpRequestMethodNotSupportedException: Request method 'GET' is not supported]
2026-05-13 17:05:52.111 WARN  [http-nio-8080-exec-5] o.s.web.servlet.PageNotFound - No mapping for GET /api/leave-encashment-requests
2026-05-13 17:05:52.111 WARN  [http-nio-8080-exec-5] o.s.w.s.m.m.a.ExceptionHandlerExceptionResolver - Resolved [org.springframework.web.servlet.NoHandlerFoundException: No endpoint GET /api/leave-encashment-requests.]
2026-05-13 17:05:52.124 WARN  [http-nio-8080-exec-8] o.s.web.servlet.PageNotFound - No mapping for GET /api/leave-encashment-requests
2026-05-13 17:05:52.124 WARN  [http-nio-8080-exec-8] o.s.w.s.m.m.a.ExceptionHandlerExceptionResolver - Resolved [org.springframework.web.servlet.NoHandlerFoundException: No endpoint GET /api/leave-encashment-requests.]
2026-05-13 17:05:52.124 WARN  [http-nio-8080-exec-7] o.s.w.s.m.m.a.ExceptionHandlerExceptionResolver - Resolved [org.springframework.web.HttpRequestMethodNotSupportedException: Request method 'GET' is not supported]
2026-05-13 17:05:52.139 WARN  [http-nio-8080-exec-9] o.s.web.servlet.PageNotFound - No mapping for GET /api/leave-encashment-requests
2026-05-13 17:05:52.140 WARN  [http-nio-8080-exec-6] o.s.w.s.m.m.a.ExceptionHandlerExceptionResolver - Resolved [org.springframework.web.HttpRequestMethodNotSupportedException: Request method 'GET' is not supported]
2026-05-13 17:05:52.140 WARN  [http-nio-8080-exec-9] o.s.w.s.m.m.a.ExceptionHandlerExceptionResolver - Resolved [org.springframework.web.servlet.NoHandlerFoundException: No endpoint GET /api/leave-encashment-requests.]
2026-05-13 17:05:52.153 WARN  [http-nio-8080-exec-1] o.s.web.servlet.PageNotFound - No mapping for GET /api/leave-encashment-requests
2026-05-13 17:05:52.153 WARN  [http-nio-8080-exec-1] o.s.w.s.m.m.a.ExceptionHandlerExceptionResolver - Resolved [org.springframework.web.servlet.NoHandlerFoundException: No endpoint GET /api/leave-encashment-requests.]
2026-05-13 17:05:52.153 WARN  [http-nio-8080-exec-10] o.s.w.s.m.m.a.ExceptionHandlerExceptionResolver - Resolved [org.springframework.web.HttpRequestMethodNotSupportedException: Request method 'GET' is not supported]
2026-05-13 17:05:52.168 WARN  [http-nio-8080-exec-4] o.s.web.servlet.PageNotFound - No mapping for GET /api/leave-encashment-requests
2026-05-13 17:05:52.169 WARN  [http-nio-8080-exec-4] o.s.w.s.m.m.a.ExceptionHandlerExceptionResolver - Resolved [org.springframework.web.servlet.NoHandlerFoundException: No endpoint GET /api/leave-encashment-requests.]
2026-05-13 17:05:52.172 WARN  [http-nio-8080-exec-3] o.s.w.s.m.m.a.ExceptionHandlerExceptionResolver - Resolved [org.springframework.web.HttpRequestMethodNotSupportedException: Request method 'GET' is not supported]
2026-05-13 17:05:52.188 WARN  [http-nio-8080-exec-2] o.s.web.servlet.PageNotFound - No mapping for GET /api/leave-encashment-requests
2026-05-13 17:05:52.188 WARN  [http-nio-8080-exec-2] o.s.w.s.m.m.a.ExceptionHandlerExceptionResolver - Resolved [org.springframework.web.servlet.NoHandlerFoundException: No endpoint GET /api/leave-encashment-requests.]
2026-05-13 17:05:52.189 WARN  [http-nio-8080-exec-5] o.s.w.s.m.m.a.ExceptionHandlerExceptionResolver - Resolved [org.springframework.web.HttpRequestMethodNotSupportedException: Request method 'GET' is not supported]
2026-05-13 17:05:52.210 WARN  [http-nio-8080-exec-8] o.s.web.servlet.PageNotFound - No mapping for GET /api/leave-encashment-requests
2026-05-13 17:05:52.210 WARN  [http-nio-8080-exec-8] o.s.w.s.m.m.a.ExceptionHandlerExceptionResolver - Resolved [org.springframework.web.servlet.NoHandlerFoundException: No endpoint GET /api/leave-encashment-requests.]
2026-05-13 17:05:52.210 WARN  [http-nio-8080-exec-7] o.s.w.s.m.m.a.ExceptionHandlerExceptionResolver - Resolved [org.springframework.web.HttpRequestMethodNotSupportedException: Request method 'GET' is not supported]
2026-05-13 17:05:52.227 WARN  [http-nio-8080-exec-9] o.s.w.s.m.m.a.ExceptionHandlerExceptionResolver - Resolved [org.springframework.web.HttpRequestMethodNotSupportedException: Request method 'GET' is not supported]
2026-05-13 17:05:52.227 WARN  [http-nio-8080-exec-6] o.s.web.servlet.PageNotFound - No mapping for GET /api/leave-encashment-requests
2026-05-13 17:05:52.228 WARN  [http-nio-8080-exec-6] o.s.w.s.m.m.a.ExceptionHandlerExceptionResolver - Resolved [org.springframework.web.servlet.NoHandlerFoundException: No endpoint GET /api/leave-encashment-requests.]
2026-05-13 17:05:52.247 WARN  [http-nio-8080-exec-10] o.s.web.servlet.PageNotFound - No mapping for GET /api/leave-encashment-requests
2026-05-13 17:05:52.247 WARN  [http-nio-8080-exec-1] o.s.w.s.m.m.a.ExceptionHandlerExceptionResolver - Resolved [org.springframework.web.HttpRequestMethodNotSupportedException: Request method 'GET' is not supported]
2026-05-13 17:05:52.247 WARN  [http-nio-8080-exec-10] o.s.w.s.m.m.a.ExceptionHandlerExceptionResolver - Resolved [org.springframework.web.servlet.NoHandlerFoundException: No endpoint GET /api/leave-encashment-requests.]
2026-05-13 17:05:52.264 WARN  [http-nio-8080-exec-4] o.s.web.servlet.PageNotFound - No mapping for GET /api/leave-encashment-requests
2026-05-13 17:05:52.264 WARN  [http-nio-8080-exec-3] o.s.w.s.m.m.a.ExceptionHandlerExceptionResolver - Resolved [org.springframework.web.HttpRequestMethodNotSupportedException: Request method 'GET' is not supported]
2026-05-13 17:05:52.264 WARN  [http-nio-8080-exec-4] o.s.w.s.m.m.a.ExceptionHandlerExceptionResolver - Resolved [org.springframework.web.servlet.NoHandlerFoundException: No endpoint GET /api/leave-encashment-requests.]
2026-05-13 17:05:52.277 WARN  [http-nio-8080-exec-2] o.s.web.servlet.PageNotFound - No mapping for GET /api/leave-encashment-requests
2026-05-13 17:05:52.278 WARN  [http-nio-8080-exec-2] o.s.w.s.m.m.a.ExceptionHandlerExceptionResolver - Resolved [org.springframework.web.servlet.NoHandlerFoundException: No endpoint GET /api/leave-encashment-requests.]
2026-05-13 17:05:52.278 WARN  [http-nio-8080-exec-5] o.s.w.s.m.m.a.ExceptionHandlerExceptionResolver - Resolved [org.springframework.web.HttpRequestMethodNotSupportedException: Request method 'GET' is not supported]
2026-05-13 17:05:52.294 WARN  [http-nio-8080-exec-8] o.s.web.servlet.PageNotFound - No mapping for GET /api/leave-encashment-requests
2026-05-13 17:05:52.294 WARN  [http-nio-8080-exec-7] o.s.w.s.m.m.a.ExceptionHandlerExceptionResolver - Resolved [org.springframework.web.HttpRequestMethodNotSupportedException: Request method 'GET' is not supported]
2026-05-13 17:05:52.303 WARN  [http-nio-8080-exec-8] o.s.w.s.m.m.a.ExceptionHandlerExceptionResolver - Resolved [org.springframework.web.servlet.NoHandlerFoundException: No endpoint GET /api/leave-encashment-requests.]
2026-05-13 17:05:52.316 WARN  [http-nio-8080-exec-9] o.s.web.servlet.PageNotFound - No mapping for GET /api/leave-encashment-requests
2026-05-13 17:05:52.316 WARN  [http-nio-8080-exec-6] o.s.w.s.m.m.a.ExceptionHandlerExceptionResolver - Resolved [org.springframework.web.HttpRequestMethodNotSupportedException: Request method 'GET' is not supported]
2026-05-13 17:05:52.316 WARN  [http-nio-8080-exec-9] o.s.w.s.m.m.a.ExceptionHandlerExceptionResolver - Resolved [org.springframework.web.servlet.NoHandlerFoundException: No endpoint GET /api/leave-encashment-requests.]
2026-05-13 17:05:52.331 WARN  [http-nio-8080-exec-1] o.s.web.servlet.PageNotFound - No mapping for GET /api/leave-encashment-requests
2026-05-13 17:05:52.331 WARN  [http-nio-8080-exec-1] o.s.w.s.m.m.a.ExceptionHandlerExceptionResolver - Resolved [org.springframework.web.servlet.NoHandlerFoundException: No endpoint GET /api/leave-encashment-requests.]
2026-05-13 17:05:52.333 WARN  [http-nio-8080-exec-10] o.s.w.s.m.m.a.ExceptionHandlerExceptionResolver - Resolved [org.springframework.web.HttpRequestMethodNotSupportedException: Request method 'GET' is not supported]
2026-05-13 17:05:52.345 WARN  [http-nio-8080-exec-3] o.s.web.servlet.PageNotFound - No mapping for GET /api/leave-encashment-requests
2026-05-13 17:05:52.345 WARN  [http-nio-8080-exec-3] o.s.w.s.m.m.a.ExceptionHandlerExceptionResolver - Resolved [org.springframework.web.servlet.NoHandlerFoundException: No endpoint GET /api/leave-encashment-requests.]
2026-05-13 17:05:52.345 WARN  [http-nio-8080-exec-4] o.s.w.s.m.m.a.ExceptionHandlerExceptionResolver - Resolved [org.springframework.web.HttpRequestMethodNotSupportedException: Request method 'GET' is not supported]
2026-05-13 17:05:52.359 WARN  [http-nio-8080-exec-2] o.s.web.servlet.PageNotFound - No mapping for GET /api/leave-encashment-requests
2026-05-13 17:05:52.359 WARN  [http-nio-8080-exec-2] o.s.w.s.m.m.a.ExceptionHandlerExceptionResolver - Resolved [org.springframework.web.servlet.NoHandlerFoundException: No endpoint GET /api/leave-encashment-requests.]
2026-05-13 17:05:52.360 WARN  [http-nio-8080-exec-5] o.s.w.s.m.m.a.ExceptionHandlerExceptionResolver - Resolved [org.springframework.web.HttpRequestMethodNotSupportedException: Request method 'GET' is not supported]
2026-05-13 17:05:52.374 WARN  [http-nio-8080-exec-8] o.s.w.s.m.m.a.ExceptionHandlerExceptionResolver - Resolved [org.springframework.web.HttpRequestMethodNotSupportedException: Request method 'GET' is not supported]
2026-05-13 17:05:52.375 WARN  [http-nio-8080-exec-7] o.s.web.servlet.PageNotFound - No mapping for GET /api/leave-encashment-requests
2026-05-13 17:05:52.375 WARN  [http-nio-8080-exec-7] o.s.w.s.m.m.a.ExceptionHandlerExceptionResolver - Resolved [org.springframework.web.servlet.NoHandlerFoundException: No endpoint GET /api/leave-encashment-requests.]
2026-05-13 17:05:52.387 WARN  [http-nio-8080-exec-6] o.s.web.servlet.PageNotFound - No mapping for GET /api/leave-encashment-requests
2026-05-13 17:05:52.388 WARN  [http-nio-8080-exec-9] o.s.w.s.m.m.a.ExceptionHandlerExceptionResolver - Resolved [org.springframework.web.HttpRequestMethodNotSupportedException: Request method 'GET' is not supported]
2026-05-13 17:05:52.388 WARN  [http-nio-8080-exec-6] o.s.w.s.m.m.a.ExceptionHandlerExceptionResolver - Resolved [org.springframework.web.servlet.NoHandlerFoundException: No endpoint GET /api/leave-encashment-requests.]
2026-05-13 17:05:52.404 WARN  [http-nio-8080-exec-1] o.s.web.servlet.PageNotFound - No mapping for GET /api/leave-encashment-requests
2026-05-13 17:05:52.404 WARN  [http-nio-8080-exec-10] o.s.w.s.m.m.a.ExceptionHandlerExceptionResolver - Resolved [org.springframework.web.HttpRequestMethodNotSupportedException: Request method 'GET' is not supported]
2026-05-13 17:05:52.404 WARN  [http-nio-8080-exec-1] o.s.w.s.m.m.a.ExceptionHandlerExceptionResolver - Resolved [org.springframework.web.servlet.NoHandlerFoundException: No endpoint GET /api/leave-encashment-requests.]
2026-05-13 17:05:52.417 WARN  [http-nio-8080-exec-3] o.s.web.servlet.PageNotFound - No mapping for GET /api/leave-encashment-requests
2026-05-13 17:05:52.418 WARN  [http-nio-8080-exec-3] o.s.w.s.m.m.a.ExceptionHandlerExceptionResolver - Resolved [org.springframework.web.servlet.NoHandlerFoundException: No endpoint GET /api/leave-encashment-requests.]
2026-05-13 17:05:52.418 WARN  [http-nio-8080-exec-4] o.s.w.s.m.m.a.ExceptionHandlerExceptionResolver - Resolved [org.springframework.web.HttpRequestMethodNotSupportedException: Request method 'GET' is not supported]
2026-05-13 17:05:52.433 WARN  [http-nio-8080-exec-2] o.s.web.servlet.PageNotFound - No mapping for GET /api/leave-encashment-requests
2026-05-13 17:05:52.434 WARN  [http-nio-8080-exec-2] o.s.w.s.m.m.a.ExceptionHandlerExceptionResolver - Resolved [org.springframework.web.servlet.NoHandlerFoundException: No endpoint GET /api/leave-encashment-requests.]
2026-05-13 17:05:52.434 WARN  [http-nio-8080-exec-5] o.s.w.s.m.m.a.ExceptionHandlerExceptionResolver - Resolved [org.springframework.web.HttpRequestMethodNotSupportedException: Request method 'GET' is not supported]
2026-05-13 17:05:52.450 WARN  [http-nio-8080-exec-8] o.s.web.servlet.PageNotFound - No mapping for GET /api/leave-encashment-requests
2026-05-13 17:05:52.450 WARN  [http-nio-8080-exec-8] o.s.w.s.m.m.a.ExceptionHandlerExceptionResolver - Resolved [org.springframework.web.servlet.NoHandlerFoundException: No endpoint GET /api/leave-encashment-requests.]
2026-05-13 17:05:52.450 WARN  [http-nio-8080-exec-7] o.s.w.s.m.m.a.ExceptionHandlerExceptionResolver - Resolved [org.springframework.web.HttpRequestMethodNotSupportedException: Request method 'GET' is not supported]
2026-05-13 17:05:52.467 WARN  [http-nio-8080-exec-9] o.s.web.servlet.PageNotFound - No mapping for GET /api/leave-encashment-requests
2026-05-13 17:05:52.468 WARN  [http-nio-8080-exec-9] o.s.w.s.m.m.a.ExceptionHandlerExceptionResolver - Resolved [org.springframework.web.servlet.NoHandlerFoundException: No endpoint GET /api/leave-encashment-requests.]
2026-05-13 17:05:52.470 WARN  [http-nio-8080-exec-6] o.s.w.s.m.m.a.ExceptionHandlerExceptionResolver - Resolved [org.springframework.web.HttpRequestMethodNotSupportedException: Request method 'GET' is not supported]
2026-05-13 17:05:52.484 WARN  [http-nio-8080-exec-10] o.s.web.servlet.PageNotFound - No mapping for GET /api/leave-encashment-requests
2026-05-13 17:05:52.485 WARN  [http-nio-8080-exec-10] o.s.w.s.m.m.a.ExceptionHandlerExceptionResolver - Resolved [org.springframework.web.servlet.NoHandlerFoundException: No endpoint GET /api/leave-encashment-requests.]
2026-05-13 17:05:52.485 WARN  [http-nio-8080-exec-1] o.s.w.s.m.m.a.ExceptionHandlerExceptionResolver - Resolved [org.springframework.web.HttpRequestMethodNotSupportedException: Request method 'GET' is not supported]
2026-05-13 17:05:52.501 WARN  [http-nio-8080-exec-3] o.s.web.servlet.PageNotFound - No mapping for GET /api/leave-encashment-requests
2026-05-13 17:05:52.502 WARN  [http-nio-8080-exec-4] o.s.w.s.m.m.a.ExceptionHandlerExceptionResolver - Resolved [org.springframework.web.HttpRequestMethodNotSupportedException: Request method 'GET' is not supported]
2026-05-13 17:05:52.502 WARN  [http-nio-8080-exec-3] o.s.w.s.m.m.a.ExceptionHandlerExceptionResolver - Resolved [org.springframework.web.servlet.NoHandlerFoundException: No endpoint GET /api/leave-encashment-requests.]
2026-05-13 17:05:52.518 WARN  [http-nio-8080-exec-2] o.s.w.s.m.m.a.ExceptionHandlerExceptionResolver - Resolved [org.springframework.web.HttpRequestMethodNotSupportedException: Request method 'GET' is not supported]
2026-05-13 17:05:52.518 WARN  [http-nio-8080-exec-5] o.s.web.servlet.PageNotFound - No mapping for GET /api/leave-encashment-requests
2026-05-13 17:05:52.518 WARN  [http-nio-8080-exec-5] o.s.w.s.m.m.a.ExceptionHandlerExceptionResolver - Resolved [org.springframework.web.servlet.NoHandlerFoundException: No endpoint GET /api/leave-encashment-requests.]
2026-05-13 17:05:52.541 WARN  [http-nio-8080-exec-8] o.s.w.s.m.m.a.ExceptionHandlerExceptionResolver - Resolved [org.springframework.web.HttpRequestMethodNotSupportedException: Request method 'GET' is not supported]
2026-05-13 17:05:52.542 WARN  [http-nio-8080-exec-7] o.s.web.servlet.PageNotFound - No mapping for GET /api/leave-encashment-requests
2026-05-13 17:05:52.542 WARN  [http-nio-8080-exec-7] o.s.w.s.m.m.a.ExceptionHandlerExceptionResolver - Resolved [org.springframework.web.servlet.NoHandlerFoundException: No endpoint GET /api/leave-encashment-requests.]
2026-05-13 17:05:52.554 WARN  [http-nio-8080-exec-6] o.s.web.servlet.PageNotFound - No mapping for GET /api/leave-encashment-requests
2026-05-13 17:05:52.554 WARN  [http-nio-8080-exec-9] o.s.w.s.m.m.a.ExceptionHandlerExceptionResolver - Resolved [org.springframework.web.HttpRequestMethodNotSupportedException: Request method 'GET' is not supported]
2026-05-13 17:05:52.554 WARN  [http-nio-8080-exec-6] o.s.w.s.m.m.a.ExceptionHandlerExceptionResolver - Resolved [org.springframework.web.servlet.NoHandlerFoundException: No endpoint GET /api/leave-encashment-requests.]
2026-05-13 17:05:52.569 WARN  [http-nio-8080-exec-1] o.s.w.s.m.m.a.ExceptionHandlerExceptionResolver - Resolved [org.springframework.web.HttpRequestMethodNotSupportedException: Request method 'GET' is not supported]
2026-05-13 17:05:52.569 WARN  [http-nio-8080-exec-10] o.s.web.servlet.PageNotFound - No mapping for GET /api/leave-encashment-requests
2026-05-13 17:05:52.570 WARN  [http-nio-8080-exec-10] o.s.w.s.m.m.a.ExceptionHandlerExceptionResolver - Resolved [org.springframework.web.servlet.NoHandlerFoundException: No endpoint GET /api/leave-encashment-requests.]
2026-05-13 17:05:52.585 WARN  [http-nio-8080-exec-4] o.s.web.servlet.PageNotFound - No mapping for GET /api/leave-encashment-requests
2026-05-13 17:05:52.586 WARN  [http-nio-8080-exec-3] o.s.w.s.m.m.a.ExceptionHandlerExceptionResolver - Resolved [org.springframework.web.HttpRequestMethodNotSupportedException: Request method 'GET' is not supported]
2026-05-13 17:05:52.587 WARN  [http-nio-8080-exec-4] o.s.w.s.m.m.a.ExceptionHandlerExceptionResolver - Resolved [org.springframework.web.servlet.NoHandlerFoundException: No endpoint GET /api/leave-encashment-requests.]
2026-05-13 17:05:52.611 WARN  [http-nio-8080-exec-2] o.s.web.servlet.PageNotFound - No mapping for GET /api/leave-encashment-requests
2026-05-13 17:05:52.611 WARN  [http-nio-8080-exec-2] o.s.w.s.m.m.a.ExceptionHandlerExceptionResolver - Resolved [org.springframework.web.servlet.NoHandlerFoundException: No endpoint GET /api/leave-encashment-requests.]
2026-05-13 17:05:52.611 WARN  [http-nio-8080-exec-5] o.s.w.s.m.m.a.ExceptionHandlerExceptionResolver - Resolved [org.springframework.web.HttpRequestMethodNotSupportedException: Request method 'GET' is not supported]
2026-05-13 17:05:52.629 WARN  [http-nio-8080-exec-7] o.s.w.s.m.m.a.ExceptionHandlerExceptionResolver - Resolved [org.springframework.web.HttpRequestMethodNotSupportedException: Request method 'GET' is not supported]
2026-05-13 17:05:52.629 WARN  [http-nio-8080-exec-8] o.s.web.servlet.PageNotFound - No mapping for GET /api/leave-encashment-requests
2026-05-13 17:05:52.631 WARN  [http-nio-8080-exec-8] o.s.w.s.m.m.a.ExceptionHandlerExceptionResolver - Resolved [org.springframework.web.servlet.NoHandlerFoundException: No endpoint GET /api/leave-encashment-requests.]
2026-05-13 17:05:52.643 WARN  [http-nio-8080-exec-6] o.s.w.s.m.m.a.ExceptionHandlerExceptionResolver - Resolved [org.springframework.web.HttpRequestMethodNotSupportedException: Request method 'GET' is not supported]
2026-05-13 17:05:52.644 WARN  [http-nio-8080-exec-9] o.s.web.servlet.PageNotFound - No mapping for GET /api/leave-encashment-requests
2026-05-13 17:05:52.644 WARN  [http-nio-8080-exec-9] o.s.w.s.m.m.a.ExceptionHandlerExceptionResolver - Resolved [org.springframework.web.servlet.NoHandlerFoundException: No endpoint GET /api/leave-encashment-requests.]
2026-05-13 17:05:52.659 WARN  [http-nio-8080-exec-1] o.s.web.servlet.PageNotFound - No mapping for GET /api/leave-encashment-requests
2026-05-13 17:05:52.660 WARN  [http-nio-8080-exec-1] o.s.w.s.m.m.a.ExceptionHandlerExceptionResolver - Resolved [org.springframework.web.servlet.NoHandlerFoundException: No endpoint GET /api/leave-encashment-requests.]
2026-05-13 17:05:52.660 WARN  [http-nio-8080-exec-10] o.s.w.s.m.m.a.ExceptionHandlerExceptionResolver - Resolved [org.springframework.web.HttpRequestMethodNotSupportedException: Request method 'GET' is not supported]
2026-05-13 17:05:52.678 WARN  [http-nio-8080-exec-3] o.s.w.s.m.m.a.ExceptionHandlerExceptionResolver - Resolved [org.springframework.web.HttpRequestMethodNotSupportedException: Request method 'GET' is not supported]
2026-05-13 17:05:52.678 WARN  [http-nio-8080-exec-4] o.s.web.servlet.PageNotFound - No mapping for GET /api/leave-encashment-requests
2026-05-13 17:05:52.678 WARN  [http-nio-8080-exec-4] o.s.w.s.m.m.a.ExceptionHandlerExceptionResolver - Resolved [org.springframework.web.servlet.NoHandlerFoundException: No endpoint GET /api/leave-encashment-requests.]
2026-05-13 17:05:52.693 WARN  [http-nio-8080-exec-2] o.s.web.servlet.PageNotFound - No mapping for GET /api/leave-encashment-requests
2026-05-13 17:05:52.695 WARN  [http-nio-8080-exec-2] o.s.w.s.m.m.a.ExceptionHandlerExceptionResolver - Resolved [org.springframework.web.servlet.NoHandlerFoundException: No endpoint GET /api/leave-encashment-requests.]
2026-05-13 17:05:52.696 WARN  [http-nio-8080-exec-5] o.s.w.s.m.m.a.ExceptionHandlerExceptionResolver - Resolved [org.springframework.web.HttpRequestMethodNotSupportedException: Request method 'GET' is not supported]
2026-05-13 17:05:52.713 WARN  [http-nio-8080-exec-7] o.s.web.servlet.PageNotFound - No mapping for GET /api/leave-encashment-requests
2026-05-13 17:05:52.713 WARN  [http-nio-8080-exec-7] o.s.w.s.m.m.a.ExceptionHandlerExceptionResolver - Resolved [org.springframework.web.servlet.NoHandlerFoundException: No endpoint GET /api/leave-encashment-requests.]
2026-05-13 17:05:52.713 WARN  [http-nio-8080-exec-8] o.s.w.s.m.m.a.ExceptionHandlerExceptionResolver - Resolved [org.springframework.web.HttpRequestMethodNotSupportedException: Request method 'GET' is not supported]
2026-05-13 17:05:52.729 WARN  [http-nio-8080-exec-6] o.s.web.servlet.PageNotFound - No mapping for GET /api/leave-encashment-requests
2026-05-13 17:05:52.730 WARN  [http-nio-8080-exec-6] o.s.w.s.m.m.a.ExceptionHandlerExceptionResolver - Resolved [org.springframework.web.servlet.NoHandlerFoundException: No endpoint GET /api/leave-encashment-requests.]
2026-05-13 17:05:52.731 WARN  [http-nio-8080-exec-9] o.s.w.s.m.m.a.ExceptionHandlerExceptionResolver - Resolved [org.springframework.web.HttpRequestMethodNotSupportedException: Request method 'GET' is not supported]
2026-05-13 17:05:52.743 WARN  [http-nio-8080-exec-1] o.s.web.servlet.PageNotFound - No mapping for GET /api/leave-encashment-requests
2026-05-13 17:05:52.744 WARN  [http-nio-8080-exec-1] o.s.w.s.m.m.a.ExceptionHandlerExceptionResolver - Resolved [org.springframework.web.servlet.NoHandlerFoundException: No endpoint GET /api/leave-encashment-requests.]
2026-05-13 17:05:52.744 WARN  [http-nio-8080-exec-10] o.s.w.s.m.m.a.ExceptionHandlerExceptionResolver - Resolved [org.springframework.web.HttpRequestMethodNotSupportedException: Request method 'GET' is not supported]
2026-05-13 17:05:52.759 WARN  [http-nio-8080-exec-3] o.s.web.servlet.PageNotFound - No mapping for GET /api/leave-encashment-requests
2026-05-13 17:05:52.759 WARN  [http-nio-8080-exec-3] o.s.w.s.m.m.a.ExceptionHandlerExceptionResolver - Resolved [org.springframework.web.servlet.NoHandlerFoundException: No endpoint GET /api/leave-encashment-requests.]
2026-05-13 17:05:52.759 WARN  [http-nio-8080-exec-4] o.s.w.s.m.m.a.ExceptionHandlerExceptionResolver - Resolved [org.springframework.web.HttpRequestMethodNotSupportedException: Request method 'GET' is not supported]
2026-05-13 17:05:52.773 WARN  [http-nio-8080-exec-2] o.s.web.servlet.PageNotFound - No mapping for GET /api/leave-encashment-requests
2026-05-13 17:05:52.773 WARN  [http-nio-8080-exec-5] o.s.w.s.m.m.a.ExceptionHandlerExceptionResolver - Resolved [org.springframework.web.HttpRequestMethodNotSupportedException: Request method 'GET' is not supported]
2026-05-13 17:05:52.773 WARN  [http-nio-8080-exec-2] o.s.w.s.m.m.a.ExceptionHandlerExceptionResolver - Resolved [org.springframework.web.servlet.NoHandlerFoundException: No endpoint GET /api/leave-encashment-requests.]
2026-05-13 17:05:52.800 WARN  [http-nio-8080-exec-7] o.s.web.servlet.PageNotFound - No mapping for GET /api/leave-encashment-requests
2026-05-13 17:05:52.800 WARN  [http-nio-8080-exec-8] o.s.w.s.m.m.a.ExceptionHandlerExceptionResolver - Resolved [org.springframework.web.HttpRequestMethodNotSupportedException: Request method 'GET' is not supported]
2026-05-13 17:05:52.800 WARN  [http-nio-8080-exec-7] o.s.w.s.m.m.a.ExceptionHandlerExceptionResolver - Resolved [org.springframework.web.servlet.NoHandlerFoundException: No endpoint GET /api/leave-encashment-requests.]
2026-05-13 17:05:52.830 WARN  [http-nio-8080-exec-6] o.s.web.servlet.PageNotFound - No mapping for GET /api/leave-encashment-requests
2026-05-13 17:05:52.830 WARN  [http-nio-8080-exec-9] o.s.w.s.m.m.a.ExceptionHandlerExceptionResolver - Resolved [org.springframework.web.HttpRequestMethodNotSupportedException: Request method 'GET' is not supported]
2026-05-13 17:05:52.830 WARN  [http-nio-8080-exec-6] o.s.w.s.m.m.a.ExceptionHandlerExceptionResolver - Resolved [org.springframework.web.servlet.NoHandlerFoundException: No endpoint GET /api/leave-encashment-requests.]
2026-05-13 17:05:52.851 WARN  [http-nio-8080-exec-1] o.s.web.servlet.PageNotFound - No mapping for GET /api/leave-encashment-requests
2026-05-13 17:05:52.852 WARN  [http-nio-8080-exec-1] o.s.w.s.m.m.a.ExceptionHandlerExceptionResolver - Resolved [org.springframework.web.servlet.NoHandlerFoundException: No endpoint GET /api/leave-encashment-requests.]
2026-05-13 17:05:52.852 WARN  [http-nio-8080-exec-10] o.s.w.s.m.m.a.ExceptionHandlerExceptionResolver - Resolved [org.springframework.web.HttpRequestMethodNotSupportedException: Request method 'GET' is not supported]
2026-05-13 17:05:52.878 WARN  [http-nio-8080-exec-4] o.s.w.s.m.m.a.ExceptionHandlerExceptionResolver - Resolved [org.springframework.web.HttpRequestMethodNotSupportedException: Request method 'GET' is not supported]
2026-05-13 17:05:52.878 WARN  [http-nio-8080-exec-3] o.s.web.servlet.PageNotFound - No mapping for GET /api/leave-encashment-requests
2026-05-13 17:05:52.879 WARN  [http-nio-8080-exec-3] o.s.w.s.m.m.a.ExceptionHandlerExceptionResolver - Resolved [org.springframework.web.servlet.NoHandlerFoundException: No endpoint GET /api/leave-encashment-requests.]
2026-05-13 17:05:52.893 WARN  [http-nio-8080-exec-2] o.s.w.s.m.m.a.ExceptionHandlerExceptionResolver - Resolved [org.springframework.web.HttpRequestMethodNotSupportedException: Request method 'GET' is not supported]
2026-05-13 17:05:52.893 WARN  [http-nio-8080-exec-5] o.s.web.servlet.PageNotFound - No mapping for GET /api/leave-encashment-requests
2026-05-13 17:05:52.893 WARN  [http-nio-8080-exec-5] o.s.w.s.m.m.a.ExceptionHandlerExceptionResolver - Resolved [org.springframework.web.servlet.NoHandlerFoundException: No endpoint GET /api/leave-encashment-requests.]
2026-05-13 17:05:52.907 WARN  [http-nio-8080-exec-8] o.s.web.servlet.PageNotFound - No mapping for GET /api/leave-encashment-requests
2026-05-13 17:05:52.908 WARN  [http-nio-8080-exec-8] o.s.w.s.m.m.a.ExceptionHandlerExceptionResolver - Resolved [org.springframework.web.servlet.NoHandlerFoundException: No endpoint GET /api/leave-encashment-requests.]
2026-05-13 17:05:52.908 WARN  [http-nio-8080-exec-7] o.s.w.s.m.m.a.ExceptionHandlerExceptionResolver - Resolved [org.springframework.web.HttpRequestMethodNotSupportedException: Request method 'GET' is not supported]
2026-05-13 17:05:52.922 WARN  [http-nio-8080-exec-9] o.s.w.s.m.m.a.ExceptionHandlerExceptionResolver - Resolved [org.springframework.web.HttpRequestMethodNotSupportedException: Request method 'GET' is not supported]
2026-05-13 17:05:52.922 WARN  [http-nio-8080-exec-6] o.s.web.servlet.PageNotFound - No mapping for GET /api/leave-encashment-requests
2026-05-13 17:05:52.923 WARN  [http-nio-8080-exec-6] o.s.w.s.m.m.a.ExceptionHandlerExceptionResolver - Resolved [org.springframework.web.servlet.NoHandlerFoundException: No endpoint GET /api/leave-encashment-requests.]
2026-05-13 17:05:52.940 WARN  [http-nio-8080-exec-1] o.s.web.servlet.PageNotFound - No mapping for GET /api/leave-encashment-requests
2026-05-13 17:05:52.941 WARN  [http-nio-8080-exec-1] o.s.w.s.m.m.a.ExceptionHandlerExceptionResolver - Resolved [org.springframework.web.servlet.NoHandlerFoundException: No endpoint GET /api/leave-encashment-requests.]
2026-05-13 17:05:52.942 WARN  [http-nio-8080-exec-10] o.s.w.s.m.m.a.ExceptionHandlerExceptionResolver - Resolved [org.springframework.web.HttpRequestMethodNotSupportedException: Request method 'GET' is not supported]
2026-05-13 17:05:52.957 WARN  [http-nio-8080-exec-4] o.s.web.servlet.PageNotFound - No mapping for GET /api/leave-encashment-requests
2026-05-13 17:05:52.957 WARN  [http-nio-8080-exec-4] o.s.w.s.m.m.a.ExceptionHandlerExceptionResolver - Resolved [org.springframework.web.servlet.NoHandlerFoundException: No endpoint GET /api/leave-encashment-requests.]
2026-05-13 17:05:52.958 WARN  [http-nio-8080-exec-3] o.s.w.s.m.m.a.ExceptionHandlerExceptionResolver - Resolved [org.springframework.web.HttpRequestMethodNotSupportedException: Request method 'GET' is not supported]
2026-05-13 17:05:52.973 WARN  [http-nio-8080-exec-2] o.s.web.servlet.PageNotFound - No mapping for GET /api/leave-encashment-requests
2026-05-13 17:05:52.974 WARN  [http-nio-8080-exec-2] o.s.w.s.m.m.a.ExceptionHandlerExceptionResolver - Resolved [org.springframework.web.servlet.NoHandlerFoundException: No endpoint GET /api/leave-encashment-requests.]
2026-05-13 17:05:52.974 WARN  [http-nio-8080-exec-5] o.s.w.s.m.m.a.ExceptionHandlerExceptionResolver - Resolved [org.springframework.web.HttpRequestMethodNotSupportedException: Request method 'GET' is not supported]
2026-05-13 17:05:52.992 WARN  [http-nio-8080-exec-8] o.s.web.servlet.PageNotFound - No mapping for GET /api/leave-encashment-requests
2026-05-13 17:05:52.992 WARN  [http-nio-8080-exec-8] o.s.w.s.m.m.a.ExceptionHandlerExceptionResolver - Resolved [org.springframework.web.servlet.NoHandlerFoundException: No endpoint GET /api/leave-encashment-requests.]
2026-05-13 17:05:52.992 WARN  [http-nio-8080-exec-7] o.s.w.s.m.m.a.ExceptionHandlerExceptionResolver - Resolved [org.springframework.web.HttpRequestMethodNotSupportedException: Request method 'GET' is not supported]
2026-05-13 17:05:53.009 WARN  [http-nio-8080-exec-9] o.s.web.servlet.PageNotFound - No mapping for GET /api/leave-encashment-requests
2026-05-13 17:05:53.009 WARN  [http-nio-8080-exec-9] o.s.w.s.m.m.a.ExceptionHandlerExceptionResolver - Resolved [org.springframework.web.servlet.NoHandlerFoundException: No endpoint GET /api/leave-encashment-requests.]
2026-05-13 17:05:53.009 WARN  [http-nio-8080-exec-6] o.s.w.s.m.m.a.ExceptionHandlerExceptionResolver - Resolved [org.springframework.web.HttpRequestMethodNotSupportedException: Request method 'GET' is not supported]
2026-05-13 17:05:53.023 WARN  [http-nio-8080-exec-1] o.s.web.servlet.PageNotFound - No mapping for GET /api/leave-encashment-requests
2026-05-13 17:05:53.024 WARN  [http-nio-8080-exec-1] o.s.w.s.m.m.a.ExceptionHandlerExceptionResolver - Resolved [org.springframework.web.servlet.NoHandlerFoundException: No endpoint GET /api/leave-encashment-requests.]
2026-05-13 17:05:53.025 WARN  [http-nio-8080-exec-10] o.s.w.s.m.m.a.ExceptionHandlerExceptionResolver - Resolved [org.springframework.web.HttpRequestMethodNotSupportedException: Request method 'GET' is not supported]
2026-05-13 17:05:53.043 WARN  [http-nio-8080-exec-4] o.s.web.servlet.PageNotFound - No mapping for GET /api/leave-encashment-requests
2026-05-13 17:05:53.043 WARN  [http-nio-8080-exec-4] o.s.w.s.m.m.a.ExceptionHandlerExceptionResolver - Resolved [org.springframework.web.servlet.NoHandlerFoundException: No endpoint GET /api/leave-encashment-requests.]
2026-05-13 17:05:53.043 WARN  [http-nio-8080-exec-3] o.s.w.s.m.m.a.ExceptionHandlerExceptionResolver - Resolved [org.springframework.web.HttpRequestMethodNotSupportedException: Request method 'GET' is not supported]
2026-05-13 17:05:53.057 WARN  [http-nio-8080-exec-2] o.s.web.servlet.PageNotFound - No mapping for GET /api/leave-encashment-requests
2026-05-13 17:05:53.058 WARN  [http-nio-8080-exec-2] o.s.w.s.m.m.a.ExceptionHandlerExceptionResolver - Resolved [org.springframework.web.servlet.NoHandlerFoundException: No endpoint GET /api/leave-encashment-requests.]
2026-05-13 17:05:53.058 WARN  [http-nio-8080-exec-5] o.s.w.s.m.m.a.ExceptionHandlerExceptionResolver - Resolved [org.springframework.web.HttpRequestMethodNotSupportedException: Request method 'GET' is not supported]
2026-05-13 17:05:53.073 WARN  [http-nio-8080-exec-8] o.s.web.servlet.PageNotFound - No mapping for GET /api/leave-encashment-requests
2026-05-13 17:05:53.073 WARN  [http-nio-8080-exec-8] o.s.w.s.m.m.a.ExceptionHandlerExceptionResolver - Resolved [org.springframework.web.servlet.NoHandlerFoundException: No endpoint GET /api/leave-encashment-requests.]
2026-05-13 17:05:53.073 WARN  [http-nio-8080-exec-7] o.s.w.s.m.m.a.ExceptionHandlerExceptionResolver - Resolved [org.springframework.web.HttpRequestMethodNotSupportedException: Request method 'GET' is not supported]
2026-05-13 17:05:53.089 WARN  [http-nio-8080-exec-9] o.s.web.servlet.PageNotFound - No mapping for GET /api/leave-encashment-requests
2026-05-13 17:05:53.090 WARN  [http-nio-8080-exec-9] o.s.w.s.m.m.a.ExceptionHandlerExceptionResolver - Resolved [org.springframework.web.servlet.NoHandlerFoundException: No endpoint GET /api/leave-encashment-requests.]
2026-05-13 17:05:53.092 WARN  [http-nio-8080-exec-6] o.s.w.s.m.m.a.ExceptionHandlerExceptionResolver - Resolved [org.springframework.web.HttpRequestMethodNotSupportedException: Request method 'GET' is not supported]
2026-05-13 17:05:53.110 WARN  [http-nio-8080-exec-1] o.s.web.servlet.PageNotFound - No mapping for GET /api/leave-encashment-requests
2026-05-13 17:05:53.110 WARN  [http-nio-8080-exec-1] o.s.w.s.m.m.a.ExceptionHandlerExceptionResolver - Resolved [org.springframework.web.servlet.NoHandlerFoundException: No endpoint GET /api/leave-encashment-requests.]
2026-05-13 17:05:53.111 WARN  [http-nio-8080-exec-10] o.s.w.s.m.m.a.ExceptionHandlerExceptionResolver - Resolved [org.springframework.web.HttpRequestMethodNotSupportedException: Request method 'GET' is not supported]
2026-05-13 17:05:53.128 WARN  [http-nio-8080-exec-4] o.s.web.servlet.PageNotFound - No mapping for GET /api/leave-encashment-requests
2026-05-13 17:05:53.129 WARN  [http-nio-8080-exec-3] o.s.w.s.m.m.a.ExceptionHandlerExceptionResolver - Resolved [org.springframework.web.HttpRequestMethodNotSupportedException: Request method 'GET' is not supported]
2026-05-13 17:05:53.129 WARN  [http-nio-8080-exec-4] o.s.w.s.m.m.a.ExceptionHandlerExceptionResolver - Resolved [org.springframework.web.servlet.NoHandlerFoundException: No endpoint GET /api/leave-encashment-requests.]
2026-05-13 17:05:53.145 WARN  [http-nio-8080-exec-2] o.s.web.servlet.PageNotFound - No mapping for GET /api/leave-encashment-requests
2026-05-13 17:05:53.145 WARN  [http-nio-8080-exec-2] o.s.w.s.m.m.a.ExceptionHandlerExceptionResolver - Resolved [org.springframework.web.servlet.NoHandlerFoundException: No endpoint GET /api/leave-encashment-requests.]
2026-05-13 17:05:53.147 WARN  [http-nio-8080-exec-5] o.s.w.s.m.m.a.ExceptionHandlerExceptionResolver - Resolved [org.springframework.web.HttpRequestMethodNotSupportedException: Request method 'GET' is not supported]
2026-05-13 17:05:53.161 WARN  [http-nio-8080-exec-8] o.s.web.servlet.PageNotFound - No mapping for GET /api/leave-encashment-requests
2026-05-13 17:05:53.162 WARN  [http-nio-8080-exec-8] o.s.w.s.m.m.a.ExceptionHandlerExceptionResolver - Resolved [org.springframework.web.servlet.NoHandlerFoundException: No endpoint GET /api/leave-encashment-requests.]
2026-05-13 17:05:53.162 WARN  [http-nio-8080-exec-7] o.s.w.s.m.m.a.ExceptionHandlerExceptionResolver - Resolved [org.springframework.web.HttpRequestMethodNotSupportedException: Request method 'GET' is not supported]
2026-05-13 17:05:53.177 WARN  [http-nio-8080-exec-9] o.s.web.servlet.PageNotFound - No mapping for GET /api/leave-encashment-requests
2026-05-13 17:05:53.177 WARN  [http-nio-8080-exec-9] o.s.w.s.m.m.a.ExceptionHandlerExceptionResolver - Resolved [org.springframework.web.servlet.NoHandlerFoundException: No endpoint GET /api/leave-encashment-requests.]
2026-05-13 17:05:53.178 WARN  [http-nio-8080-exec-6] o.s.w.s.m.m.a.ExceptionHandlerExceptionResolver - Resolved [org.springframework.web.HttpRequestMethodNotSupportedException: Request method 'GET' is not supported]
2026-05-13 17:05:53.193 WARN  [http-nio-8080-exec-1] o.s.web.servlet.PageNotFound - No mapping for GET /api/leave-encashment-requests
2026-05-13 17:05:53.193 WARN  [http-nio-8080-exec-1] o.s.w.s.m.m.a.ExceptionHandlerExceptionResolver - Resolved [org.springframework.web.servlet.NoHandlerFoundException: No endpoint GET /api/leave-encashment-requests.]
2026-05-13 17:05:53.194 WARN  [http-nio-8080-exec-10] o.s.w.s.m.m.a.ExceptionHandlerExceptionResolver - Resolved [org.springframework.web.HttpRequestMethodNotSupportedException: Request method 'GET' is not supported]
2026-05-13 17:05:53.208 WARN  [http-nio-8080-exec-3] o.s.web.servlet.PageNotFound - No mapping for GET /api/leave-encashment-requests
2026-05-13 17:05:53.209 WARN  [http-nio-8080-exec-3] o.s.w.s.m.m.a.ExceptionHandlerExceptionResolver - Resolved [org.springframework.web.servlet.NoHandlerFoundException: No endpoint GET /api/leave-encashment-requests.]
2026-05-13 17:05:53.209 WARN  [http-nio-8080-exec-4] o.s.w.s.m.m.a.ExceptionHandlerExceptionResolver - Resolved [org.springframework.web.HttpRequestMethodNotSupportedException: Request method 'GET' is not supported]
2026-05-13 17:05:53.225 WARN  [http-nio-8080-exec-2] o.s.web.servlet.PageNotFound - No mapping for GET /api/leave-encashment-requests
2026-05-13 17:05:53.226 WARN  [http-nio-8080-exec-2] o.s.w.s.m.m.a.ExceptionHandlerExceptionResolver - Resolved [org.springframework.web.servlet.NoHandlerFoundException: No endpoint GET /api/leave-encashment-requests.]
2026-05-13 17:05:53.226 WARN  [http-nio-8080-exec-5] o.s.w.s.m.m.a.ExceptionHandlerExceptionResolver - Resolved [org.springframework.web.HttpRequestMethodNotSupportedException: Request method 'GET' is not supported]
2026-05-13 17:05:53.242 WARN  [http-nio-8080-exec-7] o.s.w.s.m.m.a.ExceptionHandlerExceptionResolver - Resolved [org.springframework.web.HttpRequestMethodNotSupportedException: Request method 'GET' is not supported]
2026-05-13 17:05:53.242 WARN  [http-nio-8080-exec-8] o.s.web.servlet.PageNotFound - No mapping for GET /api/leave-encashment-requests
2026-05-13 17:05:53.243 WARN  [http-nio-8080-exec-8] o.s.w.s.m.m.a.ExceptionHandlerExceptionResolver - Resolved [org.springframework.web.servlet.NoHandlerFoundException: No endpoint GET /api/leave-encashment-requests.]
2026-05-13 17:05:53.257 WARN  [http-nio-8080-exec-9] o.s.web.servlet.PageNotFound - No mapping for GET /api/leave-encashment-requests
2026-05-13 17:05:53.257 WARN  [http-nio-8080-exec-9] o.s.w.s.m.m.a.ExceptionHandlerExceptionResolver - Resolved [org.springframework.web.servlet.NoHandlerFoundException: No endpoint GET /api/leave-encashment-requests.]
2026-05-13 17:05:53.257 WARN  [http-nio-8080-exec-6] o.s.w.s.m.m.a.ExceptionHandlerExceptionResolver - Resolved [org.springframework.web.HttpRequestMethodNotSupportedException: Request method 'GET' is not supported]
2026-05-13 17:05:53.275 WARN  [http-nio-8080-exec-1] o.s.web.servlet.PageNotFound - No mapping for GET /api/leave-encashment-requests
2026-05-13 17:05:53.275 WARN  [http-nio-8080-exec-10] o.s.w.s.m.m.a.ExceptionHandlerExceptionResolver - Resolved [org.springframework.web.HttpRequestMethodNotSupportedException: Request method 'GET' is not supported]
2026-05-13 17:05:53.276 WARN  [http-nio-8080-exec-1] o.s.w.s.m.m.a.ExceptionHandlerExceptionResolver - Resolved [org.springframework.web.servlet.NoHandlerFoundException: No endpoint GET /api/leave-encashment-requests.]
2026-05-13 17:05:53.292 WARN  [http-nio-8080-exec-3] o.s.web.servlet.PageNotFound - No mapping for GET /api/leave-encashment-requests
2026-05-13 17:05:53.293 WARN  [http-nio-8080-exec-4] o.s.w.s.m.m.a.ExceptionHandlerExceptionResolver - Resolved [org.springframework.web.HttpRequestMethodNotSupportedException: Request method 'GET' is not supported]
2026-05-13 17:05:53.294 WARN  [http-nio-8080-exec-3] o.s.w.s.m.m.a.ExceptionHandlerExceptionResolver - Resolved [org.springframework.web.servlet.NoHandlerFoundException: No endpoint GET /api/leave-encashment-requests.]
2026-05-13 17:05:53.310 WARN  [http-nio-8080-exec-5] o.s.w.s.m.m.a.ExceptionHandlerExceptionResolver - Resolved [org.springframework.web.HttpRequestMethodNotSupportedException: Request method 'GET' is not supported]
2026-05-13 17:05:53.311 WARN  [http-nio-8080-exec-2] o.s.web.servlet.PageNotFound - No mapping for GET /api/leave-encashment-requests
2026-05-13 17:05:53.312 WARN  [http-nio-8080-exec-2] o.s.w.s.m.m.a.ExceptionHandlerExceptionResolver - Resolved [org.springframework.web.servlet.NoHandlerFoundException: No endpoint GET /api/leave-encashment-requests.]
2026-05-13 17:05:53.328 WARN  [http-nio-8080-exec-7] o.s.web.servlet.PageNotFound - No mapping for GET /api/leave-encashment-requests
2026-05-13 17:05:53.329 WARN  [http-nio-8080-exec-7] o.s.w.s.m.m.a.ExceptionHandlerExceptionResolver - Resolved [org.springframework.web.servlet.NoHandlerFoundException: No endpoint GET /api/leave-encashment-requests.]
2026-05-13 17:05:53.329 WARN  [http-nio-8080-exec-8] o.s.w.s.m.m.a.ExceptionHandlerExceptionResolver - Resolved [org.springframework.web.HttpRequestMethodNotSupportedException: Request method 'GET' is not supported]
2026-05-13 17:05:53.343 WARN  [http-nio-8080-exec-9] o.s.web.servlet.PageNotFound - No mapping for GET /api/leave-encashment-requests
2026-05-13 17:05:53.344 WARN  [http-nio-8080-exec-9] o.s.w.s.m.m.a.ExceptionHandlerExceptionResolver - Resolved [org.springframework.web.servlet.NoHandlerFoundException: No endpoint GET /api/leave-encashment-requests.]
2026-05-13 17:05:53.345 WARN  [http-nio-8080-exec-6] o.s.w.s.m.m.a.ExceptionHandlerExceptionResolver - Resolved [org.springframework.web.HttpRequestMethodNotSupportedException: Request method 'GET' is not supported]
2026-05-13 17:05:53.360 WARN  [http-nio-8080-exec-10] o.s.web.servlet.PageNotFound - No mapping for GET /api/leave-encashment-requests
2026-05-13 17:05:53.360 WARN  [http-nio-8080-exec-1] o.s.w.s.m.m.a.ExceptionHandlerExceptionResolver - Resolved [org.springframework.web.HttpRequestMethodNotSupportedException: Request method 'GET' is not supported]
2026-05-13 17:05:53.360 WARN  [http-nio-8080-exec-10] o.s.w.s.m.m.a.ExceptionHandlerExceptionResolver - Resolved [org.springframework.web.servlet.NoHandlerFoundException: No endpoint GET /api/leave-encashment-requests.]
2026-05-13 17:05:53.378 WARN  [http-nio-8080-exec-4] o.s.web.servlet.PageNotFound - No mapping for GET /api/leave-encashment-requests
2026-05-13 17:05:53.378 WARN  [http-nio-8080-exec-3] o.s.w.s.m.m.a.ExceptionHandlerExceptionResolver - Resolved [org.springframework.web.HttpRequestMethodNotSupportedException: Request method 'GET' is not supported]
2026-05-13 17:05:53.378 WARN  [http-nio-8080-exec-4] o.s.w.s.m.m.a.ExceptionHandlerExceptionResolver - Resolved [org.springframework.web.servlet.NoHandlerFoundException: No endpoint GET /api/leave-encashment-requests.]
2026-05-13 17:05:53.399 WARN  [http-nio-8080-exec-5] o.s.web.servlet.PageNotFound - No mapping for GET /api/leave-encashment-requests
2026-05-13 17:05:53.400 WARN  [http-nio-8080-exec-5] o.s.w.s.m.m.a.ExceptionHandlerExceptionResolver - Resolved [org.springframework.web.servlet.NoHandlerFoundException: No endpoint GET /api/leave-encashment-requests.]
2026-05-13 17:05:53.400 WARN  [http-nio-8080-exec-2] o.s.w.s.m.m.a.ExceptionHandlerExceptionResolver - Resolved [org.springframework.web.HttpRequestMethodNotSupportedException: Request method 'GET' is not supported]
2026-05-13 17:05:53.416 WARN  [http-nio-8080-exec-8] o.s.w.s.m.m.a.ExceptionHandlerExceptionResolver - Resolved [org.springframework.web.HttpRequestMethodNotSupportedException: Request method 'GET' is not supported]
2026-05-13 17:05:53.417 WARN  [http-nio-8080-exec-7] o.s.web.servlet.PageNotFound - No mapping for GET /api/leave-encashment-requests
2026-05-13 17:05:53.417 WARN  [http-nio-8080-exec-7] o.s.w.s.m.m.a.ExceptionHandlerExceptionResolver - Resolved [org.springframework.web.servlet.NoHandlerFoundException: No endpoint GET /api/leave-encashment-requests.]
2026-05-13 17:05:53.435 WARN  [http-nio-8080-exec-9] o.s.web.servlet.PageNotFound - No mapping for GET /api/leave-encashment-requests
2026-05-13 17:05:53.435 WARN  [http-nio-8080-exec-6] o.s.w.s.m.m.a.ExceptionHandlerExceptionResolver - Resolved [org.springframework.web.HttpRequestMethodNotSupportedException: Request method 'GET' is not supported]
2026-05-13 17:05:53.435 WARN  [http-nio-8080-exec-9] o.s.w.s.m.m.a.ExceptionHandlerExceptionResolver - Resolved [org.springframework.web.servlet.NoHandlerFoundException: No endpoint GET /api/leave-encashment-requests.]
2026-05-13 17:05:53.459 WARN  [http-nio-8080-exec-1] o.s.web.servlet.PageNotFound - No mapping for GET /api/leave-encashment-requests
2026-05-13 17:05:53.460 WARN  [http-nio-8080-exec-10] o.s.w.s.m.m.a.ExceptionHandlerExceptionResolver - Resolved [org.springframework.web.HttpRequestMethodNotSupportedException: Request method 'GET' is not supported]
2026-05-13 17:05:53.460 WARN  [http-nio-8080-exec-1] o.s.w.s.m.m.a.ExceptionHandlerExceptionResolver - Resolved [org.springframework.web.servlet.NoHandlerFoundException: No endpoint GET /api/leave-encashment-requests.]
2026-05-13 17:05:53.478 WARN  [http-nio-8080-exec-3] o.s.web.servlet.PageNotFound - No mapping for GET /api/leave-encashment-requests
2026-05-13 17:05:53.478 WARN  [http-nio-8080-exec-3] o.s.w.s.m.m.a.ExceptionHandlerExceptionResolver - Resolved [org.springframework.web.servlet.NoHandlerFoundException: No endpoint GET /api/leave-encashment-requests.]
2026-05-13 17:05:53.479 WARN  [http-nio-8080-exec-4] o.s.w.s.m.m.a.ExceptionHandlerExceptionResolver - Resolved [org.springframework.web.HttpRequestMethodNotSupportedException: Request method 'GET' is not supported]
2026-05-13 17:05:53.497 WARN  [http-nio-8080-exec-5] o.s.web.servlet.PageNotFound - No mapping for GET /api/leave-encashment-requests
2026-05-13 17:05:53.497 WARN  [http-nio-8080-exec-2] o.s.w.s.m.m.a.ExceptionHandlerExceptionResolver - Resolved [org.springframework.web.HttpRequestMethodNotSupportedException: Request method 'GET' is not supported]
2026-05-13 17:05:53.497 WARN  [http-nio-8080-exec-5] o.s.w.s.m.m.a.ExceptionHandlerExceptionResolver - Resolved [org.springframework.web.servlet.NoHandlerFoundException: No endpoint GET /api/leave-encashment-requests.]
2026-05-13 17:05:53.512 WARN  [http-nio-8080-exec-8] o.s.web.servlet.PageNotFound - No mapping for GET /api/leave-encashment-requests
2026-05-13 17:05:53.512 WARN  [http-nio-8080-exec-7] o.s.w.s.m.m.a.ExceptionHandlerExceptionResolver - Resolved [org.springframework.web.HttpRequestMethodNotSupportedException: Request method 'GET' is not supported]
2026-05-13 17:05:53.512 WARN  [http-nio-8080-exec-8] o.s.w.s.m.m.a.ExceptionHandlerExceptionResolver - Resolved [org.springframework.web.servlet.NoHandlerFoundException: No endpoint GET /api/leave-encashment-requests.]
2026-05-13 17:05:53.529 WARN  [http-nio-8080-exec-9] o.s.w.s.m.m.a.ExceptionHandlerExceptionResolver - Resolved [org.springframework.web.HttpRequestMethodNotSupportedException: Request method 'GET' is not supported]
2026-05-13 17:05:53.529 WARN  [http-nio-8080-exec-6] o.s.web.servlet.PageNotFound - No mapping for GET /api/leave-encashment-requests
2026-05-13 17:05:53.529 WARN  [http-nio-8080-exec-6] o.s.w.s.m.m.a.ExceptionHandlerExceptionResolver - Resolved [org.springframework.web.servlet.NoHandlerFoundException: No endpoint GET /api/leave-encashment-requests.]
2026-05-13 17:05:53.546 WARN  [http-nio-8080-exec-10] o.s.web.servlet.PageNotFound - No mapping for GET /api/leave-encashment-requests
2026-05-13 17:05:53.546 WARN  [http-nio-8080-exec-10] o.s.w.s.m.m.a.ExceptionHandlerExceptionResolver - Resolved [org.springframework.web.servlet.NoHandlerFoundException: No endpoint GET /api/leave-encashment-requests.]
2026-05-13 17:05:53.546 WARN  [http-nio-8080-exec-1] o.s.w.s.m.m.a.ExceptionHandlerExceptionResolver - Resolved [org.springframework.web.HttpRequestMethodNotSupportedException: Request method 'GET' is not supported]
2026-05-13 17:05:53.562 WARN  [http-nio-8080-exec-3] o.s.web.servlet.PageNotFound - No mapping for GET /api/leave-encashment-requests
2026-05-13 17:05:53.563 WARN  [http-nio-8080-exec-3] o.s.w.s.m.m.a.ExceptionHandlerExceptionResolver - Resolved [org.springframework.web.servlet.NoHandlerFoundException: No endpoint GET /api/leave-encashment-requests.]
2026-05-13 17:05:53.563 WARN  [http-nio-8080-exec-4] o.s.w.s.m.m.a.ExceptionHandlerExceptionResolver - Resolved [org.springframework.web.HttpRequestMethodNotSupportedException: Request method 'GET' is not supported]
2026-05-13 17:05:53.577 WARN  [http-nio-8080-exec-2] o.s.web.servlet.PageNotFound - No mapping for GET /api/leave-encashment-requests
2026-05-13 17:05:53.578 WARN  [http-nio-8080-exec-2] o.s.w.s.m.m.a.ExceptionHandlerExceptionResolver - Resolved [org.springframework.web.servlet.NoHandlerFoundException: No endpoint GET /api/leave-encashment-requests.]
2026-05-13 17:05:53.578 WARN  [http-nio-8080-exec-5] o.s.w.s.m.m.a.ExceptionHandlerExceptionResolver - Resolved [org.springframework.web.HttpRequestMethodNotSupportedException: Request method 'GET' is not supported]
2026-05-13 17:05:53.594 WARN  [http-nio-8080-exec-7] o.s.web.servlet.PageNotFound - No mapping for GET /api/leave-encashment-requests
2026-05-13 17:05:53.594 WARN  [http-nio-8080-exec-7] o.s.w.s.m.m.a.ExceptionHandlerExceptionResolver - Resolved [org.springframework.web.servlet.NoHandlerFoundException: No endpoint GET /api/leave-encashment-requests.]
2026-05-13 17:05:53.595 WARN  [http-nio-8080-exec-8] o.s.w.s.m.m.a.ExceptionHandlerExceptionResolver - Resolved [org.springframework.web.HttpRequestMethodNotSupportedException: Request method 'GET' is not supported]
2026-05-13 17:05:53.612 WARN  [http-nio-8080-exec-9] o.s.web.servlet.PageNotFound - No mapping for GET /api/leave-encashment-requests
2026-05-13 17:05:53.612 WARN  [http-nio-8080-exec-9] o.s.w.s.m.m.a.ExceptionHandlerExceptionResolver - Resolved [org.springframework.web.servlet.NoHandlerFoundException: No endpoint GET /api/leave-encashment-requests.]
2026-05-13 17:05:53.613 WARN  [http-nio-8080-exec-6] o.s.w.s.m.m.a.ExceptionHandlerExceptionResolver - Resolved [org.springframework.web.HttpRequestMethodNotSupportedException: Request method 'GET' is not supported]
2026-05-13 17:05:53.627 WARN  [http-nio-8080-exec-1] o.s.w.s.m.m.a.ExceptionHandlerExceptionResolver - Resolved [org.springframework.web.HttpRequestMethodNotSupportedException: Request method 'GET' is not supported]
2026-05-13 17:05:53.627 WARN  [http-nio-8080-exec-10] o.s.web.servlet.PageNotFound - No mapping for GET /api/leave-encashment-requests
2026-05-13 17:05:53.628 WARN  [http-nio-8080-exec-10] o.s.w.s.m.m.a.ExceptionHandlerExceptionResolver - Resolved [org.springframework.web.servlet.NoHandlerFoundException: No endpoint GET /api/leave-encashment-requests.]
2026-05-13 17:05:53.644 WARN  [http-nio-8080-exec-3] o.s.web.servlet.PageNotFound - No mapping for GET /api/leave-encashment-requests
2026-05-13 17:05:53.644 WARN  [http-nio-8080-exec-3] o.s.w.s.m.m.a.ExceptionHandlerExceptionResolver - Resolved [org.springframework.web.servlet.NoHandlerFoundException: No endpoint GET /api/leave-encashment-requests.]
2026-05-13 17:05:53.645 WARN  [http-nio-8080-exec-4] o.s.w.s.m.m.a.ExceptionHandlerExceptionResolver - Resolved [org.springframework.web.HttpRequestMethodNotSupportedException: Request method 'GET' is not supported]
2026-05-13 17:05:53.661 WARN  [http-nio-8080-exec-2] o.s.web.servlet.PageNotFound - No mapping for GET /api/leave-encashment-requests
2026-05-13 17:05:53.662 WARN  [http-nio-8080-exec-5] o.s.w.s.m.m.a.ExceptionHandlerExceptionResolver - Resolved [org.springframework.web.HttpRequestMethodNotSupportedException: Request method 'GET' is not supported]
2026-05-13 17:05:53.662 WARN  [http-nio-8080-exec-2] o.s.w.s.m.m.a.ExceptionHandlerExceptionResolver - Resolved [org.springframework.web.servlet.NoHandlerFoundException: No endpoint GET /api/leave-encashment-requests.]
2026-05-13 17:05:53.678 WARN  [http-nio-8080-exec-7] o.s.web.servlet.PageNotFound - No mapping for GET /api/leave-encashment-requests
2026-05-13 17:05:53.678 WARN  [http-nio-8080-exec-7] o.s.w.s.m.m.a.ExceptionHandlerExceptionResolver - Resolved [org.springframework.web.servlet.NoHandlerFoundException: No endpoint GET /api/leave-encashment-requests.]
2026-05-13 17:05:53.679 WARN  [http-nio-8080-exec-8] o.s.w.s.m.m.a.ExceptionHandlerExceptionResolver - Resolved [org.springframework.web.HttpRequestMethodNotSupportedException: Request method 'GET' is not supported]
2026-05-13 17:05:53.694 WARN  [http-nio-8080-exec-9] o.s.web.servlet.PageNotFound - No mapping for GET /api/leave-encashment-requests
2026-05-13 17:05:53.695 WARN  [http-nio-8080-exec-9] o.s.w.s.m.m.a.ExceptionHandlerExceptionResolver - Resolved [org.springframework.web.servlet.NoHandlerFoundException: No endpoint GET /api/leave-encashment-requests.]
2026-05-13 17:05:53.695 WARN  [http-nio-8080-exec-6] o.s.w.s.m.m.a.ExceptionHandlerExceptionResolver - Resolved [org.springframework.web.HttpRequestMethodNotSupportedException: Request method 'GET' is not supported]
2026-05-13 17:05:53.713 WARN  [http-nio-8080-exec-1] o.s.web.servlet.PageNotFound - No mapping for GET /api/leave-encashment-requests
2026-05-13 17:05:53.713 WARN  [http-nio-8080-exec-1] o.s.w.s.m.m.a.ExceptionHandlerExceptionResolver - Resolved [org.springframework.web.servlet.NoHandlerFoundException: No endpoint GET /api/leave-encashment-requests.]
2026-05-13 17:05:53.715 WARN  [http-nio-8080-exec-10] o.s.w.s.m.m.a.ExceptionHandlerExceptionResolver - Resolved [org.springframework.web.HttpRequestMethodNotSupportedException: Request method 'GET' is not supported]
2026-05-13 17:05:53.731 WARN  [http-nio-8080-exec-3] o.s.web.servlet.PageNotFound - No mapping for GET /api/leave-encashment-requests
2026-05-13 17:05:53.731 WARN  [http-nio-8080-exec-4] o.s.w.s.m.m.a.ExceptionHandlerExceptionResolver - Resolved [org.springframework.web.HttpRequestMethodNotSupportedException: Request method 'GET' is not supported]
2026-05-13 17:05:53.731 WARN  [http-nio-8080-exec-3] o.s.w.s.m.m.a.ExceptionHandlerExceptionResolver - Resolved [org.springframework.web.servlet.NoHandlerFoundException: No endpoint GET /api/leave-encashment-requests.]
2026-05-13 17:05:53.748 WARN  [http-nio-8080-exec-5] o.s.web.servlet.PageNotFound - No mapping for GET /api/leave-encashment-requests
2026-05-13 17:05:53.749 WARN  [http-nio-8080-exec-5] o.s.w.s.m.m.a.ExceptionHandlerExceptionResolver - Resolved [org.springframework.web.servlet.NoHandlerFoundException: No endpoint GET /api/leave-encashment-requests.]
2026-05-13 17:05:53.753 WARN  [http-nio-8080-exec-2] o.s.w.s.m.m.a.ExceptionHandlerExceptionResolver - Resolved [org.springframework.web.HttpRequestMethodNotSupportedException: Request method 'GET' is not supported]
2026-05-13 17:05:53.769 WARN  [http-nio-8080-exec-7] o.s.web.servlet.PageNotFound - No mapping for GET /api/leave-encashment-requests
2026-05-13 17:05:53.770 WARN  [http-nio-8080-exec-7] o.s.w.s.m.m.a.ExceptionHandlerExceptionResolver - Resolved [org.springframework.web.servlet.NoHandlerFoundException: No endpoint GET /api/leave-encashment-requests.]
2026-05-13 17:05:53.770 WARN  [http-nio-8080-exec-8] o.s.w.s.m.m.a.ExceptionHandlerExceptionResolver - Resolved [org.springframework.web.HttpRequestMethodNotSupportedException: Request method 'GET' is not supported]
2026-05-13 17:05:53.795 WARN  [http-nio-8080-exec-9] o.s.web.servlet.PageNotFound - No mapping for GET /api/leave-encashment-requests
2026-05-13 17:05:53.795 WARN  [http-nio-8080-exec-6] o.s.w.s.m.m.a.ExceptionHandlerExceptionResolver - Resolved [org.springframework.web.HttpRequestMethodNotSupportedException: Request method 'GET' is not supported]
2026-05-13 17:05:53.795 WARN  [http-nio-8080-exec-9] o.s.w.s.m.m.a.ExceptionHandlerExceptionResolver - Resolved [org.springframework.web.servlet.NoHandlerFoundException: No endpoint GET /api/leave-encashment-requests.]
2026-05-13 17:05:53.818 WARN  [http-nio-8080-exec-1] o.s.web.servlet.PageNotFound - No mapping for GET /api/leave-encashment-requests
2026-05-13 17:05:53.818 WARN  [http-nio-8080-exec-1] o.s.w.s.m.m.a.ExceptionHandlerExceptionResolver - Resolved [org.springframework.web.servlet.NoHandlerFoundException: No endpoint GET /api/leave-encashment-requests.]
2026-05-13 17:05:53.818 WARN  [http-nio-8080-exec-10] o.s.w.s.m.m.a.ExceptionHandlerExceptionResolver - Resolved [org.springframework.web.HttpRequestMethodNotSupportedException: Request method 'GET' is not supported]
2026-05-13 17:05:53.848 WARN  [http-nio-8080-exec-4] o.s.web.servlet.PageNotFound - No mapping for GET /api/leave-encashment-requests
2026-05-13 17:05:53.849 WARN  [http-nio-8080-exec-3] o.s.w.s.m.m.a.ExceptionHandlerExceptionResolver - Resolved [org.springframework.web.HttpRequestMethodNotSupportedException: Request method 'GET' is not supported]
2026-05-13 17:05:53.849 WARN  [http-nio-8080-exec-4] o.s.w.s.m.m.a.ExceptionHandlerExceptionResolver - Resolved [org.springframework.web.servlet.NoHandlerFoundException: No endpoint GET /api/leave-encashment-requests.]
2026-05-13 17:05:53.869 WARN  [http-nio-8080-exec-2] o.s.w.s.m.m.a.ExceptionHandlerExceptionResolver - Resolved [org.springframework.web.HttpRequestMethodNotSupportedException: Request method 'GET' is not supported]
2026-05-13 17:05:53.870 WARN  [http-nio-8080-exec-5] o.s.web.servlet.PageNotFound - No mapping for GET /api/leave-encashment-requests
2026-05-13 17:05:53.871 WARN  [http-nio-8080-exec-5] o.s.w.s.m.m.a.ExceptionHandlerExceptionResolver - Resolved [org.springframework.web.servlet.NoHandlerFoundException: No endpoint GET /api/leave-encashment-requests.]
2026-05-13 17:05:53.891 WARN  [http-nio-8080-exec-8] o.s.w.s.m.m.a.ExceptionHandlerExceptionResolver - Resolved [org.springframework.web.HttpRequestMethodNotSupportedException: Request method 'GET' is not supported]
2026-05-13 17:05:53.891 WARN  [http-nio-8080-exec-7] o.s.web.servlet.PageNotFound - No mapping for GET /api/leave-encashment-requests
2026-05-13 17:05:53.892 WARN  [http-nio-8080-exec-7] o.s.w.s.m.m.a.ExceptionHandlerExceptionResolver - Resolved [org.springframework.web.servlet.NoHandlerFoundException: No endpoint GET /api/leave-encashment-requests.]
2026-05-13 17:05:53.907 WARN  [http-nio-8080-exec-6] o.s.web.servlet.PageNotFound - No mapping for GET /api/leave-encashment-requests
2026-05-13 17:05:53.909 WARN  [http-nio-8080-exec-6] o.s.w.s.m.m.a.ExceptionHandlerExceptionResolver - Resolved [org.springframework.web.servlet.NoHandlerFoundException: No endpoint GET /api/leave-encashment-requests.]
2026-05-13 17:05:53.910 WARN  [http-nio-8080-exec-9] o.s.w.s.m.m.a.ExceptionHandlerExceptionResolver - Resolved [org.springframework.web.HttpRequestMethodNotSupportedException: Request method 'GET' is not supported]
2026-05-13 17:10:16.336 INFO  [restartedMain] com.gm.hrms.GMHrmsApplication - Starting GMHrmsApplication using Java 21.0.7 with PID 67920 (D:\Projects\GM HRMS\gm-hrms-backend\target\classes started by G M TECHNOSYS in D:\Projects\GM HRMS\gm-hrms-backend)
2026-05-13 17:10:16.339 INFO  [restartedMain] com.gm.hrms.GMHrmsApplication - The following 1 profile is active: "dev"
2026-05-13 17:10:20.203 WARN  [restartedMain] org.hibernate.orm.deprecation - HHH90000025: PostgreSQLDialect does not need to be specified explicitly using 'hibernate.dialect' (remove the property setting and it will be selected by default)
2026-05-13 17:10:23.945 WARN  [restartedMain] o.s.s.c.a.a.c.InitializeUserDetailsBeanManagerConfigurer$InitializeUserDetailsManagerConfigurer - Global AuthenticationManager configured with an AuthenticationProvider bean. UserDetailsService beans will not be used by Spring Security for automatically configuring username/password login. Consider removing the AuthenticationProvider bean. Alternatively, consider using the UserDetailsService in a manually instantiated DaoAuthenticationProvider. If the current configuration is intentional, to turn off this warning, increase the logging level of 'org.springframework.security.config.annotation.authentication.configuration.InitializeUserDetailsBeanManagerConfigurer' to ERROR
2026-05-13 17:10:25.843 WARN  [restartedMain] n.s.j.engine.xml.JRTextFieldFactory - The 'isStretchWithOverflow' attribute is deprecated. Use the 'textAdjust' attribute instead.
2026-05-13 17:10:25.955 WARN  [restartedMain] n.s.j.engine.xml.JRTextFieldFactory - The 'isStretchWithOverflow' attribute is deprecated. Use the 'textAdjust' attribute instead.
2026-05-13 17:10:26.267 INFO  [restartedMain] c.g.h.r.s.i.JasperPayslipReportService - Payslip JRXML compiled and cached successfully from 'reports/payslip.jrxml'.
2026-05-13 17:10:26.600 WARN  [restartedMain] o.s.b.j.a.JpaBaseConfiguration$JpaWebConfiguration - spring.jpa.open-in-view is enabled by default. Therefore, database queries may be performed during view rendering. Explicitly configure spring.jpa.open-in-view to disable this warning
2026-05-13 17:10:27.329 INFO  [restartedMain] com.gm.hrms.GMHrmsApplication - Started GMHrmsApplication in 11.606 seconds (process running for 12.382)
2026-05-13 17:11:21.040 WARN  [http-nio-8080-exec-7] o.s.w.s.m.m.a.ExceptionHandlerExceptionResolver - Resolved [org.springframework.web.HttpRequestMethodNotSupportedException: Request method 'GET' is not supported]
2026-05-13 17:11:21.092 WARN  [http-nio-8080-exec-10] o.s.w.s.m.m.a.ExceptionHandlerExceptionResolver - Resolved [org.springframework.web.HttpRequestMethodNotSupportedException: Request method 'GET' is not supported]
2026-05-13 17:11:21.131 WARN  [http-nio-8080-exec-4] o.s.w.s.m.m.a.ExceptionHandlerExceptionResolver - Resolved [org.springframework.web.HttpRequestMethodNotSupportedException: Request method 'GET' is not supported]
2026-05-13 17:11:21.162 WARN  [http-nio-8080-exec-9] o.s.w.s.m.m.a.ExceptionHandlerExceptionResolver - Resolved [org.springframework.web.HttpRequestMethodNotSupportedException: Request method 'GET' is not supported]
2026-05-13 17:11:21.191 WARN  [http-nio-8080-exec-8] o.s.w.s.m.m.a.ExceptionHandlerExceptionResolver - Resolved [org.springframework.web.HttpRequestMethodNotSupportedException: Request method 'GET' is not supported]
2026-05-13 17:11:21.220 WARN  [http-nio-8080-exec-1] o.s.w.s.m.m.a.ExceptionHandlerExceptionResolver - Resolved [org.springframework.web.HttpRequestMethodNotSupportedException: Request method 'GET' is not supported]
2026-05-13 17:11:21.265 WARN  [http-nio-8080-exec-5] o.s.w.s.m.m.a.ExceptionHandlerExceptionResolver - Resolved [org.springframework.web.HttpRequestMethodNotSupportedException: Request method 'GET' is not supported]
2026-05-13 17:11:21.290 WARN  [http-nio-8080-exec-3] o.s.w.s.m.m.a.ExceptionHandlerExceptionResolver - Resolved [org.springframework.web.HttpRequestMethodNotSupportedException: Request method 'GET' is not supported]
2026-05-13 17:11:21.312 WARN  [http-nio-8080-exec-9] o.s.w.s.m.m.a.ExceptionHandlerExceptionResolver - Resolved [org.springframework.web.HttpRequestMethodNotSupportedException: Request method 'GET' is not supported]
2026-05-13 17:11:21.337 WARN  [http-nio-8080-exec-8] o.s.w.s.m.m.a.ExceptionHandlerExceptionResolver - Resolved [org.springframework.web.HttpRequestMethodNotSupportedException: Request method 'GET' is not supported]
2026-05-13 17:11:21.356 WARN  [http-nio-8080-exec-1] o.s.w.s.m.m.a.ExceptionHandlerExceptionResolver - Resolved [org.springframework.web.HttpRequestMethodNotSupportedException: Request method 'GET' is not supported]
2026-05-13 17:11:21.389 WARN  [http-nio-8080-exec-7] o.s.w.s.m.m.a.ExceptionHandlerExceptionResolver - Resolved [org.springframework.web.HttpRequestMethodNotSupportedException: Request method 'GET' is not supported]
2026-05-13 17:11:21.412 WARN  [http-nio-8080-exec-10] o.s.w.s.m.m.a.ExceptionHandlerExceptionResolver - Resolved [org.springframework.web.HttpRequestMethodNotSupportedException: Request method 'GET' is not supported]
2026-05-13 17:11:21.436 WARN  [http-nio-8080-exec-4] o.s.w.s.m.m.a.ExceptionHandlerExceptionResolver - Resolved [org.springframework.web.HttpRequestMethodNotSupportedException: Request method 'GET' is not supported]
2026-05-13 17:11:21.463 WARN  [http-nio-8080-exec-2] o.s.w.s.m.m.a.ExceptionHandlerExceptionResolver - Resolved [org.springframework.web.HttpRequestMethodNotSupportedException: Request method 'GET' is not supported]
2026-05-13 17:11:21.489 WARN  [http-nio-8080-exec-1] o.s.w.s.m.m.a.ExceptionHandlerExceptionResolver - Resolved [org.springframework.web.HttpRequestMethodNotSupportedException: Request method 'GET' is not supported]
2026-05-13 17:11:21.504 WARN  [http-nio-8080-exec-7] o.s.w.s.m.m.a.ExceptionHandlerExceptionResolver - Resolved [org.springframework.web.HttpRequestMethodNotSupportedException: Request method 'GET' is not supported]
2026-05-13 17:11:21.537 WARN  [http-nio-8080-exec-10] o.s.w.s.m.m.a.ExceptionHandlerExceptionResolver - Resolved [org.springframework.web.HttpRequestMethodNotSupportedException: Request method 'GET' is not supported]
2026-05-13 17:11:21.570 WARN  [http-nio-8080-exec-3] o.s.w.s.m.m.a.ExceptionHandlerExceptionResolver - Resolved [org.springframework.web.HttpRequestMethodNotSupportedException: Request method 'GET' is not supported]
2026-05-13 17:11:21.587 WARN  [http-nio-8080-exec-9] o.s.w.s.m.m.a.ExceptionHandlerExceptionResolver - Resolved [org.springframework.web.HttpRequestMethodNotSupportedException: Request method 'GET' is not supported]
2026-05-13 17:11:21.608 WARN  [http-nio-8080-exec-8] o.s.w.s.m.m.a.ExceptionHandlerExceptionResolver - Resolved [org.springframework.web.HttpRequestMethodNotSupportedException: Request method 'GET' is not supported]
2026-05-13 17:11:21.629 WARN  [http-nio-8080-exec-6] o.s.w.s.m.m.a.ExceptionHandlerExceptionResolver - Resolved [org.springframework.web.HttpRequestMethodNotSupportedException: Request method 'GET' is not supported]
2026-05-13 17:11:21.654 WARN  [http-nio-8080-exec-10] o.s.w.s.m.m.a.ExceptionHandlerExceptionResolver - Resolved [org.springframework.web.HttpRequestMethodNotSupportedException: Request method 'GET' is not supported]
2026-05-13 17:11:21.684 WARN  [http-nio-8080-exec-5] o.s.w.s.m.m.a.ExceptionHandlerExceptionResolver - Resolved [org.springframework.web.HttpRequestMethodNotSupportedException: Request method 'GET' is not supported]
2026-05-13 17:11:21.716 WARN  [http-nio-8080-exec-4] o.s.w.s.m.m.a.ExceptionHandlerExceptionResolver - Resolved [org.springframework.web.HttpRequestMethodNotSupportedException: Request method 'GET' is not supported]
2026-05-13 17:11:21.737 WARN  [http-nio-8080-exec-2] o.s.w.s.m.m.a.ExceptionHandlerExceptionResolver - Resolved [org.springframework.web.HttpRequestMethodNotSupportedException: Request method 'GET' is not supported]
2026-05-13 17:11:21.770 WARN  [http-nio-8080-exec-1] o.s.w.s.m.m.a.ExceptionHandlerExceptionResolver - Resolved [org.springframework.web.HttpRequestMethodNotSupportedException: Request method 'GET' is not supported]
2026-05-13 17:11:21.787 WARN  [http-nio-8080-exec-10] o.s.w.s.m.m.a.ExceptionHandlerExceptionResolver - Resolved [org.springframework.web.HttpRequestMethodNotSupportedException: Request method 'GET' is not supported]
2026-05-13 17:11:21.823 WARN  [http-nio-8080-exec-7] o.s.w.s.m.m.a.ExceptionHandlerExceptionResolver - Resolved [org.springframework.web.HttpRequestMethodNotSupportedException: Request method 'GET' is not supported]
2026-05-13 17:11:21.853 WARN  [http-nio-8080-exec-3] o.s.w.s.m.m.a.ExceptionHandlerExceptionResolver - Resolved [org.springframework.web.HttpRequestMethodNotSupportedException: Request method 'GET' is not supported]
2026-05-13 17:11:21.870 WARN  [http-nio-8080-exec-9] o.s.w.s.m.m.a.ExceptionHandlerExceptionResolver - Resolved [org.springframework.web.HttpRequestMethodNotSupportedException: Request method 'GET' is not supported]
2026-05-13 17:11:21.905 WARN  [http-nio-8080-exec-8] o.s.w.s.m.m.a.ExceptionHandlerExceptionResolver - Resolved [org.springframework.web.HttpRequestMethodNotSupportedException: Request method 'GET' is not supported]
2026-05-13 17:11:21.921 WARN  [http-nio-8080-exec-10] o.s.w.s.m.m.a.ExceptionHandlerExceptionResolver - Resolved [org.springframework.web.HttpRequestMethodNotSupportedException: Request method 'GET' is not supported]
2026-05-13 17:11:21.964 WARN  [http-nio-8080-exec-7] o.s.w.s.m.m.a.ExceptionHandlerExceptionResolver - Resolved [org.springframework.web.HttpRequestMethodNotSupportedException: Request method 'GET' is not supported]
2026-05-13 17:11:21.986 WARN  [http-nio-8080-exec-3] o.s.w.s.m.m.a.ExceptionHandlerExceptionResolver - Resolved [org.springframework.web.HttpRequestMethodNotSupportedException: Request method 'GET' is not supported]
2026-05-13 17:11:22.004 WARN  [http-nio-8080-exec-4] o.s.w.s.m.m.a.ExceptionHandlerExceptionResolver - Resolved [org.springframework.web.HttpRequestMethodNotSupportedException: Request method 'GET' is not supported]
2026-05-13 17:11:22.037 WARN  [http-nio-8080-exec-2] o.s.w.s.m.m.a.ExceptionHandlerExceptionResolver - Resolved [org.springframework.web.HttpRequestMethodNotSupportedException: Request method 'GET' is not supported]
2026-05-13 17:11:22.053 WARN  [http-nio-8080-exec-1] o.s.w.s.m.m.a.ExceptionHandlerExceptionResolver - Resolved [org.springframework.web.HttpRequestMethodNotSupportedException: Request method 'GET' is not supported]
2026-05-13 17:11:22.073 WARN  [http-nio-8080-exec-6] o.s.w.s.m.m.a.ExceptionHandlerExceptionResolver - Resolved [org.springframework.web.HttpRequestMethodNotSupportedException: Request method 'GET' is not supported]
2026-05-13 17:11:22.098 WARN  [http-nio-8080-exec-3] o.s.w.s.m.m.a.ExceptionHandlerExceptionResolver - Resolved [org.springframework.web.HttpRequestMethodNotSupportedException: Request method 'GET' is not supported]
2026-05-13 17:11:22.120 WARN  [http-nio-8080-exec-4] o.s.w.s.m.m.a.ExceptionHandlerExceptionResolver - Resolved [org.springframework.web.HttpRequestMethodNotSupportedException: Request method 'GET' is not supported]
2026-05-13 17:11:22.137 WARN  [http-nio-8080-exec-9] o.s.w.s.m.m.a.ExceptionHandlerExceptionResolver - Resolved [org.springframework.web.HttpRequestMethodNotSupportedException: Request method 'GET' is not supported]
2026-05-13 17:11:22.165 WARN  [http-nio-8080-exec-8] o.s.w.s.m.m.a.ExceptionHandlerExceptionResolver - Resolved [org.springframework.web.HttpRequestMethodNotSupportedException: Request method 'GET' is not supported]
2026-05-13 17:11:22.195 WARN  [http-nio-8080-exec-10] o.s.w.s.m.m.a.ExceptionHandlerExceptionResolver - Resolved [org.springframework.web.HttpRequestMethodNotSupportedException: Request method 'GET' is not supported]
2026-05-13 17:11:22.215 WARN  [http-nio-8080-exec-7] o.s.w.s.m.m.a.ExceptionHandlerExceptionResolver - Resolved [org.springframework.web.HttpRequestMethodNotSupportedException: Request method 'GET' is not supported]
2026-05-13 17:11:22.237 WARN  [http-nio-8080-exec-4] o.s.w.s.m.m.a.ExceptionHandlerExceptionResolver - Resolved [org.springframework.web.HttpRequestMethodNotSupportedException: Request method 'GET' is not supported]
2026-05-13 17:11:22.262 WARN  [http-nio-8080-exec-9] o.s.w.s.m.m.a.ExceptionHandlerExceptionResolver - Resolved [org.springframework.web.HttpRequestMethodNotSupportedException: Request method 'GET' is not supported]
2026-05-13 17:11:22.287 WARN  [http-nio-8080-exec-2] o.s.w.s.m.m.a.ExceptionHandlerExceptionResolver - Resolved [org.springframework.web.HttpRequestMethodNotSupportedException: Request method 'GET' is not supported]
2026-05-13 17:11:22.303 WARN  [http-nio-8080-exec-1] o.s.w.s.m.m.a.ExceptionHandlerExceptionResolver - Resolved [org.springframework.web.HttpRequestMethodNotSupportedException: Request method 'GET' is not supported]
2026-05-13 17:11:22.320 WARN  [http-nio-8080-exec-6] o.s.w.s.m.m.a.ExceptionHandlerExceptionResolver - Resolved [org.springframework.web.HttpRequestMethodNotSupportedException: Request method 'GET' is not supported]
2026-05-13 17:11:22.352 WARN  [http-nio-8080-exec-3] o.s.w.s.m.m.a.ExceptionHandlerExceptionResolver - Resolved [org.springframework.web.HttpRequestMethodNotSupportedException: Request method 'GET' is not supported]
2026-05-13 17:11:22.374 WARN  [http-nio-8080-exec-9] o.s.w.s.m.m.a.ExceptionHandlerExceptionResolver - Resolved [org.springframework.web.HttpRequestMethodNotSupportedException: Request method 'GET' is not supported]
2026-05-13 17:11:22.396 WARN  [http-nio-8080-exec-5] o.s.w.s.m.m.a.ExceptionHandlerExceptionResolver - Resolved [org.springframework.web.HttpRequestMethodNotSupportedException: Request method 'GET' is not supported]
2026-05-13 17:11:22.423 WARN  [http-nio-8080-exec-8] o.s.w.s.m.m.a.ExceptionHandlerExceptionResolver - Resolved [org.springframework.web.HttpRequestMethodNotSupportedException: Request method 'GET' is not supported]
2026-05-13 17:11:22.446 WARN  [http-nio-8080-exec-10] o.s.w.s.m.m.a.ExceptionHandlerExceptionResolver - Resolved [org.springframework.web.HttpRequestMethodNotSupportedException: Request method 'GET' is not supported]
2026-05-13 17:11:22.478 WARN  [http-nio-8080-exec-7] o.s.w.s.m.m.a.ExceptionHandlerExceptionResolver - Resolved [org.springframework.web.HttpRequestMethodNotSupportedException: Request method 'GET' is not supported]
2026-05-13 17:11:22.505 WARN  [http-nio-8080-exec-4] o.s.w.s.m.m.a.ExceptionHandlerExceptionResolver - Resolved [org.springframework.web.HttpRequestMethodNotSupportedException: Request method 'GET' is not supported]
2026-05-13 17:11:22.529 WARN  [http-nio-8080-exec-5] o.s.w.s.m.m.a.ExceptionHandlerExceptionResolver - Resolved [org.springframework.web.HttpRequestMethodNotSupportedException: Request method 'GET' is not supported]
2026-05-13 17:11:22.546 WARN  [http-nio-8080-exec-8] o.s.w.s.m.m.a.ExceptionHandlerExceptionResolver - Resolved [org.springframework.web.HttpRequestMethodNotSupportedException: Request method 'GET' is not supported]
2026-05-13 17:11:22.571 WARN  [http-nio-8080-exec-1] o.s.w.s.m.m.a.ExceptionHandlerExceptionResolver - Resolved [org.springframework.web.HttpRequestMethodNotSupportedException: Request method 'GET' is not supported]
2026-05-13 17:11:22.598 WARN  [http-nio-8080-exec-6] o.s.w.s.m.m.a.ExceptionHandlerExceptionResolver - Resolved [org.springframework.web.HttpRequestMethodNotSupportedException: Request method 'GET' is not supported]
2026-05-13 17:11:22.604 WARN  [http-nio-8080-exec-3] o.s.web.servlet.PageNotFound - No mapping for GET /api/leave-encashment-requests
2026-05-13 17:11:22.623 WARN  [http-nio-8080-exec-3] o.s.w.s.m.m.a.ExceptionHandlerExceptionResolver - Resolved [org.springframework.web.servlet.NoHandlerFoundException: No endpoint GET /api/leave-encashment-requests.]
2026-05-13 17:11:22.646 WARN  [http-nio-8080-exec-5] o.s.web.servlet.PageNotFound - No mapping for GET /api/leave-encashment-requests
2026-05-13 17:11:22.652 WARN  [http-nio-8080-exec-5] o.s.w.s.m.m.a.ExceptionHandlerExceptionResolver - Resolved [org.springframework.web.servlet.NoHandlerFoundException: No endpoint GET /api/leave-encashment-requests.]
2026-05-13 17:11:22.673 WARN  [http-nio-8080-exec-1] o.s.web.servlet.PageNotFound - No mapping for GET /api/leave-encashment-requests
2026-05-13 17:11:22.679 WARN  [http-nio-8080-exec-1] o.s.w.s.m.m.a.ExceptionHandlerExceptionResolver - Resolved [org.springframework.web.servlet.NoHandlerFoundException: No endpoint GET /api/leave-encashment-requests.]
2026-05-13 17:11:22.703 WARN  [http-nio-8080-exec-6] o.s.web.servlet.PageNotFound - No mapping for GET /api/leave-encashment-requests
2026-05-13 17:11:22.705 WARN  [http-nio-8080-exec-6] o.s.w.s.m.m.a.ExceptionHandlerExceptionResolver - Resolved [org.springframework.web.servlet.NoHandlerFoundException: No endpoint GET /api/leave-encashment-requests.]
2026-05-13 17:11:22.726 WARN  [http-nio-8080-exec-4] o.s.web.servlet.PageNotFound - No mapping for GET /api/leave-encashment-requests
2026-05-13 17:11:22.730 WARN  [http-nio-8080-exec-4] o.s.w.s.m.m.a.ExceptionHandlerExceptionResolver - Resolved [org.springframework.web.servlet.NoHandlerFoundException: No endpoint GET /api/leave-encashment-requests.]
2026-05-13 17:11:22.737 WARN  [http-nio-8080-exec-2] o.s.web.servlet.PageNotFound - No mapping for GET /api/leave-encashment-requests
2026-05-13 17:11:22.755 WARN  [http-nio-8080-exec-2] o.s.w.s.m.m.a.ExceptionHandlerExceptionResolver - Resolved [org.springframework.web.servlet.NoHandlerFoundException: No endpoint GET /api/leave-encashment-requests.]
2026-05-13 17:11:22.776 WARN  [http-nio-8080-exec-10] o.s.web.servlet.PageNotFound - No mapping for GET /api/leave-encashment-requests
2026-05-13 17:11:22.780 WARN  [http-nio-8080-exec-10] o.s.w.s.m.m.a.ExceptionHandlerExceptionResolver - Resolved [org.springframework.web.servlet.NoHandlerFoundException: No endpoint GET /api/leave-encashment-requests.]
2026-05-13 17:11:22.805 WARN  [http-nio-8080-exec-7] o.s.web.servlet.PageNotFound - No mapping for GET /api/leave-encashment-requests
2026-05-13 17:11:22.807 WARN  [http-nio-8080-exec-7] o.s.w.s.m.m.a.ExceptionHandlerExceptionResolver - Resolved [org.springframework.web.servlet.NoHandlerFoundException: No endpoint GET /api/leave-encashment-requests.]
2026-05-13 17:11:22.820 WARN  [http-nio-8080-exec-4] o.s.web.servlet.PageNotFound - No mapping for GET /api/leave-encashment-requests
2026-05-13 17:11:22.831 WARN  [http-nio-8080-exec-4] o.s.w.s.m.m.a.ExceptionHandlerExceptionResolver - Resolved [org.springframework.web.servlet.NoHandlerFoundException: No endpoint GET /api/leave-encashment-requests.]
2026-05-13 17:11:22.854 WARN  [http-nio-8080-exec-2] o.s.web.servlet.PageNotFound - No mapping for GET /api/leave-encashment-requests
2026-05-13 17:11:22.854 WARN  [http-nio-8080-exec-2] o.s.w.s.m.m.a.ExceptionHandlerExceptionResolver - Resolved [org.springframework.web.servlet.NoHandlerFoundException: No endpoint GET /api/leave-encashment-requests.]
2026-05-13 17:11:22.876 WARN  [http-nio-8080-exec-8] o.s.web.servlet.PageNotFound - No mapping for GET /api/leave-encashment-requests
2026-05-13 17:11:22.879 WARN  [http-nio-8080-exec-8] o.s.w.s.m.m.a.ExceptionHandlerExceptionResolver - Resolved [org.springframework.web.servlet.NoHandlerFoundException: No endpoint GET /api/leave-encashment-requests.]
2026-05-13 17:11:22.903 WARN  [http-nio-8080-exec-3] o.s.web.servlet.PageNotFound - No mapping for GET /api/leave-encashment-requests
2026-05-13 17:11:22.905 WARN  [http-nio-8080-exec-3] o.s.w.s.m.m.a.ExceptionHandlerExceptionResolver - Resolved [org.springframework.web.servlet.NoHandlerFoundException: No endpoint GET /api/leave-encashment-requests.]
2026-05-13 17:11:22.920 WARN  [http-nio-8080-exec-5] o.s.web.servlet.PageNotFound - No mapping for GET /api/leave-encashment-requests
2026-05-13 17:11:22.920 WARN  [http-nio-8080-exec-5] o.s.w.s.m.m.a.ExceptionHandlerExceptionResolver - Resolved [org.springframework.web.servlet.NoHandlerFoundException: No endpoint GET /api/leave-encashment-requests.]
2026-05-13 17:11:22.937 WARN  [http-nio-8080-exec-2] o.s.web.servlet.PageNotFound - No mapping for GET /api/leave-encashment-requests
2026-05-13 17:11:22.937 WARN  [http-nio-8080-exec-2] o.s.w.s.m.m.a.ExceptionHandlerExceptionResolver - Resolved [org.springframework.web.servlet.NoHandlerFoundException: No endpoint GET /api/leave-encashment-requests.]
2026-05-13 17:11:22.975 WARN  [http-nio-8080-exec-10] o.s.web.servlet.PageNotFound - No mapping for GET /api/leave-encashment-requests
2026-05-13 17:11:22.977 WARN  [http-nio-8080-exec-10] o.s.w.s.m.m.a.ExceptionHandlerExceptionResolver - Resolved [org.springframework.web.servlet.NoHandlerFoundException: No endpoint GET /api/leave-encashment-requests.]
2026-05-13 17:11:23.003 WARN  [http-nio-8080-exec-8] o.s.web.servlet.PageNotFound - No mapping for GET /api/leave-encashment-requests
2026-05-13 17:11:23.005 WARN  [http-nio-8080-exec-8] o.s.w.s.m.m.a.ExceptionHandlerExceptionResolver - Resolved [org.springframework.web.servlet.NoHandlerFoundException: No endpoint GET /api/leave-encashment-requests.]
2026-05-13 17:11:23.030 WARN  [http-nio-8080-exec-7] o.s.web.servlet.PageNotFound - No mapping for GET /api/leave-encashment-requests
2026-05-13 17:11:23.030 WARN  [http-nio-8080-exec-7] o.s.w.s.m.m.a.ExceptionHandlerExceptionResolver - Resolved [org.springframework.web.servlet.NoHandlerFoundException: No endpoint GET /api/leave-encashment-requests.]
2026-05-13 17:11:23.056 WARN  [http-nio-8080-exec-4] o.s.web.servlet.PageNotFound - No mapping for GET /api/leave-encashment-requests
2026-05-13 17:11:23.056 WARN  [http-nio-8080-exec-4] o.s.w.s.m.m.a.ExceptionHandlerExceptionResolver - Resolved [org.springframework.web.servlet.NoHandlerFoundException: No endpoint GET /api/leave-encashment-requests.]
2026-05-13 17:11:23.082 WARN  [http-nio-8080-exec-2] o.s.web.servlet.PageNotFound - No mapping for GET /api/leave-encashment-requests
2026-05-13 17:11:23.089 WARN  [http-nio-8080-exec-2] o.s.w.s.m.m.a.ExceptionHandlerExceptionResolver - Resolved [org.springframework.web.servlet.NoHandlerFoundException: No endpoint GET /api/leave-encashment-requests.]
2026-05-13 17:11:23.107 WARN  [http-nio-8080-exec-10] o.s.web.servlet.PageNotFound - No mapping for GET /api/leave-encashment-requests
2026-05-13 17:11:23.107 WARN  [http-nio-8080-exec-10] o.s.w.s.m.m.a.ExceptionHandlerExceptionResolver - Resolved [org.springframework.web.servlet.NoHandlerFoundException: No endpoint GET /api/leave-encashment-requests.]
2026-05-13 17:11:23.134 WARN  [http-nio-8080-exec-8] o.s.web.servlet.PageNotFound - No mapping for GET /api/leave-encashment-requests
2026-05-13 17:11:23.137 WARN  [http-nio-8080-exec-8] o.s.w.s.m.m.a.ExceptionHandlerExceptionResolver - Resolved [org.springframework.web.servlet.NoHandlerFoundException: No endpoint GET /api/leave-encashment-requests.]
2026-05-13 17:11:23.162 WARN  [http-nio-8080-exec-7] o.s.web.servlet.PageNotFound - No mapping for GET /api/leave-encashment-requests
2026-05-13 17:11:23.162 WARN  [http-nio-8080-exec-7] o.s.w.s.m.m.a.ExceptionHandlerExceptionResolver - Resolved [org.springframework.web.servlet.NoHandlerFoundException: No endpoint GET /api/leave-encashment-requests.]
2026-05-13 17:11:23.187 WARN  [http-nio-8080-exec-4] o.s.web.servlet.PageNotFound - No mapping for GET /api/leave-encashment-requests
2026-05-13 17:11:23.192 WARN  [http-nio-8080-exec-4] o.s.w.s.m.m.a.ExceptionHandlerExceptionResolver - Resolved [org.springframework.web.servlet.NoHandlerFoundException: No endpoint GET /api/leave-encashment-requests.]
2026-05-13 17:11:23.220 WARN  [http-nio-8080-exec-9] o.s.web.servlet.PageNotFound - No mapping for GET /api/leave-encashment-requests
2026-05-13 17:11:23.222 WARN  [http-nio-8080-exec-9] o.s.w.s.m.m.a.ExceptionHandlerExceptionResolver - Resolved [org.springframework.web.servlet.NoHandlerFoundException: No endpoint GET /api/leave-encashment-requests.]
2026-05-13 17:11:23.244 WARN  [http-nio-8080-exec-10] o.s.web.servlet.PageNotFound - No mapping for GET /api/leave-encashment-requests
2026-05-13 17:11:23.244 WARN  [http-nio-8080-exec-10] o.s.w.s.m.m.a.ExceptionHandlerExceptionResolver - Resolved [org.springframework.web.servlet.NoHandlerFoundException: No endpoint GET /api/leave-encashment-requests.]
2026-05-13 17:11:23.284 WARN  [http-nio-8080-exec-8] o.s.web.servlet.PageNotFound - No mapping for GET /api/leave-encashment-requests
2026-05-13 17:11:23.287 WARN  [http-nio-8080-exec-8] o.s.w.s.m.m.a.ExceptionHandlerExceptionResolver - Resolved [org.springframework.web.servlet.NoHandlerFoundException: No endpoint GET /api/leave-encashment-requests.]
2026-05-13 17:11:23.304 WARN  [http-nio-8080-exec-3] o.s.web.servlet.PageNotFound - No mapping for GET /api/leave-encashment-requests
2026-05-13 17:11:23.304 WARN  [http-nio-8080-exec-3] o.s.w.s.m.m.a.ExceptionHandlerExceptionResolver - Resolved [org.springframework.web.servlet.NoHandlerFoundException: No endpoint GET /api/leave-encashment-requests.]
2026-05-13 17:11:23.320 WARN  [http-nio-8080-exec-5] o.s.web.servlet.PageNotFound - No mapping for GET /api/leave-encashment-requests
2026-05-13 17:11:23.331 WARN  [http-nio-8080-exec-5] o.s.w.s.m.m.a.ExceptionHandlerExceptionResolver - Resolved [org.springframework.web.servlet.NoHandlerFoundException: No endpoint GET /api/leave-encashment-requests.]
2026-05-13 17:11:23.347 WARN  [http-nio-8080-exec-2] o.s.web.servlet.PageNotFound - No mapping for GET /api/leave-encashment-requests
2026-05-13 17:11:23.353 WARN  [http-nio-8080-exec-2] o.s.w.s.m.m.a.ExceptionHandlerExceptionResolver - Resolved [org.springframework.web.servlet.NoHandlerFoundException: No endpoint GET /api/leave-encashment-requests.]
2026-05-13 17:11:23.373 WARN  [http-nio-8080-exec-1] o.s.web.servlet.PageNotFound - No mapping for GET /api/leave-encashment-requests
2026-05-13 17:11:23.373 WARN  [http-nio-8080-exec-1] o.s.w.s.m.m.a.ExceptionHandlerExceptionResolver - Resolved [org.springframework.web.servlet.NoHandlerFoundException: No endpoint GET /api/leave-encashment-requests.]
2026-05-13 17:11:23.395 WARN  [http-nio-8080-exec-6] o.s.web.servlet.PageNotFound - No mapping for GET /api/leave-encashment-requests
2026-05-13 17:11:23.406 WARN  [http-nio-8080-exec-6] o.s.w.s.m.m.a.ExceptionHandlerExceptionResolver - Resolved [org.springframework.web.servlet.NoHandlerFoundException: No endpoint GET /api/leave-encashment-requests.]
2026-05-13 17:11:23.428 WARN  [http-nio-8080-exec-7] o.s.web.servlet.PageNotFound - No mapping for GET /api/leave-encashment-requests
2026-05-13 17:11:23.428 WARN  [http-nio-8080-exec-7] o.s.w.s.m.m.a.ExceptionHandlerExceptionResolver - Resolved [org.springframework.web.servlet.NoHandlerFoundException: No endpoint GET /api/leave-encashment-requests.]
2026-05-13 17:11:23.450 WARN  [http-nio-8080-exec-4] o.s.web.servlet.PageNotFound - No mapping for GET /api/leave-encashment-requests
2026-05-13 17:11:23.454 WARN  [http-nio-8080-exec-4] o.s.w.s.m.m.a.ExceptionHandlerExceptionResolver - Resolved [org.springframework.web.servlet.NoHandlerFoundException: No endpoint GET /api/leave-encashment-requests.]
2026-05-13 17:11:23.473 WARN  [http-nio-8080-exec-9] o.s.web.servlet.PageNotFound - No mapping for GET /api/leave-encashment-requests
2026-05-13 17:11:23.479 WARN  [http-nio-8080-exec-9] o.s.w.s.m.m.a.ExceptionHandlerExceptionResolver - Resolved [org.springframework.web.servlet.NoHandlerFoundException: No endpoint GET /api/leave-encashment-requests.]
2026-05-13 17:11:23.502 WARN  [http-nio-8080-exec-1] o.s.web.servlet.PageNotFound - No mapping for GET /api/leave-encashment-requests
2026-05-13 17:11:23.503 WARN  [http-nio-8080-exec-1] o.s.w.s.m.m.a.ExceptionHandlerExceptionResolver - Resolved [org.springframework.web.servlet.NoHandlerFoundException: No endpoint GET /api/leave-encashment-requests.]
2026-05-13 17:11:23.520 WARN  [http-nio-8080-exec-8] o.s.web.servlet.PageNotFound - No mapping for GET /api/leave-encashment-requests
2026-05-13 17:11:23.529 WARN  [http-nio-8080-exec-8] o.s.w.s.m.m.a.ExceptionHandlerExceptionResolver - Resolved [org.springframework.web.servlet.NoHandlerFoundException: No endpoint GET /api/leave-encashment-requests.]
2026-05-13 17:11:23.556 WARN  [http-nio-8080-exec-7] o.s.web.servlet.PageNotFound - No mapping for GET /api/leave-encashment-requests
2026-05-13 17:11:23.559 WARN  [http-nio-8080-exec-7] o.s.w.s.m.m.a.ExceptionHandlerExceptionResolver - Resolved [org.springframework.web.servlet.NoHandlerFoundException: No endpoint GET /api/leave-encashment-requests.]
2026-05-13 17:11:23.580 WARN  [http-nio-8080-exec-5] o.s.web.servlet.PageNotFound - No mapping for GET /api/leave-encashment-requests
2026-05-13 17:11:23.586 WARN  [http-nio-8080-exec-5] o.s.w.s.m.m.a.ExceptionHandlerExceptionResolver - Resolved [org.springframework.web.servlet.NoHandlerFoundException: No endpoint GET /api/leave-encashment-requests.]
2026-05-13 17:11:23.608 WARN  [http-nio-8080-exec-9] o.s.web.servlet.PageNotFound - No mapping for GET /api/leave-encashment-requests
2026-05-13 17:11:23.608 WARN  [http-nio-8080-exec-9] o.s.w.s.m.m.a.ExceptionHandlerExceptionResolver - Resolved [org.springframework.web.servlet.NoHandlerFoundException: No endpoint GET /api/leave-encashment-requests.]
2026-05-13 17:11:23.633 WARN  [http-nio-8080-exec-1] o.s.web.servlet.PageNotFound - No mapping for GET /api/leave-encashment-requests
2026-05-13 17:11:23.637 WARN  [http-nio-8080-exec-1] o.s.w.s.m.m.a.ExceptionHandlerExceptionResolver - Resolved [org.springframework.web.servlet.NoHandlerFoundException: No endpoint GET /api/leave-encashment-requests.]
2026-05-13 17:11:23.654 WARN  [http-nio-8080-exec-8] o.s.web.servlet.PageNotFound - No mapping for GET /api/leave-encashment-requests
2026-05-13 17:11:23.662 WARN  [http-nio-8080-exec-8] o.s.w.s.m.m.a.ExceptionHandlerExceptionResolver - Resolved [org.springframework.web.servlet.NoHandlerFoundException: No endpoint GET /api/leave-encashment-requests.]
2026-05-13 17:11:23.694 WARN  [http-nio-8080-exec-3] o.s.web.servlet.PageNotFound - No mapping for GET /api/leave-encashment-requests
2026-05-13 17:11:23.694 WARN  [http-nio-8080-exec-3] o.s.w.s.m.m.a.ExceptionHandlerExceptionResolver - Resolved [org.springframework.web.servlet.NoHandlerFoundException: No endpoint GET /api/leave-encashment-requests.]
2026-05-13 17:11:23.716 WARN  [http-nio-8080-exec-5] o.s.web.servlet.PageNotFound - No mapping for GET /api/leave-encashment-requests
2026-05-13 17:11:23.719 WARN  [http-nio-8080-exec-5] o.s.w.s.m.m.a.ExceptionHandlerExceptionResolver - Resolved [org.springframework.web.servlet.NoHandlerFoundException: No endpoint GET /api/leave-encashment-requests.]
2026-05-13 17:11:23.741 WARN  [http-nio-8080-exec-9] o.s.web.servlet.PageNotFound - No mapping for GET /api/leave-encashment-requests
2026-05-13 17:11:23.743 WARN  [http-nio-8080-exec-9] o.s.w.s.m.m.a.ExceptionHandlerExceptionResolver - Resolved [org.springframework.web.servlet.NoHandlerFoundException: No endpoint GET /api/leave-encashment-requests.]
2026-05-13 17:11:23.756 WARN  [http-nio-8080-exec-1] o.s.web.servlet.PageNotFound - No mapping for GET /api/leave-encashment-requests
2026-05-13 17:11:23.765 WARN  [http-nio-8080-exec-1] o.s.w.s.m.m.a.ExceptionHandlerExceptionResolver - Resolved [org.springframework.web.servlet.NoHandlerFoundException: No endpoint GET /api/leave-encashment-requests.]
2026-05-13 17:11:23.781 WARN  [http-nio-8080-exec-6] o.s.web.servlet.PageNotFound - No mapping for GET /api/leave-encashment-requests
2026-05-13 17:11:23.787 WARN  [http-nio-8080-exec-6] o.s.w.s.m.m.a.ExceptionHandlerExceptionResolver - Resolved [org.springframework.web.servlet.NoHandlerFoundException: No endpoint GET /api/leave-encashment-requests.]
2026-05-13 17:11:23.805 WARN  [http-nio-8080-exec-3] o.s.web.servlet.PageNotFound - No mapping for GET /api/leave-encashment-requests
2026-05-13 17:11:23.809 WARN  [http-nio-8080-exec-3] o.s.w.s.m.m.a.ExceptionHandlerExceptionResolver - Resolved [org.springframework.web.servlet.NoHandlerFoundException: No endpoint GET /api/leave-encashment-requests.]
2026-05-13 17:11:23.834 WARN  [http-nio-8080-exec-5] o.s.web.servlet.PageNotFound - No mapping for GET /api/leave-encashment-requests
2026-05-13 17:11:23.838 WARN  [http-nio-8080-exec-5] o.s.w.s.m.m.a.ExceptionHandlerExceptionResolver - Resolved [org.springframework.web.servlet.NoHandlerFoundException: No endpoint GET /api/leave-encashment-requests.]
2026-05-13 17:11:23.866 WARN  [http-nio-8080-exec-9] o.s.web.servlet.PageNotFound - No mapping for GET /api/leave-encashment-requests
2026-05-13 17:11:23.868 WARN  [http-nio-8080-exec-9] o.s.w.s.m.m.a.ExceptionHandlerExceptionResolver - Resolved [org.springframework.web.servlet.NoHandlerFoundException: No endpoint GET /api/leave-encashment-requests.]
2026-05-13 17:11:23.886 WARN  [http-nio-8080-exec-1] o.s.web.servlet.PageNotFound - No mapping for GET /api/leave-encashment-requests
2026-05-13 17:11:23.889 WARN  [http-nio-8080-exec-1] o.s.w.s.m.m.a.ExceptionHandlerExceptionResolver - Resolved [org.springframework.web.servlet.NoHandlerFoundException: No endpoint GET /api/leave-encashment-requests.]
2026-05-13 17:11:23.905 WARN  [http-nio-8080-exec-6] o.s.web.servlet.PageNotFound - No mapping for GET /api/leave-encashment-requests
2026-05-13 17:11:23.909 WARN  [http-nio-8080-exec-6] o.s.w.s.m.m.a.ExceptionHandlerExceptionResolver - Resolved [org.springframework.web.servlet.NoHandlerFoundException: No endpoint GET /api/leave-encashment-requests.]
2026-05-13 17:11:23.924 WARN  [http-nio-8080-exec-8] o.s.web.servlet.PageNotFound - No mapping for GET /api/leave-encashment-requests
2026-05-13 17:11:23.924 WARN  [http-nio-8080-exec-8] o.s.w.s.m.m.a.ExceptionHandlerExceptionResolver - Resolved [org.springframework.web.servlet.NoHandlerFoundException: No endpoint GET /api/leave-encashment-requests.]
2026-05-13 17:11:23.941 WARN  [http-nio-8080-exec-7] o.s.web.servlet.PageNotFound - No mapping for GET /api/leave-encashment-requests
2026-05-13 17:11:23.941 WARN  [http-nio-8080-exec-7] o.s.w.s.m.m.a.ExceptionHandlerExceptionResolver - Resolved [org.springframework.web.servlet.NoHandlerFoundException: No endpoint GET /api/leave-encashment-requests.]
2026-05-13 17:11:23.965 WARN  [http-nio-8080-exec-4] o.s.web.servlet.PageNotFound - No mapping for GET /api/leave-encashment-requests
2026-05-13 17:11:23.969 WARN  [http-nio-8080-exec-4] o.s.w.s.m.m.a.ExceptionHandlerExceptionResolver - Resolved [org.springframework.web.servlet.NoHandlerFoundException: No endpoint GET /api/leave-encashment-requests.]
2026-05-13 17:11:23.989 WARN  [http-nio-8080-exec-2] o.s.web.servlet.PageNotFound - No mapping for GET /api/leave-encashment-requests
2026-05-13 17:11:23.991 WARN  [http-nio-8080-exec-2] o.s.w.s.m.m.a.ExceptionHandlerExceptionResolver - Resolved [org.springframework.web.servlet.NoHandlerFoundException: No endpoint GET /api/leave-encashment-requests.]
2026-05-13 17:11:24.006 WARN  [http-nio-8080-exec-6] o.s.web.servlet.PageNotFound - No mapping for GET /api/leave-encashment-requests
2026-05-13 17:11:24.015 WARN  [http-nio-8080-exec-6] o.s.w.s.m.m.a.ExceptionHandlerExceptionResolver - Resolved [org.springframework.web.servlet.NoHandlerFoundException: No endpoint GET /api/leave-encashment-requests.]
2026-05-13 17:11:24.034 WARN  [http-nio-8080-exec-8] o.s.web.servlet.PageNotFound - No mapping for GET /api/leave-encashment-requests
2026-05-13 17:11:24.041 WARN  [http-nio-8080-exec-8] o.s.w.s.m.m.a.ExceptionHandlerExceptionResolver - Resolved [org.springframework.web.servlet.NoHandlerFoundException: No endpoint GET /api/leave-encashment-requests.]
2026-05-13 17:11:24.063 WARN  [http-nio-8080-exec-7] o.s.web.servlet.PageNotFound - No mapping for GET /api/leave-encashment-requests
2026-05-13 17:11:24.063 WARN  [http-nio-8080-exec-7] o.s.w.s.m.m.a.ExceptionHandlerExceptionResolver - Resolved [org.springframework.web.servlet.NoHandlerFoundException: No endpoint GET /api/leave-encashment-requests.]
2026-05-13 17:11:24.087 WARN  [http-nio-8080-exec-4] o.s.web.servlet.PageNotFound - No mapping for GET /api/leave-encashment-requests
2026-05-13 17:11:24.090 WARN  [http-nio-8080-exec-4] o.s.w.s.m.m.a.ExceptionHandlerExceptionResolver - Resolved [org.springframework.web.servlet.NoHandlerFoundException: No endpoint GET /api/leave-encashment-requests.]
2026-05-13 17:11:24.104 WARN  [http-nio-8080-exec-2] o.s.web.servlet.PageNotFound - No mapping for GET /api/leave-encashment-requests
2026-05-13 17:11:24.113 WARN  [http-nio-8080-exec-2] o.s.w.s.m.m.a.ExceptionHandlerExceptionResolver - Resolved [org.springframework.web.servlet.NoHandlerFoundException: No endpoint GET /api/leave-encashment-requests.]
2026-05-13 17:11:24.133 WARN  [http-nio-8080-exec-6] o.s.web.servlet.PageNotFound - No mapping for GET /api/leave-encashment-requests
2026-05-13 17:11:24.136 WARN  [http-nio-8080-exec-6] o.s.w.s.m.m.a.ExceptionHandlerExceptionResolver - Resolved [org.springframework.web.servlet.NoHandlerFoundException: No endpoint GET /api/leave-encashment-requests.]
2026-05-13 17:11:24.155 WARN  [http-nio-8080-exec-8] o.s.web.servlet.PageNotFound - No mapping for GET /api/leave-encashment-requests
2026-05-13 17:11:24.155 WARN  [http-nio-8080-exec-8] o.s.w.s.m.m.a.ExceptionHandlerExceptionResolver - Resolved [org.springframework.web.servlet.NoHandlerFoundException: No endpoint GET /api/leave-encashment-requests.]
2026-05-13 17:11:24.170 WARN  [http-nio-8080-exec-7] o.s.web.servlet.PageNotFound - No mapping for GET /api/leave-encashment-requests
2026-05-13 17:11:24.170 WARN  [http-nio-8080-exec-7] o.s.w.s.m.m.a.ExceptionHandlerExceptionResolver - Resolved [org.springframework.web.servlet.NoHandlerFoundException: No endpoint GET /api/leave-encashment-requests.]
2026-05-13 17:11:24.196 WARN  [http-nio-8080-exec-4] o.s.web.servlet.PageNotFound - No mapping for GET /api/leave-encashment-requests
2026-05-13 17:11:24.203 WARN  [http-nio-8080-exec-4] o.s.w.s.m.m.a.ExceptionHandlerExceptionResolver - Resolved [org.springframework.web.servlet.NoHandlerFoundException: No endpoint GET /api/leave-encashment-requests.]
2026-05-13 17:11:24.224 WARN  [http-nio-8080-exec-2] o.s.web.servlet.PageNotFound - No mapping for GET /api/leave-encashment-requests
2026-05-13 17:11:24.224 WARN  [http-nio-8080-exec-2] o.s.w.s.m.m.a.ExceptionHandlerExceptionResolver - Resolved [org.springframework.web.servlet.NoHandlerFoundException: No endpoint GET /api/leave-encashment-requests.]
2026-05-13 17:11:24.240 WARN  [http-nio-8080-exec-6] o.s.web.servlet.PageNotFound - No mapping for GET /api/leave-encashment-requests
2026-05-13 17:11:24.240 WARN  [http-nio-8080-exec-6] o.s.w.s.m.m.a.ExceptionHandlerExceptionResolver - Resolved [org.springframework.web.servlet.NoHandlerFoundException: No endpoint GET /api/leave-encashment-requests.]
2026-05-13 17:11:24.263 WARN  [http-nio-8080-exec-8] o.s.web.servlet.PageNotFound - No mapping for GET /api/leave-encashment-requests
2026-05-13 17:11:24.270 WARN  [http-nio-8080-exec-8] o.s.w.s.m.m.a.ExceptionHandlerExceptionResolver - Resolved [org.springframework.web.servlet.NoHandlerFoundException: No endpoint GET /api/leave-encashment-requests.]
2026-05-13 17:11:24.293 WARN  [http-nio-8080-exec-7] o.s.web.servlet.PageNotFound - No mapping for GET /api/leave-encashment-requests
2026-05-13 17:11:24.293 WARN  [http-nio-8080-exec-7] o.s.w.s.m.m.a.ExceptionHandlerExceptionResolver - Resolved [org.springframework.web.servlet.NoHandlerFoundException: No endpoint GET /api/leave-encashment-requests.]
2026-05-13 17:11:24.310 WARN  [http-nio-8080-exec-4] o.s.web.servlet.PageNotFound - No mapping for GET /api/leave-encashment-requests
2026-05-13 17:11:24.316 WARN  [http-nio-8080-exec-4] o.s.w.s.m.m.a.ExceptionHandlerExceptionResolver - Resolved [org.springframework.web.servlet.NoHandlerFoundException: No endpoint GET /api/leave-encashment-requests.]
2026-05-13 17:11:24.334 WARN  [http-nio-8080-exec-2] o.s.web.servlet.PageNotFound - No mapping for GET /api/leave-encashment-requests
2026-05-13 17:11:24.337 WARN  [http-nio-8080-exec-2] o.s.w.s.m.m.a.ExceptionHandlerExceptionResolver - Resolved [org.springframework.web.servlet.NoHandlerFoundException: No endpoint GET /api/leave-encashment-requests.]
2026-05-13 17:11:24.353 WARN  [http-nio-8080-exec-6] o.s.web.servlet.PageNotFound - No mapping for GET /api/leave-encashment-requests
2026-05-13 17:11:24.353 WARN  [http-nio-8080-exec-6] o.s.w.s.m.m.a.ExceptionHandlerExceptionResolver - Resolved [org.springframework.web.servlet.NoHandlerFoundException: No endpoint GET /api/leave-encashment-requests.]
2026-05-13 17:11:24.370 WARN  [http-nio-8080-exec-8] o.s.web.servlet.PageNotFound - No mapping for GET /api/leave-encashment-requests
2026-05-13 17:11:24.370 WARN  [http-nio-8080-exec-8] o.s.w.s.m.m.a.ExceptionHandlerExceptionResolver - Resolved [org.springframework.web.servlet.NoHandlerFoundException: No endpoint GET /api/leave-encashment-requests.]
2026-05-13 17:11:24.387 WARN  [http-nio-8080-exec-7] o.s.web.servlet.PageNotFound - No mapping for GET /api/leave-encashment-requests
2026-05-13 17:11:24.389 WARN  [http-nio-8080-exec-7] o.s.w.s.m.m.a.ExceptionHandlerExceptionResolver - Resolved [org.springframework.web.servlet.NoHandlerFoundException: No endpoint GET /api/leave-encashment-requests.]
2026-05-13 17:11:24.406 WARN  [http-nio-8080-exec-4] o.s.web.servlet.PageNotFound - No mapping for GET /api/leave-encashment-requests
2026-05-13 17:11:24.406 WARN  [http-nio-8080-exec-4] o.s.w.s.m.m.a.ExceptionHandlerExceptionResolver - Resolved [org.springframework.web.servlet.NoHandlerFoundException: No endpoint GET /api/leave-encashment-requests.]
2026-05-13 17:11:24.438 WARN  [http-nio-8080-exec-2] o.s.web.servlet.PageNotFound - No mapping for GET /api/leave-encashment-requests
2026-05-13 17:11:24.440 WARN  [http-nio-8080-exec-2] o.s.w.s.m.m.a.ExceptionHandlerExceptionResolver - Resolved [org.springframework.web.servlet.NoHandlerFoundException: No endpoint GET /api/leave-encashment-requests.]
2026-05-13 17:11:24.454 WARN  [http-nio-8080-exec-6] o.s.web.servlet.PageNotFound - No mapping for GET /api/leave-encashment-requests
2026-05-13 17:11:24.464 WARN  [http-nio-8080-exec-6] o.s.w.s.m.m.a.ExceptionHandlerExceptionResolver - Resolved [org.springframework.web.servlet.NoHandlerFoundException: No endpoint GET /api/leave-encashment-requests.]
2026-05-13 17:11:24.486 WARN  [http-nio-8080-exec-8] o.s.web.servlet.PageNotFound - No mapping for GET /api/leave-encashment-requests
2026-05-13 17:11:24.487 WARN  [http-nio-8080-exec-8] o.s.w.s.m.m.a.ExceptionHandlerExceptionResolver - Resolved [org.springframework.web.servlet.NoHandlerFoundException: No endpoint GET /api/leave-encashment-requests.]
2026-05-13 17:11:24.505 WARN  [http-nio-8080-exec-3] o.s.web.servlet.PageNotFound - No mapping for GET /api/leave-encashment-requests
2026-05-13 17:11:24.505 WARN  [http-nio-8080-exec-3] o.s.w.s.m.m.a.ExceptionHandlerExceptionResolver - Resolved [org.springframework.web.servlet.NoHandlerFoundException: No endpoint GET /api/leave-encashment-requests.]
2026-05-13 17:11:24.537 WARN  [http-nio-8080-exec-5] o.s.web.servlet.PageNotFound - No mapping for GET /api/leave-encashment-requests
2026-05-13 17:11:24.537 WARN  [http-nio-8080-exec-5] o.s.w.s.m.m.a.ExceptionHandlerExceptionResolver - Resolved [org.springframework.web.servlet.NoHandlerFoundException: No endpoint GET /api/leave-encashment-requests.]
2026-05-13 17:11:24.576 WARN  [http-nio-8080-exec-9] o.s.web.servlet.PageNotFound - No mapping for GET /api/leave-encashment-requests
2026-05-13 17:11:24.576 WARN  [http-nio-8080-exec-9] o.s.w.s.m.m.a.ExceptionHandlerExceptionResolver - Resolved [org.springframework.web.servlet.NoHandlerFoundException: No endpoint GET /api/leave-encashment-requests.]
2026-05-13 17:11:24.614 WARN  [http-nio-8080-exec-1] o.s.web.servlet.PageNotFound - No mapping for GET /api/leave-encashment-requests
2026-05-13 17:11:24.617 WARN  [http-nio-8080-exec-1] o.s.w.s.m.m.a.ExceptionHandlerExceptionResolver - Resolved [org.springframework.web.servlet.NoHandlerFoundException: No endpoint GET /api/leave-encashment-requests.]
2026-05-13 17:11:24.646 WARN  [http-nio-8080-exec-8] o.s.web.servlet.PageNotFound - No mapping for GET /api/leave-encashment-requests
2026-05-13 17:11:24.646 WARN  [http-nio-8080-exec-8] o.s.w.s.m.m.a.ExceptionHandlerExceptionResolver - Resolved [org.springframework.web.servlet.NoHandlerFoundException: No endpoint GET /api/leave-encashment-requests.]
2026-05-13 17:11:24.672 WARN  [http-nio-8080-exec-3] o.s.web.servlet.PageNotFound - No mapping for GET /api/leave-encashment-requests
2026-05-13 17:11:24.672 WARN  [http-nio-8080-exec-3] o.s.w.s.m.m.a.ExceptionHandlerExceptionResolver - Resolved [org.springframework.web.servlet.NoHandlerFoundException: No endpoint GET /api/leave-encashment-requests.]
2026-05-13 17:11:24.704 WARN  [http-nio-8080-exec-5] o.s.web.servlet.PageNotFound - No mapping for GET /api/leave-encashment-requests
2026-05-13 17:11:24.704 WARN  [http-nio-8080-exec-5] o.s.w.s.m.m.a.ExceptionHandlerExceptionResolver - Resolved [org.springframework.web.servlet.NoHandlerFoundException: No endpoint GET /api/leave-encashment-requests.]
2026-05-13 17:11:24.731 WARN  [http-nio-8080-exec-9] o.s.web.servlet.PageNotFound - No mapping for GET /api/leave-encashment-requests
2026-05-13 17:11:24.734 WARN  [http-nio-8080-exec-9] o.s.w.s.m.m.a.ExceptionHandlerExceptionResolver - Resolved [org.springframework.web.servlet.NoHandlerFoundException: No endpoint GET /api/leave-encashment-requests.]
2026-05-13 17:11:24.766 WARN  [http-nio-8080-exec-6] o.s.web.servlet.PageNotFound - No mapping for GET /api/leave-encashment-requests
2026-05-13 17:11:24.770 WARN  [http-nio-8080-exec-6] o.s.w.s.m.m.a.ExceptionHandlerExceptionResolver - Resolved [org.springframework.web.servlet.NoHandlerFoundException: No endpoint GET /api/leave-encashment-requests.]
2026-05-13 17:11:24.793 WARN  [http-nio-8080-exec-10] o.s.web.servlet.PageNotFound - No mapping for GET /api/leave-encashment-requests
2026-05-13 17:11:24.793 WARN  [http-nio-8080-exec-10] o.s.w.s.m.m.a.ExceptionHandlerExceptionResolver - Resolved [org.springframework.web.servlet.NoHandlerFoundException: No endpoint GET /api/leave-encashment-requests.]
2026-05-13 17:11:24.813 WARN  [http-nio-8080-exec-3] o.s.web.servlet.PageNotFound - No mapping for GET /api/leave-encashment-requests
2026-05-13 17:11:24.815 WARN  [http-nio-8080-exec-3] o.s.w.s.m.m.a.ExceptionHandlerExceptionResolver - Resolved [org.springframework.web.servlet.NoHandlerFoundException: No endpoint GET /api/leave-encashment-requests.]
2026-05-13 17:11:24.831 WARN  [http-nio-8080-exec-5] o.s.web.servlet.PageNotFound - No mapping for GET /api/leave-encashment-requests
2026-05-13 17:11:24.831 WARN  [http-nio-8080-exec-5] o.s.w.s.m.m.a.ExceptionHandlerExceptionResolver - Resolved [org.springframework.web.servlet.NoHandlerFoundException: No endpoint GET /api/leave-encashment-requests.]
2026-05-13 17:11:24.848 WARN  [http-nio-8080-exec-9] o.s.web.servlet.PageNotFound - No mapping for GET /api/leave-encashment-requests
2026-05-13 17:11:24.848 WARN  [http-nio-8080-exec-9] o.s.w.s.m.m.a.ExceptionHandlerExceptionResolver - Resolved [org.springframework.web.servlet.NoHandlerFoundException: No endpoint GET /api/leave-encashment-requests.]
2026-05-13 17:11:24.865 WARN  [http-nio-8080-exec-6] o.s.web.servlet.PageNotFound - No mapping for GET /api/leave-encashment-requests
2026-05-13 17:11:24.865 WARN  [http-nio-8080-exec-6] o.s.w.s.m.m.a.ExceptionHandlerExceptionResolver - Resolved [org.springframework.web.servlet.NoHandlerFoundException: No endpoint GET /api/leave-encashment-requests.]
2026-05-13 17:11:24.880 WARN  [http-nio-8080-exec-10] o.s.web.servlet.PageNotFound - No mapping for GET /api/leave-encashment-requests
2026-05-13 17:11:24.888 WARN  [http-nio-8080-exec-10] o.s.w.s.m.m.a.ExceptionHandlerExceptionResolver - Resolved [org.springframework.web.servlet.NoHandlerFoundException: No endpoint GET /api/leave-encashment-requests.]
2026-05-13 17:11:24.903 WARN  [http-nio-8080-exec-3] o.s.web.servlet.PageNotFound - No mapping for GET /api/leave-encashment-requests
2026-05-13 17:11:24.903 WARN  [http-nio-8080-exec-3] o.s.w.s.m.m.a.ExceptionHandlerExceptionResolver - Resolved [org.springframework.web.servlet.NoHandlerFoundException: No endpoint GET /api/leave-encashment-requests.]
2026-05-13 17:11:24.919 WARN  [http-nio-8080-exec-5] o.s.web.servlet.PageNotFound - No mapping for GET /api/leave-encashment-requests
2026-05-13 17:11:24.922 WARN  [http-nio-8080-exec-5] o.s.w.s.m.m.a.ExceptionHandlerExceptionResolver - Resolved [org.springframework.web.servlet.NoHandlerFoundException: No endpoint GET /api/leave-encashment-requests.]
2026-05-13 17:11:24.935 WARN  [http-nio-8080-exec-9] o.s.web.servlet.PageNotFound - No mapping for GET /api/leave-encashment-requests
2026-05-13 17:11:24.935 WARN  [http-nio-8080-exec-9] o.s.w.s.m.m.a.ExceptionHandlerExceptionResolver - Resolved [org.springframework.web.servlet.NoHandlerFoundException: No endpoint GET /api/leave-encashment-requests.]
2026-05-13 17:11:24.951 WARN  [http-nio-8080-exec-6] o.s.web.servlet.PageNotFound - No mapping for GET /api/leave-encashment-requests
2026-05-13 17:11:24.951 WARN  [http-nio-8080-exec-6] o.s.w.s.m.m.a.ExceptionHandlerExceptionResolver - Resolved [org.springframework.web.servlet.NoHandlerFoundException: No endpoint GET /api/leave-encashment-requests.]
2026-05-13 17:11:24.974 WARN  [http-nio-8080-exec-10] o.s.web.servlet.PageNotFound - No mapping for GET /api/leave-encashment-requests
2026-05-13 17:11:24.974 WARN  [http-nio-8080-exec-10] o.s.w.s.m.m.a.ExceptionHandlerExceptionResolver - Resolved [org.springframework.web.servlet.NoHandlerFoundException: No endpoint GET /api/leave-encashment-requests.]
2026-05-13 17:11:24.989 WARN  [http-nio-8080-exec-3] o.s.web.servlet.PageNotFound - No mapping for GET /api/leave-encashment-requests
2026-05-13 17:11:24.995 WARN  [http-nio-8080-exec-3] o.s.w.s.m.m.a.ExceptionHandlerExceptionResolver - Resolved [org.springframework.web.servlet.NoHandlerFoundException: No endpoint GET /api/leave-encashment-requests.]
2026-05-13 17:11:25.012 WARN  [http-nio-8080-exec-5] o.s.web.servlet.PageNotFound - No mapping for GET /api/leave-encashment-requests
2026-05-13 17:11:25.012 WARN  [http-nio-8080-exec-5] o.s.w.s.m.m.a.ExceptionHandlerExceptionResolver - Resolved [org.springframework.web.servlet.NoHandlerFoundException: No endpoint GET /api/leave-encashment-requests.]
2026-05-13 17:11:25.030 WARN  [http-nio-8080-exec-4] o.s.web.servlet.PageNotFound - No mapping for GET /api/leave-encashment-requests
2026-05-13 17:11:25.030 WARN  [http-nio-8080-exec-4] o.s.w.s.m.m.a.ExceptionHandlerExceptionResolver - Resolved [org.springframework.web.servlet.NoHandlerFoundException: No endpoint GET /api/leave-encashment-requests.]
2026-05-13 17:11:25.045 WARN  [http-nio-8080-exec-2] o.s.web.servlet.PageNotFound - No mapping for GET /api/leave-encashment-requests
2026-05-13 17:11:25.045 WARN  [http-nio-8080-exec-2] o.s.w.s.m.m.a.ExceptionHandlerExceptionResolver - Resolved [org.springframework.web.servlet.NoHandlerFoundException: No endpoint GET /api/leave-encashment-requests.]
2026-05-13 17:11:25.061 WARN  [http-nio-8080-exec-1] o.s.web.servlet.PageNotFound - No mapping for GET /api/leave-encashment-requests
2026-05-13 17:11:25.061 WARN  [http-nio-8080-exec-1] o.s.w.s.m.m.a.ExceptionHandlerExceptionResolver - Resolved [org.springframework.web.servlet.NoHandlerFoundException: No endpoint GET /api/leave-encashment-requests.]
2026-05-13 17:11:25.089 WARN  [http-nio-8080-exec-8] o.s.web.servlet.PageNotFound - No mapping for GET /api/leave-encashment-requests
2026-05-13 17:11:25.093 WARN  [http-nio-8080-exec-8] o.s.w.s.m.m.a.ExceptionHandlerExceptionResolver - Resolved [org.springframework.web.servlet.NoHandlerFoundException: No endpoint GET /api/leave-encashment-requests.]
2026-05-13 17:11:25.109 WARN  [http-nio-8080-exec-5] o.s.web.servlet.PageNotFound - No mapping for GET /api/leave-encashment-requests
2026-05-13 17:11:25.109 WARN  [http-nio-8080-exec-5] o.s.w.s.m.m.a.ExceptionHandlerExceptionResolver - Resolved [org.springframework.web.servlet.NoHandlerFoundException: No endpoint GET /api/leave-encashment-requests.]
2026-05-13 17:11:25.128 WARN  [http-nio-8080-exec-4] o.s.web.servlet.PageNotFound - No mapping for GET /api/leave-encashment-requests
2026-05-13 17:11:25.129 WARN  [http-nio-8080-exec-4] o.s.w.s.m.m.a.ExceptionHandlerExceptionResolver - Resolved [org.springframework.web.servlet.NoHandlerFoundException: No endpoint GET /api/leave-encashment-requests.]
2026-05-13 17:11:25.145 WARN  [http-nio-8080-exec-2] o.s.web.servlet.PageNotFound - No mapping for GET /api/leave-encashment-requests
2026-05-13 17:11:25.148 WARN  [http-nio-8080-exec-2] o.s.w.s.m.m.a.ExceptionHandlerExceptionResolver - Resolved [org.springframework.web.servlet.NoHandlerFoundException: No endpoint GET /api/leave-encashment-requests.]
2026-05-13 17:11:25.168 WARN  [http-nio-8080-exec-1] o.s.web.servlet.PageNotFound - No mapping for GET /api/leave-encashment-requests
2026-05-13 17:11:25.171 WARN  [http-nio-8080-exec-1] o.s.w.s.m.m.a.ExceptionHandlerExceptionResolver - Resolved [org.springframework.web.servlet.NoHandlerFoundException: No endpoint GET /api/leave-encashment-requests.]
2026-05-13 17:11:25.190 WARN  [http-nio-8080-exec-8] o.s.web.servlet.PageNotFound - No mapping for GET /api/leave-encashment-requests
2026-05-13 17:11:25.191 WARN  [http-nio-8080-exec-8] o.s.w.s.m.m.a.ExceptionHandlerExceptionResolver - Resolved [org.springframework.web.servlet.NoHandlerFoundException: No endpoint GET /api/leave-encashment-requests.]
2026-05-13 17:11:25.214 WARN  [http-nio-8080-exec-7] o.s.web.servlet.PageNotFound - No mapping for GET /api/leave-encashment-requests
2026-05-13 17:11:25.214 WARN  [http-nio-8080-exec-7] o.s.w.s.m.m.a.ExceptionHandlerExceptionResolver - Resolved [org.springframework.web.servlet.NoHandlerFoundException: No endpoint GET /api/leave-encashment-requests.]
2026-05-13 17:11:25.234 WARN  [http-nio-8080-exec-4] o.s.web.servlet.PageNotFound - No mapping for GET /api/leave-encashment-requests
2026-05-13 17:11:25.234 WARN  [http-nio-8080-exec-4] o.s.w.s.m.m.a.ExceptionHandlerExceptionResolver - Resolved [org.springframework.web.servlet.NoHandlerFoundException: No endpoint GET /api/leave-encashment-requests.]
2026-05-13 17:11:25.250 WARN  [http-nio-8080-exec-2] o.s.web.servlet.PageNotFound - No mapping for GET /api/leave-encashment-requests
2026-05-13 17:11:25.250 WARN  [http-nio-8080-exec-2] o.s.w.s.m.m.a.ExceptionHandlerExceptionResolver - Resolved [org.springframework.web.servlet.NoHandlerFoundException: No endpoint GET /api/leave-encashment-requests.]
2026-05-13 17:11:25.275 WARN  [http-nio-8080-exec-1] o.s.web.servlet.PageNotFound - No mapping for GET /api/leave-encashment-requests
2026-05-13 17:11:25.275 WARN  [http-nio-8080-exec-1] o.s.w.s.m.m.a.ExceptionHandlerExceptionResolver - Resolved [org.springframework.web.servlet.NoHandlerFoundException: No endpoint GET /api/leave-encashment-requests.]
2026-05-13 17:11:25.298 WARN  [http-nio-8080-exec-3] o.s.web.servlet.PageNotFound - No mapping for GET /api/leave-encashment-requests
2026-05-13 17:11:25.298 WARN  [http-nio-8080-exec-3] o.s.w.s.m.m.a.ExceptionHandlerExceptionResolver - Resolved [org.springframework.web.servlet.NoHandlerFoundException: No endpoint GET /api/leave-encashment-requests.]
2026-05-13 17:11:25.317 WARN  [http-nio-8080-exec-7] o.s.web.servlet.PageNotFound - No mapping for GET /api/leave-encashment-requests
2026-05-13 17:11:25.319 WARN  [http-nio-8080-exec-7] o.s.w.s.m.m.a.ExceptionHandlerExceptionResolver - Resolved [org.springframework.web.servlet.NoHandlerFoundException: No endpoint GET /api/leave-encashment-requests.]
2026-05-13 17:11:25.338 WARN  [http-nio-8080-exec-4] o.s.web.servlet.PageNotFound - No mapping for GET /api/leave-encashment-requests
2026-05-13 17:11:25.338 WARN  [http-nio-8080-exec-4] o.s.w.s.m.m.a.ExceptionHandlerExceptionResolver - Resolved [org.springframework.web.servlet.NoHandlerFoundException: No endpoint GET /api/leave-encashment-requests.]
2026-05-13 17:11:25.346 WARN  [http-nio-8080-exec-2] o.s.web.servlet.PageNotFound - No mapping for GET /api/leave-encashment-requests
2026-05-13 17:11:25.362 WARN  [http-nio-8080-exec-2] o.s.w.s.m.m.a.ExceptionHandlerExceptionResolver - Resolved [org.springframework.web.servlet.NoHandlerFoundException: No endpoint GET /api/leave-encashment-requests.]
2026-05-13 17:11:25.381 WARN  [http-nio-8080-exec-1] o.s.web.servlet.PageNotFound - No mapping for GET /api/leave-encashment-requests
2026-05-13 17:11:25.381 WARN  [http-nio-8080-exec-1] o.s.w.s.m.m.a.ExceptionHandlerExceptionResolver - Resolved [org.springframework.web.servlet.NoHandlerFoundException: No endpoint GET /api/leave-encashment-requests.]
2026-05-13 17:11:25.406 WARN  [http-nio-8080-exec-3] o.s.web.servlet.PageNotFound - No mapping for GET /api/leave-encashment-requests
2026-05-13 17:11:25.410 WARN  [http-nio-8080-exec-3] o.s.w.s.m.m.a.ExceptionHandlerExceptionResolver - Resolved [org.springframework.web.servlet.NoHandlerFoundException: No endpoint GET /api/leave-encashment-requests.]
2026-05-13 17:11:25.431 WARN  [http-nio-8080-exec-7] o.s.web.servlet.PageNotFound - No mapping for GET /api/leave-encashment-requests
2026-05-13 17:11:25.431 WARN  [http-nio-8080-exec-7] o.s.w.s.m.m.a.ExceptionHandlerExceptionResolver - Resolved [org.springframework.web.servlet.NoHandlerFoundException: No endpoint GET /api/leave-encashment-requests.]
2026-05-13 17:11:25.462 WARN  [http-nio-8080-exec-4] o.s.web.servlet.PageNotFound - No mapping for GET /api/leave-encashment-requests
2026-05-13 17:11:25.464 WARN  [http-nio-8080-exec-4] o.s.w.s.m.m.a.ExceptionHandlerExceptionResolver - Resolved [org.springframework.web.servlet.NoHandlerFoundException: No endpoint GET /api/leave-encashment-requests.]
2026-05-13 17:11:25.478 WARN  [http-nio-8080-exec-6] o.s.web.servlet.PageNotFound - No mapping for GET /api/leave-encashment-requests
2026-05-13 17:11:25.478 WARN  [http-nio-8080-exec-6] o.s.w.s.m.m.a.ExceptionHandlerExceptionResolver - Resolved [org.springframework.web.servlet.NoHandlerFoundException: No endpoint GET /api/leave-encashment-requests.]
2026-05-13 17:11:25.506 WARN  [http-nio-8080-exec-1] o.s.web.servlet.PageNotFound - No mapping for GET /api/leave-encashment-requests
2026-05-13 17:11:25.508 WARN  [http-nio-8080-exec-1] o.s.w.s.m.m.a.ExceptionHandlerExceptionResolver - Resolved [org.springframework.web.servlet.NoHandlerFoundException: No endpoint GET /api/leave-encashment-requests.]
2026-05-13 17:11:25.528 WARN  [http-nio-8080-exec-3] o.s.web.servlet.PageNotFound - No mapping for GET /api/leave-encashment-requests
2026-05-13 17:11:25.530 WARN  [http-nio-8080-exec-3] o.s.w.s.m.m.a.ExceptionHandlerExceptionResolver - Resolved [org.springframework.web.servlet.NoHandlerFoundException: No endpoint GET /api/leave-encashment-requests.]
2026-05-13 17:11:25.556 WARN  [http-nio-8080-exec-7] o.s.web.servlet.PageNotFound - No mapping for GET /api/leave-encashment-requests
2026-05-13 17:11:25.558 WARN  [http-nio-8080-exec-7] o.s.w.s.m.m.a.ExceptionHandlerExceptionResolver - Resolved [org.springframework.web.servlet.NoHandlerFoundException: No endpoint GET /api/leave-encashment-requests.]
2026-05-13 17:11:25.582 WARN  [http-nio-8080-exec-4] o.s.web.servlet.PageNotFound - No mapping for GET /api/leave-encashment-requests
2026-05-13 17:11:25.584 WARN  [http-nio-8080-exec-4] o.s.w.s.m.m.a.ExceptionHandlerExceptionResolver - Resolved [org.springframework.web.servlet.NoHandlerFoundException: No endpoint GET /api/leave-encashment-requests.]
2026-05-13 17:11:25.610 WARN  [http-nio-8080-exec-6] o.s.web.servlet.PageNotFound - No mapping for GET /api/leave-encashment-requests
2026-05-13 17:11:25.612 WARN  [http-nio-8080-exec-6] o.s.w.s.m.m.a.ExceptionHandlerExceptionResolver - Resolved [org.springframework.web.servlet.NoHandlerFoundException: No endpoint GET /api/leave-encashment-requests.]
2026-05-13 17:11:25.635 WARN  [http-nio-8080-exec-1] o.s.web.servlet.PageNotFound - No mapping for GET /api/leave-encashment-requests
2026-05-13 17:11:25.637 WARN  [http-nio-8080-exec-1] o.s.w.s.m.m.a.ExceptionHandlerExceptionResolver - Resolved [org.springframework.web.servlet.NoHandlerFoundException: No endpoint GET /api/leave-encashment-requests.]
2026-05-13 17:11:25.650 WARN  [http-nio-8080-exec-8] o.s.web.servlet.PageNotFound - No mapping for GET /api/leave-encashment-requests
2026-05-13 17:11:25.656 WARN  [http-nio-8080-exec-8] o.s.w.s.m.m.a.ExceptionHandlerExceptionResolver - Resolved [org.springframework.web.servlet.NoHandlerFoundException: No endpoint GET /api/leave-encashment-requests.]
2026-05-13 17:11:25.665 WARN  [http-nio-8080-exec-5] o.s.web.servlet.PageNotFound - No mapping for GET /api/leave-encashment-requests
2026-05-13 17:11:25.665 WARN  [http-nio-8080-exec-5] o.s.w.s.m.m.a.ExceptionHandlerExceptionResolver - Resolved [org.springframework.web.servlet.NoHandlerFoundException: No endpoint GET /api/leave-encashment-requests.]
2026-05-13 17:11:25.681 WARN  [http-nio-8080-exec-9] o.s.web.servlet.PageNotFound - No mapping for GET /api/leave-encashment-requests
2026-05-13 17:11:25.681 WARN  [http-nio-8080-exec-9] o.s.w.s.m.m.a.ExceptionHandlerExceptionResolver - Resolved [org.springframework.web.servlet.NoHandlerFoundException: No endpoint GET /api/leave-encashment-requests.]
2026-05-13 17:11:25.713 WARN  [http-nio-8080-exec-6] o.s.web.servlet.PageNotFound - No mapping for GET /api/leave-encashment-requests
2026-05-13 17:11:25.715 WARN  [http-nio-8080-exec-6] o.s.w.s.m.m.a.ExceptionHandlerExceptionResolver - Resolved [org.springframework.web.servlet.NoHandlerFoundException: No endpoint GET /api/leave-encashment-requests.]
2026-05-13 17:11:25.729 WARN  [http-nio-8080-exec-1] o.s.web.servlet.PageNotFound - No mapping for GET /api/leave-encashment-requests
2026-05-13 17:11:25.729 WARN  [http-nio-8080-exec-1] o.s.w.s.m.m.a.ExceptionHandlerExceptionResolver - Resolved [org.springframework.web.servlet.NoHandlerFoundException: No endpoint GET /api/leave-encashment-requests.]
2026-05-13 17:11:25.750 WARN  [http-nio-8080-exec-8] o.s.web.servlet.PageNotFound - No mapping for GET /api/leave-encashment-requests
2026-05-13 17:11:25.754 WARN  [http-nio-8080-exec-8] o.s.w.s.m.m.a.ExceptionHandlerExceptionResolver - Resolved [org.springframework.web.servlet.NoHandlerFoundException: No endpoint GET /api/leave-encashment-requests.]
2026-05-13 17:11:25.761 WARN  [http-nio-8080-exec-5] o.s.web.servlet.PageNotFound - No mapping for GET /api/leave-encashment-requests
2026-05-13 17:11:25.761 WARN  [http-nio-8080-exec-5] o.s.w.s.m.m.a.ExceptionHandlerExceptionResolver - Resolved [org.springframework.web.servlet.NoHandlerFoundException: No endpoint GET /api/leave-encashment-requests.]
2026-05-13 17:11:25.789 WARN  [http-nio-8080-exec-9] o.s.web.servlet.PageNotFound - No mapping for GET /api/leave-encashment-requests
2026-05-13 17:11:25.793 WARN  [http-nio-8080-exec-9] o.s.w.s.m.m.a.ExceptionHandlerExceptionResolver - Resolved [org.springframework.web.servlet.NoHandlerFoundException: No endpoint GET /api/leave-encashment-requests.]
2026-05-13 17:11:25.801 WARN  [http-nio-8080-exec-6] o.s.web.servlet.PageNotFound - No mapping for GET /api/leave-encashment-requests
2026-05-13 17:11:25.809 WARN  [http-nio-8080-exec-6] o.s.w.s.m.m.a.ExceptionHandlerExceptionResolver - Resolved [org.springframework.web.servlet.NoHandlerFoundException: No endpoint GET /api/leave-encashment-requests.]
2026-05-13 17:11:25.825 WARN  [http-nio-8080-exec-1] o.s.web.servlet.PageNotFound - No mapping for GET /api/leave-encashment-requests
2026-05-13 17:11:25.825 WARN  [http-nio-8080-exec-1] o.s.w.s.m.m.a.ExceptionHandlerExceptionResolver - Resolved [org.springframework.web.servlet.NoHandlerFoundException: No endpoint GET /api/leave-encashment-requests.]
2026-05-13 17:11:25.841 WARN  [http-nio-8080-exec-8] o.s.web.servlet.PageNotFound - No mapping for GET /api/leave-encashment-requests
2026-05-13 17:11:25.841 WARN  [http-nio-8080-exec-8] o.s.w.s.m.m.a.ExceptionHandlerExceptionResolver - Resolved [org.springframework.web.servlet.NoHandlerFoundException: No endpoint GET /api/leave-encashment-requests.]
2026-05-13 17:11:25.860 WARN  [http-nio-8080-exec-5] o.s.web.servlet.PageNotFound - No mapping for GET /api/leave-encashment-requests
2026-05-13 17:11:25.860 WARN  [http-nio-8080-exec-5] o.s.w.s.m.m.a.ExceptionHandlerExceptionResolver - Resolved [org.springframework.web.servlet.NoHandlerFoundException: No endpoint GET /api/leave-encashment-requests.]
2026-05-13 17:11:25.884 WARN  [http-nio-8080-exec-9] o.s.web.servlet.PageNotFound - No mapping for GET /api/leave-encashment-requests
2026-05-13 17:11:25.884 WARN  [http-nio-8080-exec-9] o.s.w.s.m.m.a.ExceptionHandlerExceptionResolver - Resolved [org.springframework.web.servlet.NoHandlerFoundException: No endpoint GET /api/leave-encashment-requests.]
2026-05-13 17:11:25.905 WARN  [http-nio-8080-exec-6] o.s.web.servlet.PageNotFound - No mapping for GET /api/leave-encashment-requests
2026-05-13 17:11:25.908 WARN  [http-nio-8080-exec-6] o.s.w.s.m.m.a.ExceptionHandlerExceptionResolver - Resolved [org.springframework.web.servlet.NoHandlerFoundException: No endpoint GET /api/leave-encashment-requests.]
2026-05-13 17:11:25.925 WARN  [http-nio-8080-exec-1] o.s.web.servlet.PageNotFound - No mapping for GET /api/leave-encashment-requests
2026-05-13 17:11:25.929 WARN  [http-nio-8080-exec-1] o.s.w.s.m.m.a.ExceptionHandlerExceptionResolver - Resolved [org.springframework.web.servlet.NoHandlerFoundException: No endpoint GET /api/leave-encashment-requests.]
2026-05-13 17:11:25.941 WARN  [http-nio-8080-exec-8] o.s.web.servlet.PageNotFound - No mapping for GET /api/leave-encashment-requests
2026-05-13 17:11:25.941 WARN  [http-nio-8080-exec-8] o.s.w.s.m.m.a.ExceptionHandlerExceptionResolver - Resolved [org.springframework.web.servlet.NoHandlerFoundException: No endpoint GET /api/leave-encashment-requests.]
2026-05-13 17:11:25.968 WARN  [http-nio-8080-exec-3] o.s.web.servlet.PageNotFound - No mapping for GET /api/leave-encashment-requests
2026-05-13 17:11:25.968 WARN  [http-nio-8080-exec-3] o.s.w.s.m.m.a.ExceptionHandlerExceptionResolver - Resolved [org.springframework.web.servlet.NoHandlerFoundException: No endpoint GET /api/leave-encashment-requests.]
2026-05-13 17:11:25.984 WARN  [http-nio-8080-exec-7] o.s.web.servlet.PageNotFound - No mapping for GET /api/leave-encashment-requests
2026-05-13 17:11:25.984 WARN  [http-nio-8080-exec-7] o.s.w.s.m.m.a.ExceptionHandlerExceptionResolver - Resolved [org.springframework.web.servlet.NoHandlerFoundException: No endpoint GET /api/leave-encashment-requests.]
2026-05-13 17:11:26.024 WARN  [http-nio-8080-exec-4] o.s.web.servlet.PageNotFound - No mapping for GET /api/leave-encashment-requests
2026-05-13 17:11:26.024 WARN  [http-nio-8080-exec-4] o.s.w.s.m.m.a.ExceptionHandlerExceptionResolver - Resolved [org.springframework.web.servlet.NoHandlerFoundException: No endpoint GET /api/leave-encashment-requests.]
2026-05-13 17:11:26.048 WARN  [http-nio-8080-exec-1] o.s.web.servlet.PageNotFound - No mapping for GET /api/leave-encashment-requests
2026-05-13 17:11:26.048 WARN  [http-nio-8080-exec-1] o.s.w.s.m.m.a.ExceptionHandlerExceptionResolver - Resolved [org.springframework.web.servlet.NoHandlerFoundException: No endpoint GET /api/leave-encashment-requests.]
2026-05-13 17:11:26.064 WARN  [http-nio-8080-exec-8] o.s.web.servlet.PageNotFound - No mapping for GET /api/leave-encashment-requests
2026-05-13 17:11:26.064 WARN  [http-nio-8080-exec-8] o.s.w.s.m.m.a.ExceptionHandlerExceptionResolver - Resolved [org.springframework.web.servlet.NoHandlerFoundException: No endpoint GET /api/leave-encashment-requests.]
2026-05-13 17:11:26.080 WARN  [http-nio-8080-exec-3] o.s.web.servlet.PageNotFound - No mapping for GET /api/leave-encashment-requests
2026-05-13 17:11:26.080 WARN  [http-nio-8080-exec-3] o.s.w.s.m.m.a.ExceptionHandlerExceptionResolver - Resolved [org.springframework.web.servlet.NoHandlerFoundException: No endpoint GET /api/leave-encashment-requests.]
2026-05-13 17:11:26.096 WARN  [http-nio-8080-exec-7] o.s.web.servlet.PageNotFound - No mapping for GET /api/leave-encashment-requests
2026-05-13 17:11:26.096 WARN  [http-nio-8080-exec-7] o.s.w.s.m.m.a.ExceptionHandlerExceptionResolver - Resolved [org.springframework.web.servlet.NoHandlerFoundException: No endpoint GET /api/leave-encashment-requests.]
2026-05-13 17:11:26.127 WARN  [http-nio-8080-exec-4] o.s.web.servlet.PageNotFound - No mapping for GET /api/leave-encashment-requests
2026-05-13 17:11:26.127 WARN  [http-nio-8080-exec-4] o.s.w.s.m.m.a.ExceptionHandlerExceptionResolver - Resolved [org.springframework.web.servlet.NoHandlerFoundException: No endpoint GET /api/leave-encashment-requests.]
2026-05-13 17:11:26.148 WARN  [http-nio-8080-exec-1] o.s.web.servlet.PageNotFound - No mapping for GET /api/leave-encashment-requests
2026-05-13 17:11:26.150 WARN  [http-nio-8080-exec-1] o.s.w.s.m.m.a.ExceptionHandlerExceptionResolver - Resolved [org.springframework.web.servlet.NoHandlerFoundException: No endpoint GET /api/leave-encashment-requests.]
2026-05-13 17:11:26.164 WARN  [http-nio-8080-exec-8] o.s.web.servlet.PageNotFound - No mapping for GET /api/leave-encashment-requests
2026-05-13 17:11:26.164 WARN  [http-nio-8080-exec-8] o.s.w.s.m.m.a.ExceptionHandlerExceptionResolver - Resolved [org.springframework.web.servlet.NoHandlerFoundException: No endpoint GET /api/leave-encashment-requests.]
2026-05-13 17:11:26.183 WARN  [http-nio-8080-exec-3] o.s.web.servlet.PageNotFound - No mapping for GET /api/leave-encashment-requests
2026-05-13 17:11:26.192 WARN  [http-nio-8080-exec-3] o.s.w.s.m.m.a.ExceptionHandlerExceptionResolver - Resolved [org.springframework.web.servlet.NoHandlerFoundException: No endpoint GET /api/leave-encashment-requests.]
2026-05-13 17:11:26.210 WARN  [http-nio-8080-exec-7] o.s.web.servlet.PageNotFound - No mapping for GET /api/leave-encashment-requests
2026-05-13 17:11:26.210 WARN  [http-nio-8080-exec-7] o.s.w.s.m.m.a.ExceptionHandlerExceptionResolver - Resolved [org.springframework.web.servlet.NoHandlerFoundException: No endpoint GET /api/leave-encashment-requests.]
2026-05-13 17:11:26.224 WARN  [http-nio-8080-exec-4] o.s.web.servlet.PageNotFound - No mapping for GET /api/leave-encashment-requests
2026-05-13 17:11:26.224 WARN  [http-nio-8080-exec-4] o.s.w.s.m.m.a.ExceptionHandlerExceptionResolver - Resolved [org.springframework.web.servlet.NoHandlerFoundException: No endpoint GET /api/leave-encashment-requests.]
2026-05-13 17:11:26.250 WARN  [http-nio-8080-exec-2] o.s.web.servlet.PageNotFound - No mapping for GET /api/leave-encashment-requests
2026-05-13 17:11:26.258 WARN  [http-nio-8080-exec-2] o.s.w.s.m.m.a.ExceptionHandlerExceptionResolver - Resolved [org.springframework.web.servlet.NoHandlerFoundException: No endpoint GET /api/leave-encashment-requests.]
2026-05-13 17:11:26.271 WARN  [http-nio-8080-exec-10] o.s.web.servlet.PageNotFound - No mapping for GET /api/leave-encashment-requests
2026-05-13 17:11:26.271 WARN  [http-nio-8080-exec-10] o.s.w.s.m.m.a.ExceptionHandlerExceptionResolver - Resolved [org.springframework.web.servlet.NoHandlerFoundException: No endpoint GET /api/leave-encashment-requests.]
2026-05-13 17:11:26.287 WARN  [http-nio-8080-exec-3] o.s.web.servlet.PageNotFound - No mapping for GET /api/leave-encashment-requests
2026-05-13 17:11:26.287 WARN  [http-nio-8080-exec-3] o.s.w.s.m.m.a.ExceptionHandlerExceptionResolver - Resolved [org.springframework.web.servlet.NoHandlerFoundException: No endpoint GET /api/leave-encashment-requests.]
2026-05-13 17:11:26.321 WARN  [http-nio-8080-exec-7] o.s.web.servlet.PageNotFound - No mapping for GET /api/leave-encashment-requests
2026-05-13 17:11:26.321 WARN  [http-nio-8080-exec-7] o.s.w.s.m.m.a.ExceptionHandlerExceptionResolver - Resolved [org.springframework.web.servlet.NoHandlerFoundException: No endpoint GET /api/leave-encashment-requests.]
2026-05-13 17:11:26.336 WARN  [http-nio-8080-exec-6] o.s.web.servlet.PageNotFound - No mapping for GET /api/leave-encashment-requests
2026-05-13 17:11:26.336 WARN  [http-nio-8080-exec-6] o.s.w.s.m.m.a.ExceptionHandlerExceptionResolver - Resolved [org.springframework.web.servlet.NoHandlerFoundException: No endpoint GET /api/leave-encashment-requests.]
2026-05-13 17:11:26.359 WARN  [http-nio-8080-exec-1] o.s.web.servlet.PageNotFound - No mapping for GET /api/leave-encashment-requests
2026-05-13 17:11:26.359 WARN  [http-nio-8080-exec-1] o.s.w.s.m.m.a.ExceptionHandlerExceptionResolver - Resolved [org.springframework.web.servlet.NoHandlerFoundException: No endpoint GET /api/leave-encashment-requests.]
2026-05-13 17:11:26.383 WARN  [http-nio-8080-exec-10] o.s.web.servlet.PageNotFound - No mapping for GET /api/leave-encashment-requests
2026-05-13 17:11:26.386 WARN  [http-nio-8080-exec-10] o.s.w.s.m.m.a.ExceptionHandlerExceptionResolver - Resolved [org.springframework.web.servlet.NoHandlerFoundException: No endpoint GET /api/leave-encashment-requests.]
2026-05-13 17:11:26.404 WARN  [http-nio-8080-exec-3] o.s.web.servlet.PageNotFound - No mapping for GET /api/leave-encashment-requests
2026-05-13 17:11:26.406 WARN  [http-nio-8080-exec-3] o.s.w.s.m.m.a.ExceptionHandlerExceptionResolver - Resolved [org.springframework.web.servlet.NoHandlerFoundException: No endpoint GET /api/leave-encashment-requests.]
2026-05-13 17:11:26.417 WARN  [http-nio-8080-exec-7] o.s.web.servlet.PageNotFound - No mapping for GET /api/leave-encashment-requests
2026-05-13 17:11:26.417 WARN  [http-nio-8080-exec-7] o.s.w.s.m.m.a.ExceptionHandlerExceptionResolver - Resolved [org.springframework.web.servlet.NoHandlerFoundException: No endpoint GET /api/leave-encashment-requests.]
2026-05-13 17:11:26.437 WARN  [http-nio-8080-exec-6] o.s.web.servlet.PageNotFound - No mapping for GET /api/leave-encashment-requests
2026-05-13 17:11:26.437 WARN  [http-nio-8080-exec-6] o.s.w.s.m.m.a.ExceptionHandlerExceptionResolver - Resolved [org.springframework.web.servlet.NoHandlerFoundException: No endpoint GET /api/leave-encashment-requests.]
2026-05-13 17:11:26.454 WARN  [http-nio-8080-exec-2] o.s.web.servlet.PageNotFound - No mapping for GET /api/leave-encashment-requests
2026-05-13 17:11:26.462 WARN  [http-nio-8080-exec-2] o.s.w.s.m.m.a.ExceptionHandlerExceptionResolver - Resolved [org.springframework.web.servlet.NoHandlerFoundException: No endpoint GET /api/leave-encashment-requests.]
2026-05-13 17:11:26.478 WARN  [http-nio-8080-exec-10] o.s.web.servlet.PageNotFound - No mapping for GET /api/leave-encashment-requests
2026-05-13 17:11:26.478 WARN  [http-nio-8080-exec-10] o.s.w.s.m.m.a.ExceptionHandlerExceptionResolver - Resolved [org.springframework.web.servlet.NoHandlerFoundException: No endpoint GET /api/leave-encashment-requests.]
2026-05-13 17:11:26.498 WARN  [http-nio-8080-exec-3] o.s.web.servlet.PageNotFound - No mapping for GET /api/leave-encashment-requests
2026-05-13 17:11:26.498 WARN  [http-nio-8080-exec-3] o.s.w.s.m.m.a.ExceptionHandlerExceptionResolver - Resolved [org.springframework.web.servlet.NoHandlerFoundException: No endpoint GET /api/leave-encashment-requests.]
2026-05-13 17:11:26.519 WARN  [http-nio-8080-exec-9] o.s.web.servlet.PageNotFound - No mapping for GET /api/leave-encashment-requests
2026-05-13 17:11:26.519 WARN  [http-nio-8080-exec-9] o.s.w.s.m.m.a.ExceptionHandlerExceptionResolver - Resolved [org.springframework.web.servlet.NoHandlerFoundException: No endpoint GET /api/leave-encashment-requests.]
2026-05-13 17:11:26.535 WARN  [http-nio-8080-exec-6] o.s.web.servlet.PageNotFound - No mapping for GET /api/leave-encashment-requests
2026-05-13 17:11:26.542 WARN  [http-nio-8080-exec-6] o.s.w.s.m.m.a.ExceptionHandlerExceptionResolver - Resolved [org.springframework.web.servlet.NoHandlerFoundException: No endpoint GET /api/leave-encashment-requests.]
2026-05-13 17:11:26.558 WARN  [http-nio-8080-exec-2] o.s.web.servlet.PageNotFound - No mapping for GET /api/leave-encashment-requests
2026-05-13 17:11:26.563 WARN  [http-nio-8080-exec-2] o.s.w.s.m.m.a.ExceptionHandlerExceptionResolver - Resolved [org.springframework.web.servlet.NoHandlerFoundException: No endpoint GET /api/leave-encashment-requests.]
2026-05-13 17:11:26.583 WARN  [http-nio-8080-exec-10] o.s.web.servlet.PageNotFound - No mapping for GET /api/leave-encashment-requests
2026-05-13 17:11:26.583 WARN  [http-nio-8080-exec-10] o.s.w.s.m.m.a.ExceptionHandlerExceptionResolver - Resolved [org.springframework.web.servlet.NoHandlerFoundException: No endpoint GET /api/leave-encashment-requests.]
2026-05-13 17:11:26.592 WARN  [http-nio-8080-exec-3] o.s.web.servlet.PageNotFound - No mapping for GET /api/leave-encashment-requests
2026-05-13 17:11:26.592 WARN  [http-nio-8080-exec-3] o.s.w.s.m.m.a.ExceptionHandlerExceptionResolver - Resolved [org.springframework.web.servlet.NoHandlerFoundException: No endpoint GET /api/leave-encashment-requests.]
2026-05-13 17:11:26.604 WARN  [http-nio-8080-exec-7] o.s.web.servlet.PageNotFound - No mapping for GET /api/leave-encashment-requests
2026-05-13 17:11:26.620 WARN  [http-nio-8080-exec-7] o.s.w.s.m.m.a.ExceptionHandlerExceptionResolver - Resolved [org.springframework.web.servlet.NoHandlerFoundException: No endpoint GET /api/leave-encashment-requests.]
2026-05-13 17:11:26.636 WARN  [http-nio-8080-exec-6] o.s.web.servlet.PageNotFound - No mapping for GET /api/leave-encashment-requests
2026-05-13 17:11:26.636 WARN  [http-nio-8080-exec-6] o.s.w.s.m.m.a.ExceptionHandlerExceptionResolver - Resolved [org.springframework.web.servlet.NoHandlerFoundException: No endpoint GET /api/leave-encashment-requests.]
2026-05-13 17:11:26.670 WARN  [http-nio-8080-exec-2] o.s.web.servlet.PageNotFound - No mapping for GET /api/leave-encashment-requests
2026-05-13 17:11:26.671 WARN  [http-nio-8080-exec-2] o.s.w.s.m.m.a.ExceptionHandlerExceptionResolver - Resolved [org.springframework.web.servlet.NoHandlerFoundException: No endpoint GET /api/leave-encashment-requests.]
2026-05-13 17:11:26.698 WARN  [http-nio-8080-exec-8] o.s.web.servlet.PageNotFound - No mapping for GET /api/leave-encashment-requests
2026-05-13 17:11:26.700 WARN  [http-nio-8080-exec-8] o.s.w.s.m.m.a.ExceptionHandlerExceptionResolver - Resolved [org.springframework.web.servlet.NoHandlerFoundException: No endpoint GET /api/leave-encashment-requests.]
2026-05-13 17:11:26.728 WARN  [http-nio-8080-exec-3] o.s.web.servlet.PageNotFound - No mapping for GET /api/leave-encashment-requests
2026-05-13 17:11:26.728 WARN  [http-nio-8080-exec-3] o.s.w.s.m.m.a.ExceptionHandlerExceptionResolver - Resolved [org.springframework.web.servlet.NoHandlerFoundException: No endpoint GET /api/leave-encashment-requests.]
2026-05-13 17:11:26.753 WARN  [http-nio-8080-exec-7] o.s.web.servlet.PageNotFound - No mapping for GET /api/leave-encashment-requests
2026-05-13 17:11:26.767 WARN  [http-nio-8080-exec-7] o.s.w.s.m.m.a.ExceptionHandlerExceptionResolver - Resolved [org.springframework.web.servlet.NoHandlerFoundException: No endpoint GET /api/leave-encashment-requests.]
2026-05-13 17:11:26.783 WARN  [http-nio-8080-exec-4] o.s.web.servlet.PageNotFound - No mapping for GET /api/leave-encashment-requests
2026-05-13 17:11:26.785 WARN  [http-nio-8080-exec-4] o.s.w.s.m.m.a.ExceptionHandlerExceptionResolver - Resolved [org.springframework.web.servlet.NoHandlerFoundException: No endpoint GET /api/leave-encashment-requests.]
2026-05-13 17:11:26.802 WARN  [http-nio-8080-exec-2] o.s.web.servlet.PageNotFound - No mapping for GET /api/leave-encashment-requests
2026-05-13 17:11:26.807 WARN  [http-nio-8080-exec-2] o.s.w.s.m.m.a.ExceptionHandlerExceptionResolver - Resolved [org.springframework.web.servlet.NoHandlerFoundException: No endpoint GET /api/leave-encashment-requests.]
2026-05-13 17:11:26.836 WARN  [http-nio-8080-exec-10] o.s.web.servlet.PageNotFound - No mapping for GET /api/leave-encashment-requests
2026-05-13 17:11:26.836 WARN  [http-nio-8080-exec-10] o.s.w.s.m.m.a.ExceptionHandlerExceptionResolver - Resolved [org.springframework.web.servlet.NoHandlerFoundException: No endpoint GET /api/leave-encashment-requests.]
2026-05-13 17:11:26.864 WARN  [http-nio-8080-exec-5] o.s.web.servlet.PageNotFound - No mapping for GET /api/leave-encashment-requests
2026-05-13 17:11:26.864 WARN  [http-nio-8080-exec-5] o.s.w.s.m.m.a.ExceptionHandlerExceptionResolver - Resolved [org.springframework.web.servlet.NoHandlerFoundException: No endpoint GET /api/leave-encashment-requests.]
2026-05-13 17:11:26.880 WARN  [http-nio-8080-exec-7] o.s.web.servlet.PageNotFound - No mapping for GET /api/leave-encashment-requests
2026-05-13 17:11:26.886 WARN  [http-nio-8080-exec-7] o.s.w.s.m.m.a.ExceptionHandlerExceptionResolver - Resolved [org.springframework.web.servlet.NoHandlerFoundException: No endpoint GET /api/leave-encashment-requests.]
2026-05-13 17:11:26.906 WARN  [http-nio-8080-exec-4] o.s.web.servlet.PageNotFound - No mapping for GET /api/leave-encashment-requests
2026-05-13 17:11:26.906 WARN  [http-nio-8080-exec-4] o.s.w.s.m.m.a.ExceptionHandlerExceptionResolver - Resolved [org.springframework.web.servlet.NoHandlerFoundException: No endpoint GET /api/leave-encashment-requests.]
2026-05-13 17:11:26.921 WARN  [http-nio-8080-exec-2] o.s.web.servlet.PageNotFound - No mapping for GET /api/leave-encashment-requests
2026-05-13 17:11:26.927 WARN  [http-nio-8080-exec-2] o.s.w.s.m.m.a.ExceptionHandlerExceptionResolver - Resolved [org.springframework.web.servlet.NoHandlerFoundException: No endpoint GET /api/leave-encashment-requests.]
2026-05-13 17:11:26.942 WARN  [http-nio-8080-exec-10] o.s.web.servlet.PageNotFound - No mapping for GET /api/leave-encashment-requests
2026-05-13 17:11:26.949 WARN  [http-nio-8080-exec-10] o.s.w.s.m.m.a.ExceptionHandlerExceptionResolver - Resolved [org.springframework.web.servlet.NoHandlerFoundException: No endpoint GET /api/leave-encashment-requests.]
2026-05-13 17:11:26.973 WARN  [http-nio-8080-exec-5] o.s.web.servlet.PageNotFound - No mapping for GET /api/leave-encashment-requests
2026-05-13 17:11:26.977 WARN  [http-nio-8080-exec-5] o.s.w.s.m.m.a.ExceptionHandlerExceptionResolver - Resolved [org.springframework.web.servlet.NoHandlerFoundException: No endpoint GET /api/leave-encashment-requests.]
2026-05-13 17:11:26.998 WARN  [http-nio-8080-exec-7] o.s.web.servlet.PageNotFound - No mapping for GET /api/leave-encashment-requests
2026-05-13 17:11:27.005 WARN  [http-nio-8080-exec-7] o.s.w.s.m.m.a.ExceptionHandlerExceptionResolver - Resolved [org.springframework.web.servlet.NoHandlerFoundException: No endpoint GET /api/leave-encashment-requests.]
2026-05-13 17:11:27.025 WARN  [http-nio-8080-exec-4] o.s.web.servlet.PageNotFound - No mapping for GET /api/leave-encashment-requests
2026-05-13 17:11:27.027 WARN  [http-nio-8080-exec-4] o.s.w.s.m.m.a.ExceptionHandlerExceptionResolver - Resolved [org.springframework.web.servlet.NoHandlerFoundException: No endpoint GET /api/leave-encashment-requests.]
2026-05-13 17:11:27.046 WARN  [http-nio-8080-exec-2] o.s.web.servlet.PageNotFound - No mapping for GET /api/leave-encashment-requests
2026-05-13 17:11:27.048 WARN  [http-nio-8080-exec-2] o.s.w.s.m.m.a.ExceptionHandlerExceptionResolver - Resolved [org.springframework.web.servlet.NoHandlerFoundException: No endpoint GET /api/leave-encashment-requests.]
2026-05-13 17:11:27.064 WARN  [http-nio-8080-exec-10] o.s.web.servlet.PageNotFound - No mapping for GET /api/leave-encashment-requests
2026-05-13 17:11:27.066 WARN  [http-nio-8080-exec-10] o.s.w.s.m.m.a.ExceptionHandlerExceptionResolver - Resolved [org.springframework.web.servlet.NoHandlerFoundException: No endpoint GET /api/leave-encashment-requests.]
2026-05-13 17:11:27.082 WARN  [http-nio-8080-exec-5] o.s.web.servlet.PageNotFound - No mapping for GET /api/leave-encashment-requests
2026-05-13 17:11:27.085 WARN  [http-nio-8080-exec-5] o.s.w.s.m.m.a.ExceptionHandlerExceptionResolver - Resolved [org.springframework.web.servlet.NoHandlerFoundException: No endpoint GET /api/leave-encashment-requests.]
2026-05-13 17:11:27.107 WARN  [http-nio-8080-exec-7] o.s.web.servlet.PageNotFound - No mapping for GET /api/leave-encashment-requests
2026-05-13 17:11:27.110 WARN  [http-nio-8080-exec-7] o.s.w.s.m.m.a.ExceptionHandlerExceptionResolver - Resolved [org.springframework.web.servlet.NoHandlerFoundException: No endpoint GET /api/leave-encashment-requests.]
2026-05-13 17:11:27.129 WARN  [http-nio-8080-exec-4] o.s.web.servlet.PageNotFound - No mapping for GET /api/leave-encashment-requests
2026-05-13 17:11:27.131 WARN  [http-nio-8080-exec-4] o.s.w.s.m.m.a.ExceptionHandlerExceptionResolver - Resolved [org.springframework.web.servlet.NoHandlerFoundException: No endpoint GET /api/leave-encashment-requests.]
2026-05-13 17:11:27.150 WARN  [http-nio-8080-exec-2] o.s.web.servlet.PageNotFound - No mapping for GET /api/leave-encashment-requests
2026-05-13 17:11:27.151 WARN  [http-nio-8080-exec-2] o.s.w.s.m.m.a.ExceptionHandlerExceptionResolver - Resolved [org.springframework.web.servlet.NoHandlerFoundException: No endpoint GET /api/leave-encashment-requests.]
2026-05-13 17:11:27.171 WARN  [http-nio-8080-exec-10] o.s.web.servlet.PageNotFound - No mapping for GET /api/leave-encashment-requests
2026-05-13 17:11:27.175 WARN  [http-nio-8080-exec-10] o.s.w.s.m.m.a.ExceptionHandlerExceptionResolver - Resolved [org.springframework.web.servlet.NoHandlerFoundException: No endpoint GET /api/leave-encashment-requests.]
2026-05-13 17:11:27.188 WARN  [http-nio-8080-exec-3] o.s.web.servlet.PageNotFound - No mapping for GET /api/leave-encashment-requests
2026-05-13 17:11:27.188 WARN  [http-nio-8080-exec-3] o.s.w.s.m.m.a.ExceptionHandlerExceptionResolver - Resolved [org.springframework.web.servlet.NoHandlerFoundException: No endpoint GET /api/leave-encashment-requests.]
2026-05-13 17:11:27.213 WARN  [http-nio-8080-exec-9] o.s.web.servlet.PageNotFound - No mapping for GET /api/leave-encashment-requests
2026-05-13 17:11:27.220 WARN  [http-nio-8080-exec-9] o.s.w.s.m.m.a.ExceptionHandlerExceptionResolver - Resolved [org.springframework.web.servlet.NoHandlerFoundException: No endpoint GET /api/leave-encashment-requests.]
2026-05-13 17:11:27.239 WARN  [http-nio-8080-exec-4] o.s.web.servlet.PageNotFound - No mapping for GET /api/leave-encashment-requests
2026-05-13 17:11:27.242 WARN  [http-nio-8080-exec-4] o.s.w.s.m.m.a.ExceptionHandlerExceptionResolver - Resolved [org.springframework.web.servlet.NoHandlerFoundException: No endpoint GET /api/leave-encashment-requests.]
2026-05-13 17:11:27.260 WARN  [http-nio-8080-exec-1] o.s.web.servlet.PageNotFound - No mapping for GET /api/leave-encashment-requests
2026-05-13 17:11:27.261 WARN  [http-nio-8080-exec-1] o.s.w.s.m.m.a.ExceptionHandlerExceptionResolver - Resolved [org.springframework.web.servlet.NoHandlerFoundException: No endpoint GET /api/leave-encashment-requests.]
2026-05-13 17:11:27.281 WARN  [http-nio-8080-exec-10] o.s.web.servlet.PageNotFound - No mapping for GET /api/leave-encashment-requests
2026-05-13 17:11:27.281 WARN  [http-nio-8080-exec-10] o.s.w.s.m.m.a.ExceptionHandlerExceptionResolver - Resolved [org.springframework.web.servlet.NoHandlerFoundException: No endpoint GET /api/leave-encashment-requests.]
2026-05-13 17:11:27.307 WARN  [http-nio-8080-exec-3] o.s.web.servlet.PageNotFound - No mapping for GET /api/leave-encashment-requests
2026-05-13 17:11:27.307 WARN  [http-nio-8080-exec-3] o.s.w.s.m.m.a.ExceptionHandlerExceptionResolver - Resolved [org.springframework.web.servlet.NoHandlerFoundException: No endpoint GET /api/leave-encashment-requests.]
2026-05-13 17:11:27.320 WARN  [http-nio-8080-exec-7] o.s.web.servlet.PageNotFound - No mapping for GET /api/leave-encashment-requests
2026-05-13 17:11:27.320 WARN  [http-nio-8080-exec-7] o.s.w.s.m.m.a.ExceptionHandlerExceptionResolver - Resolved [org.springframework.web.servlet.NoHandlerFoundException: No endpoint GET /api/leave-encashment-requests.]
2026-05-13 17:11:27.348 WARN  [http-nio-8080-exec-4] o.s.web.servlet.PageNotFound - No mapping for GET /api/leave-encashment-requests
2026-05-13 17:11:27.350 WARN  [http-nio-8080-exec-4] o.s.w.s.m.m.a.ExceptionHandlerExceptionResolver - Resolved [org.springframework.web.servlet.NoHandlerFoundException: No endpoint GET /api/leave-encashment-requests.]
2026-05-13 17:11:27.362 WARN  [http-nio-8080-exec-1] o.s.web.servlet.PageNotFound - No mapping for GET /api/leave-encashment-requests
2026-05-13 17:11:27.369 WARN  [http-nio-8080-exec-1] o.s.w.s.m.m.a.ExceptionHandlerExceptionResolver - Resolved [org.springframework.web.servlet.NoHandlerFoundException: No endpoint GET /api/leave-encashment-requests.]
2026-05-13 17:11:27.386 WARN  [http-nio-8080-exec-10] o.s.web.servlet.PageNotFound - No mapping for GET /api/leave-encashment-requests
2026-05-13 17:11:27.386 WARN  [http-nio-8080-exec-10] o.s.w.s.m.m.a.ExceptionHandlerExceptionResolver - Resolved [org.springframework.web.servlet.NoHandlerFoundException: No endpoint GET /api/leave-encashment-requests.]
2026-05-13 17:11:27.403 WARN  [http-nio-8080-exec-3] o.s.web.servlet.PageNotFound - No mapping for GET /api/leave-encashment-requests
2026-05-13 17:11:27.403 WARN  [http-nio-8080-exec-3] o.s.w.s.m.m.a.ExceptionHandlerExceptionResolver - Resolved [org.springframework.web.servlet.NoHandlerFoundException: No endpoint GET /api/leave-encashment-requests.]
2026-05-13 17:11:27.424 WARN  [http-nio-8080-exec-7] o.s.web.servlet.PageNotFound - No mapping for GET /api/leave-encashment-requests
2026-05-13 17:11:27.424 WARN  [http-nio-8080-exec-7] o.s.w.s.m.m.a.ExceptionHandlerExceptionResolver - Resolved [org.springframework.web.servlet.NoHandlerFoundException: No endpoint GET /api/leave-encashment-requests.]
2026-05-13 17:11:27.442 WARN  [http-nio-8080-exec-4] o.s.web.servlet.PageNotFound - No mapping for GET /api/leave-encashment-requests
2026-05-13 17:11:27.442 WARN  [http-nio-8080-exec-4] o.s.w.s.m.m.a.ExceptionHandlerExceptionResolver - Resolved [org.springframework.web.servlet.NoHandlerFoundException: No endpoint GET /api/leave-encashment-requests.]
2026-05-13 17:11:27.453 WARN  [http-nio-8080-exec-1] o.s.web.servlet.PageNotFound - No mapping for GET /api/leave-encashment-requests
2026-05-13 17:11:27.453 WARN  [http-nio-8080-exec-1] o.s.w.s.m.m.a.ExceptionHandlerExceptionResolver - Resolved [org.springframework.web.servlet.NoHandlerFoundException: No endpoint GET /api/leave-encashment-requests.]
2026-05-13 17:11:27.476 WARN  [http-nio-8080-exec-10] o.s.web.servlet.PageNotFound - No mapping for GET /api/leave-encashment-requests
2026-05-13 17:11:27.479 WARN  [http-nio-8080-exec-10] o.s.w.s.m.m.a.ExceptionHandlerExceptionResolver - Resolved [org.springframework.web.servlet.NoHandlerFoundException: No endpoint GET /api/leave-encashment-requests.]
2026-05-13 17:11:27.495 WARN  [http-nio-8080-exec-3] o.s.web.servlet.PageNotFound - No mapping for GET /api/leave-encashment-requests
2026-05-13 17:11:27.495 WARN  [http-nio-8080-exec-3] o.s.w.s.m.m.a.ExceptionHandlerExceptionResolver - Resolved [org.springframework.web.servlet.NoHandlerFoundException: No endpoint GET /api/leave-encashment-requests.]
2026-05-13 17:11:27.510 WARN  [http-nio-8080-exec-7] o.s.web.servlet.PageNotFound - No mapping for GET /api/leave-encashment-requests
2026-05-13 17:11:27.510 WARN  [http-nio-8080-exec-7] o.s.w.s.m.m.a.ExceptionHandlerExceptionResolver - Resolved [org.springframework.web.servlet.NoHandlerFoundException: No endpoint GET /api/leave-encashment-requests.]
2026-05-13 17:11:27.529 WARN  [http-nio-8080-exec-4] o.s.web.servlet.PageNotFound - No mapping for GET /api/leave-encashment-requests
2026-05-13 17:11:27.529 WARN  [http-nio-8080-exec-4] o.s.w.s.m.m.a.ExceptionHandlerExceptionResolver - Resolved [org.springframework.web.servlet.NoHandlerFoundException: No endpoint GET /api/leave-encashment-requests.]
2026-05-13 17:11:27.555 WARN  [http-nio-8080-exec-1] o.s.web.servlet.PageNotFound - No mapping for GET /api/leave-encashment-requests
2026-05-13 17:11:27.557 WARN  [http-nio-8080-exec-1] o.s.w.s.m.m.a.ExceptionHandlerExceptionResolver - Resolved [org.springframework.web.servlet.NoHandlerFoundException: No endpoint GET /api/leave-encashment-requests.]
2026-05-13 17:11:27.574 WARN  [http-nio-8080-exec-10] o.s.web.servlet.PageNotFound - No mapping for GET /api/leave-encashment-requests
2026-05-13 17:11:27.578 WARN  [http-nio-8080-exec-10] o.s.w.s.m.m.a.ExceptionHandlerExceptionResolver - Resolved [org.springframework.web.servlet.NoHandlerFoundException: No endpoint GET /api/leave-encashment-requests.]
2026-05-13 17:11:27.595 WARN  [http-nio-8080-exec-3] o.s.web.servlet.PageNotFound - No mapping for GET /api/leave-encashment-requests
2026-05-13 17:11:27.599 WARN  [http-nio-8080-exec-3] o.s.w.s.m.m.a.ExceptionHandlerExceptionResolver - Resolved [org.springframework.web.servlet.NoHandlerFoundException: No endpoint GET /api/leave-encashment-requests.]
2026-05-13 17:11:27.612 WARN  [http-nio-8080-exec-7] o.s.web.servlet.PageNotFound - No mapping for GET /api/leave-encashment-requests
2026-05-13 17:11:27.612 WARN  [http-nio-8080-exec-7] o.s.w.s.m.m.a.ExceptionHandlerExceptionResolver - Resolved [org.springframework.web.servlet.NoHandlerFoundException: No endpoint GET /api/leave-encashment-requests.]
2026-05-13 17:11:27.637 WARN  [http-nio-8080-exec-4] o.s.web.servlet.PageNotFound - No mapping for GET /api/leave-encashment-requests
2026-05-13 17:11:27.640 WARN  [http-nio-8080-exec-4] o.s.w.s.m.m.a.ExceptionHandlerExceptionResolver - Resolved [org.springframework.web.servlet.NoHandlerFoundException: No endpoint GET /api/leave-encashment-requests.]
2026-05-13 17:11:27.654 WARN  [http-nio-8080-exec-1] o.s.web.servlet.PageNotFound - No mapping for GET /api/leave-encashment-requests
2026-05-13 17:11:27.654 WARN  [http-nio-8080-exec-1] o.s.w.s.m.m.a.ExceptionHandlerExceptionResolver - Resolved [org.springframework.web.servlet.NoHandlerFoundException: No endpoint GET /api/leave-encashment-requests.]
2026-05-13 17:11:27.669 WARN  [http-nio-8080-exec-10] o.s.web.servlet.PageNotFound - No mapping for GET /api/leave-encashment-requests
2026-05-13 17:11:27.669 WARN  [http-nio-8080-exec-10] o.s.w.s.m.m.a.ExceptionHandlerExceptionResolver - Resolved [org.springframework.web.servlet.NoHandlerFoundException: No endpoint GET /api/leave-encashment-requests.]
2026-05-13 17:11:27.686 WARN  [http-nio-8080-exec-3] o.s.web.servlet.PageNotFound - No mapping for GET /api/leave-encashment-requests
2026-05-13 17:11:27.688 WARN  [http-nio-8080-exec-3] o.s.w.s.m.m.a.ExceptionHandlerExceptionResolver - Resolved [org.springframework.web.servlet.NoHandlerFoundException: No endpoint GET /api/leave-encashment-requests.]
2026-05-13 17:11:27.700 WARN  [http-nio-8080-exec-7] o.s.web.servlet.PageNotFound - No mapping for GET /api/leave-encashment-requests
2026-05-13 17:11:27.702 WARN  [http-nio-8080-exec-7] o.s.w.s.m.m.a.ExceptionHandlerExceptionResolver - Resolved [org.springframework.web.servlet.NoHandlerFoundException: No endpoint GET /api/leave-encashment-requests.]
2026-05-13 17:11:27.716 WARN  [http-nio-8080-exec-4] o.s.web.servlet.PageNotFound - No mapping for GET /api/leave-encashment-requests
2026-05-13 17:11:27.719 WARN  [http-nio-8080-exec-4] o.s.w.s.m.m.a.ExceptionHandlerExceptionResolver - Resolved [org.springframework.web.servlet.NoHandlerFoundException: No endpoint GET /api/leave-encashment-requests.]
2026-05-13 17:11:27.736 WARN  [http-nio-8080-exec-6] o.s.web.servlet.PageNotFound - No mapping for GET /api/leave-encashment-requests
2026-05-13 17:11:27.736 WARN  [http-nio-8080-exec-6] o.s.w.s.m.m.a.ExceptionHandlerExceptionResolver - Resolved [org.springframework.web.servlet.NoHandlerFoundException: No endpoint GET /api/leave-encashment-requests.]
2026-05-13 17:11:27.753 WARN  [http-nio-8080-exec-2] o.s.web.servlet.PageNotFound - No mapping for GET /api/leave-encashment-requests
2026-05-13 17:11:27.753 WARN  [http-nio-8080-exec-2] o.s.w.s.m.m.a.ExceptionHandlerExceptionResolver - Resolved [org.springframework.web.servlet.NoHandlerFoundException: No endpoint GET /api/leave-encashment-requests.]
2026-05-13 17:11:27.770 WARN  [http-nio-8080-exec-8] o.s.web.servlet.PageNotFound - No mapping for GET /api/leave-encashment-requests
2026-05-13 17:11:27.770 WARN  [http-nio-8080-exec-8] o.s.w.s.m.m.a.ExceptionHandlerExceptionResolver - Resolved [org.springframework.web.servlet.NoHandlerFoundException: No endpoint GET /api/leave-encashment-requests.]
2026-05-13 17:11:27.795 WARN  [http-nio-8080-exec-5] o.s.web.servlet.PageNotFound - No mapping for GET /api/leave-encashment-requests
2026-05-13 17:11:27.796 WARN  [http-nio-8080-exec-5] o.s.w.s.m.m.a.ExceptionHandlerExceptionResolver - Resolved [org.springframework.web.servlet.NoHandlerFoundException: No endpoint GET /api/leave-encashment-requests.]
2026-05-13 17:11:27.811 WARN  [http-nio-8080-exec-4] o.s.web.servlet.PageNotFound - No mapping for GET /api/leave-encashment-requests
2026-05-13 17:11:27.811 WARN  [http-nio-8080-exec-4] o.s.w.s.m.m.a.ExceptionHandlerExceptionResolver - Resolved [org.springframework.web.servlet.NoHandlerFoundException: No endpoint GET /api/leave-encashment-requests.]
2026-05-13 17:11:27.835 WARN  [http-nio-8080-exec-6] o.s.web.servlet.PageNotFound - No mapping for GET /api/leave-encashment-requests
2026-05-13 17:11:27.837 WARN  [http-nio-8080-exec-6] o.s.w.s.m.m.a.ExceptionHandlerExceptionResolver - Resolved [org.springframework.web.servlet.NoHandlerFoundException: No endpoint GET /api/leave-encashment-requests.]
2026-05-13 17:11:27.854 WARN  [http-nio-8080-exec-2] o.s.web.servlet.PageNotFound - No mapping for GET /api/leave-encashment-requests
2026-05-13 17:11:27.854 WARN  [http-nio-8080-exec-2] o.s.w.s.m.m.a.ExceptionHandlerExceptionResolver - Resolved [org.springframework.web.servlet.NoHandlerFoundException: No endpoint GET /api/leave-encashment-requests.]
2026-05-13 17:11:27.871 WARN  [http-nio-8080-exec-3] o.s.web.servlet.PageNotFound - No mapping for GET /api/leave-encashment-requests
2026-05-13 17:11:27.871 WARN  [http-nio-8080-exec-3] o.s.w.s.m.m.a.ExceptionHandlerExceptionResolver - Resolved [org.springframework.web.servlet.NoHandlerFoundException: No endpoint GET /api/leave-encashment-requests.]
2026-05-13 17:11:27.892 WARN  [http-nio-8080-exec-7] o.s.web.servlet.PageNotFound - No mapping for GET /api/leave-encashment-requests
2026-05-13 17:11:27.894 WARN  [http-nio-8080-exec-7] o.s.w.s.m.m.a.ExceptionHandlerExceptionResolver - Resolved [org.springframework.web.servlet.NoHandlerFoundException: No endpoint GET /api/leave-encashment-requests.]
2026-05-13 17:11:27.908 WARN  [http-nio-8080-exec-4] o.s.web.servlet.PageNotFound - No mapping for GET /api/leave-encashment-requests
2026-05-13 17:11:27.908 WARN  [http-nio-8080-exec-4] o.s.w.s.m.m.a.ExceptionHandlerExceptionResolver - Resolved [org.springframework.web.servlet.NoHandlerFoundException: No endpoint GET /api/leave-encashment-requests.]
2026-05-13 17:11:27.925 WARN  [http-nio-8080-exec-6] o.s.web.servlet.PageNotFound - No mapping for GET /api/leave-encashment-requests
2026-05-13 17:11:27.925 WARN  [http-nio-8080-exec-6] o.s.w.s.m.m.a.ExceptionHandlerExceptionResolver - Resolved [org.springframework.web.servlet.NoHandlerFoundException: No endpoint GET /api/leave-encashment-requests.]
2026-05-13 17:11:27.941 WARN  [http-nio-8080-exec-2] o.s.web.servlet.PageNotFound - No mapping for GET /api/leave-encashment-requests
2026-05-13 17:11:27.950 WARN  [http-nio-8080-exec-2] o.s.w.s.m.m.a.ExceptionHandlerExceptionResolver - Resolved [org.springframework.web.servlet.NoHandlerFoundException: No endpoint GET /api/leave-encashment-requests.]
2026-05-13 17:11:27.958 WARN  [http-nio-8080-exec-8] o.s.web.servlet.PageNotFound - No mapping for GET /api/leave-encashment-requests
2026-05-13 17:11:27.958 WARN  [http-nio-8080-exec-8] o.s.w.s.m.m.a.ExceptionHandlerExceptionResolver - Resolved [org.springframework.web.servlet.NoHandlerFoundException: No endpoint GET /api/leave-encashment-requests.]
2026-05-13 17:11:27.979 WARN  [http-nio-8080-exec-5] o.s.web.servlet.PageNotFound - No mapping for GET /api/leave-encashment-requests
2026-05-13 17:11:27.979 WARN  [http-nio-8080-exec-5] o.s.w.s.m.m.a.ExceptionHandlerExceptionResolver - Resolved [org.springframework.web.servlet.NoHandlerFoundException: No endpoint GET /api/leave-encashment-requests.]
2026-05-13 17:11:28.000 WARN  [http-nio-8080-exec-4] o.s.web.servlet.PageNotFound - No mapping for GET /api/leave-encashment-requests
2026-05-13 17:11:28.004 WARN  [http-nio-8080-exec-4] o.s.w.s.m.m.a.ExceptionHandlerExceptionResolver - Resolved [org.springframework.web.servlet.NoHandlerFoundException: No endpoint GET /api/leave-encashment-requests.]
2026-05-13 17:11:28.019 WARN  [http-nio-8080-exec-6] o.s.web.servlet.PageNotFound - No mapping for GET /api/leave-encashment-requests
2026-05-13 17:11:28.023 WARN  [http-nio-8080-exec-6] o.s.w.s.m.m.a.ExceptionHandlerExceptionResolver - Resolved [org.springframework.web.servlet.NoHandlerFoundException: No endpoint GET /api/leave-encashment-requests.]
2026-05-13 17:11:28.036 WARN  [http-nio-8080-exec-2] o.s.web.servlet.PageNotFound - No mapping for GET /api/leave-encashment-requests
2026-05-13 17:11:28.036 WARN  [http-nio-8080-exec-2] o.s.w.s.m.m.a.ExceptionHandlerExceptionResolver - Resolved [org.springframework.web.servlet.NoHandlerFoundException: No endpoint GET /api/leave-encashment-requests.]
2026-05-13 17:11:28.055 WARN  [http-nio-8080-exec-8] o.s.web.servlet.PageNotFound - No mapping for GET /api/leave-encashment-requests
2026-05-13 17:11:28.055 WARN  [http-nio-8080-exec-8] o.s.w.s.m.m.a.ExceptionHandlerExceptionResolver - Resolved [org.springframework.web.servlet.NoHandlerFoundException: No endpoint GET /api/leave-encashment-requests.]
2026-05-13 17:11:28.072 WARN  [http-nio-8080-exec-5] o.s.web.servlet.PageNotFound - No mapping for GET /api/leave-encashment-requests
2026-05-13 17:11:28.072 WARN  [http-nio-8080-exec-5] o.s.w.s.m.m.a.ExceptionHandlerExceptionResolver - Resolved [org.springframework.web.servlet.NoHandlerFoundException: No endpoint GET /api/leave-encashment-requests.]
2026-05-13 17:11:28.090 WARN  [http-nio-8080-exec-4] o.s.web.servlet.PageNotFound - No mapping for GET /api/leave-encashment-requests
2026-05-13 17:11:28.090 WARN  [http-nio-8080-exec-4] o.s.w.s.m.m.a.ExceptionHandlerExceptionResolver - Resolved [org.springframework.web.servlet.NoHandlerFoundException: No endpoint GET /api/leave-encashment-requests.]
2026-05-13 17:11:28.108 WARN  [http-nio-8080-exec-6] o.s.web.servlet.PageNotFound - No mapping for GET /api/leave-encashment-requests
2026-05-13 17:11:28.109 WARN  [http-nio-8080-exec-6] o.s.w.s.m.m.a.ExceptionHandlerExceptionResolver - Resolved [org.springframework.web.servlet.NoHandlerFoundException: No endpoint GET /api/leave-encashment-requests.]
2026-05-13 17:11:28.127 WARN  [http-nio-8080-exec-2] o.s.web.servlet.PageNotFound - No mapping for GET /api/leave-encashment-requests
2026-05-13 17:11:28.134 WARN  [http-nio-8080-exec-2] o.s.w.s.m.m.a.ExceptionHandlerExceptionResolver - Resolved [org.springframework.web.servlet.NoHandlerFoundException: No endpoint GET /api/leave-encashment-requests.]
2026-05-13 17:11:28.149 WARN  [http-nio-8080-exec-3] o.s.web.servlet.PageNotFound - No mapping for GET /api/leave-encashment-requests
2026-05-13 17:11:28.149 WARN  [http-nio-8080-exec-3] o.s.w.s.m.m.a.ExceptionHandlerExceptionResolver - Resolved [org.springframework.web.servlet.NoHandlerFoundException: No endpoint GET /api/leave-encashment-requests.]
2026-05-13 17:14:59.584 WARN  [http-nio-8080-exec-7] o.s.w.s.m.m.a.ExceptionHandlerExceptionResolver - Resolved [org.springframework.web.HttpRequestMethodNotSupportedException: Request method 'GET' is not supported]
2026-05-13 17:14:59.597 WARN  [http-nio-8080-exec-3] o.s.w.s.m.m.a.ExceptionHandlerExceptionResolver - Resolved [org.springframework.web.HttpRequestMethodNotSupportedException: Request method 'GET' is not supported]
2026-05-13 17:14:59.658 WARN  [http-nio-8080-exec-2] o.s.w.s.m.m.a.ExceptionHandlerExceptionResolver - Resolved [org.springframework.web.HttpRequestMethodNotSupportedException: Request method 'GET' is not supported]
2026-05-13 17:14:59.674 WARN  [http-nio-8080-exec-1] o.s.w.s.m.m.a.ExceptionHandlerExceptionResolver - Resolved [org.springframework.web.HttpRequestMethodNotSupportedException: Request method 'GET' is not supported]
2026-05-13 17:14:59.750 WARN  [http-nio-8080-exec-10] o.s.w.s.m.m.a.ExceptionHandlerExceptionResolver - Resolved [org.springframework.web.HttpRequestMethodNotSupportedException: Request method 'GET' is not supported]
2026-05-13 17:14:59.763 WARN  [http-nio-8080-exec-7] o.s.w.s.m.m.a.ExceptionHandlerExceptionResolver - Resolved [org.springframework.web.HttpRequestMethodNotSupportedException: Request method 'GET' is not supported]
2026-05-13 17:14:59.826 WARN  [http-nio-8080-exec-4] o.s.w.s.m.m.a.ExceptionHandlerExceptionResolver - Resolved [org.springframework.web.HttpRequestMethodNotSupportedException: Request method 'GET' is not supported]
2026-05-13 17:14:59.847 WARN  [http-nio-8080-exec-9] o.s.w.s.m.m.a.ExceptionHandlerExceptionResolver - Resolved [org.springframework.web.HttpRequestMethodNotSupportedException: Request method 'GET' is not supported]
2026-05-13 17:14:59.888 WARN  [http-nio-8080-exec-6] o.s.w.s.m.m.a.ExceptionHandlerExceptionResolver - Resolved [org.springframework.web.HttpRequestMethodNotSupportedException: Request method 'GET' is not supported]
2026-05-13 17:14:59.907 WARN  [http-nio-8080-exec-10] o.s.w.s.m.m.a.ExceptionHandlerExceptionResolver - Resolved [org.springframework.web.HttpRequestMethodNotSupportedException: Request method 'GET' is not supported]
2026-05-13 17:14:59.962 WARN  [http-nio-8080-exec-5] o.s.w.s.m.m.a.ExceptionHandlerExceptionResolver - Resolved [org.springframework.web.HttpRequestMethodNotSupportedException: Request method 'GET' is not supported]
2026-05-13 17:14:59.975 WARN  [http-nio-8080-exec-4] o.s.w.s.m.m.a.ExceptionHandlerExceptionResolver - Resolved [org.springframework.web.HttpRequestMethodNotSupportedException: Request method 'GET' is not supported]
2026-05-13 17:15:00.033 WARN  [http-nio-8080-exec-2] o.s.w.s.m.m.a.ExceptionHandlerExceptionResolver - Resolved [org.springframework.web.HttpRequestMethodNotSupportedException: Request method 'GET' is not supported]
2026-05-13 17:15:00.054 WARN  [http-nio-8080-exec-6] o.s.w.s.m.m.a.ExceptionHandlerExceptionResolver - Resolved [org.springframework.web.HttpRequestMethodNotSupportedException: Request method 'GET' is not supported]
2026-05-13 17:15:00.113 WARN  [http-nio-8080-exec-10] o.s.w.s.m.m.a.ExceptionHandlerExceptionResolver - Resolved [org.springframework.web.HttpRequestMethodNotSupportedException: Request method 'GET' is not supported]
2026-05-13 17:15:00.124 WARN  [http-nio-8080-exec-5] o.s.w.s.m.m.a.ExceptionHandlerExceptionResolver - Resolved [org.springframework.web.HttpRequestMethodNotSupportedException: Request method 'GET' is not supported]
2026-05-13 17:15:00.173 WARN  [http-nio-8080-exec-3] o.s.w.s.m.m.a.ExceptionHandlerExceptionResolver - Resolved [org.springframework.web.HttpRequestMethodNotSupportedException: Request method 'GET' is not supported]
2026-05-13 17:15:00.182 WARN  [http-nio-8080-exec-2] o.s.w.s.m.m.a.ExceptionHandlerExceptionResolver - Resolved [org.springframework.web.HttpRequestMethodNotSupportedException: Request method 'GET' is not supported]
2026-05-13 17:15:00.234 WARN  [http-nio-8080-exec-1] o.s.w.s.m.m.a.ExceptionHandlerExceptionResolver - Resolved [org.springframework.web.HttpRequestMethodNotSupportedException: Request method 'GET' is not supported]
2026-05-13 17:15:00.281 WARN  [http-nio-8080-exec-8] o.s.w.s.m.m.a.ExceptionHandlerExceptionResolver - Resolved [org.springframework.web.HttpRequestMethodNotSupportedException: Request method 'GET' is not supported]
2026-05-13 17:15:00.314 WARN  [http-nio-8080-exec-5] o.s.w.s.m.m.a.ExceptionHandlerExceptionResolver - Resolved [org.springframework.web.HttpRequestMethodNotSupportedException: Request method 'GET' is not supported]
2026-05-13 17:15:00.328 WARN  [http-nio-8080-exec-3] o.s.w.s.m.m.a.ExceptionHandlerExceptionResolver - Resolved [org.springframework.web.HttpRequestMethodNotSupportedException: Request method 'GET' is not supported]
2026-05-13 17:15:00.344 WARN  [http-nio-8080-exec-2] o.s.w.s.m.m.a.ExceptionHandlerExceptionResolver - Resolved [org.springframework.web.HttpRequestMethodNotSupportedException: Request method 'GET' is not supported]
2026-05-13 17:15:00.366 WARN  [http-nio-8080-exec-6] o.s.w.s.m.m.a.ExceptionHandlerExceptionResolver - Resolved [org.springframework.web.HttpRequestMethodNotSupportedException: Request method 'GET' is not supported]
2026-05-13 17:15:00.380 WARN  [http-nio-8080-exec-10] o.s.w.s.m.m.a.ExceptionHandlerExceptionResolver - Resolved [org.springframework.web.HttpRequestMethodNotSupportedException: Request method 'GET' is not supported]
2026-05-13 17:15:00.407 WARN  [http-nio-8080-exec-7] o.s.w.s.m.m.a.ExceptionHandlerExceptionResolver - Resolved [org.springframework.web.HttpRequestMethodNotSupportedException: Request method 'GET' is not supported]
2026-05-13 17:15:00.419 WARN  [http-nio-8080-exec-3] o.s.w.s.m.m.a.ExceptionHandlerExceptionResolver - Resolved [org.springframework.web.HttpRequestMethodNotSupportedException: Request method 'GET' is not supported]
2026-05-13 17:15:00.431 WARN  [http-nio-8080-exec-2] o.s.w.s.m.m.a.ExceptionHandlerExceptionResolver - Resolved [org.springframework.web.HttpRequestMethodNotSupportedException: Request method 'GET' is not supported]
2026-05-13 17:15:00.447 WARN  [http-nio-8080-exec-6] o.s.w.s.m.m.a.ExceptionHandlerExceptionResolver - Resolved [org.springframework.web.HttpRequestMethodNotSupportedException: Request method 'GET' is not supported]
2026-05-13 17:15:00.458 WARN  [http-nio-8080-exec-10] o.s.w.s.m.m.a.ExceptionHandlerExceptionResolver - Resolved [org.springframework.web.HttpRequestMethodNotSupportedException: Request method 'GET' is not supported]
2026-05-13 17:15:00.484 WARN  [http-nio-8080-exec-5] o.s.w.s.m.m.a.ExceptionHandlerExceptionResolver - Resolved [org.springframework.web.HttpRequestMethodNotSupportedException: Request method 'GET' is not supported]
2026-05-13 17:15:00.498 WARN  [http-nio-8080-exec-3] o.s.w.s.m.m.a.ExceptionHandlerExceptionResolver - Resolved [org.springframework.web.HttpRequestMethodNotSupportedException: Request method 'GET' is not supported]
2026-05-13 17:15:00.521 WARN  [http-nio-8080-exec-9] o.s.w.s.m.m.a.ExceptionHandlerExceptionResolver - Resolved [org.springframework.web.HttpRequestMethodNotSupportedException: Request method 'GET' is not supported]
2026-05-13 17:15:00.542 WARN  [http-nio-8080-exec-6] o.s.w.s.m.m.a.ExceptionHandlerExceptionResolver - Resolved [org.springframework.web.HttpRequestMethodNotSupportedException: Request method 'GET' is not supported]
2026-05-13 17:15:00.584 WARN  [http-nio-8080-exec-8] o.s.w.s.m.m.a.ExceptionHandlerExceptionResolver - Resolved [org.springframework.web.HttpRequestMethodNotSupportedException: Request method 'GET' is not supported]
2026-05-13 17:15:00.631 WARN  [http-nio-8080-exec-7] o.s.w.s.m.m.a.ExceptionHandlerExceptionResolver - Resolved [org.springframework.web.HttpRequestMethodNotSupportedException: Request method 'GET' is not supported]
2026-05-13 17:15:00.647 WARN  [http-nio-8080-exec-3] o.s.w.s.m.m.a.ExceptionHandlerExceptionResolver - Resolved [org.springframework.web.HttpRequestMethodNotSupportedException: Request method 'GET' is not supported]
2026-05-13 17:15:00.694 WARN  [http-nio-8080-exec-2] o.s.w.s.m.m.a.ExceptionHandlerExceptionResolver - Resolved [org.springframework.web.HttpRequestMethodNotSupportedException: Request method 'GET' is not supported]
2026-05-13 17:15:00.708 WARN  [http-nio-8080-exec-6] o.s.w.s.m.m.a.ExceptionHandlerExceptionResolver - Resolved [org.springframework.web.HttpRequestMethodNotSupportedException: Request method 'GET' is not supported]
2026-05-13 17:15:00.764 WARN  [http-nio-8080-exec-10] o.s.w.s.m.m.a.ExceptionHandlerExceptionResolver - Resolved [org.springframework.web.HttpRequestMethodNotSupportedException: Request method 'GET' is not supported]
2026-05-13 17:15:00.781 WARN  [http-nio-8080-exec-5] o.s.w.s.m.m.a.ExceptionHandlerExceptionResolver - Resolved [org.springframework.web.HttpRequestMethodNotSupportedException: Request method 'GET' is not supported]
2026-05-13 17:15:00.828 WARN  [http-nio-8080-exec-4] o.s.w.s.m.m.a.ExceptionHandlerExceptionResolver - Resolved [org.springframework.web.HttpRequestMethodNotSupportedException: Request method 'GET' is not supported]
2026-05-13 17:15:00.840 WARN  [http-nio-8080-exec-2] o.s.w.s.m.m.a.ExceptionHandlerExceptionResolver - Resolved [org.springframework.web.HttpRequestMethodNotSupportedException: Request method 'GET' is not supported]
2026-05-13 17:15:00.889 WARN  [http-nio-8080-exec-1] o.s.w.s.m.m.a.ExceptionHandlerExceptionResolver - Resolved [org.springframework.web.HttpRequestMethodNotSupportedException: Request method 'GET' is not supported]
2026-05-13 17:15:00.934 WARN  [http-nio-8080-exec-10] o.s.w.s.m.m.a.ExceptionHandlerExceptionResolver - Resolved [org.springframework.web.HttpRequestMethodNotSupportedException: Request method 'GET' is not supported]
2026-05-13 17:15:00.975 WARN  [http-nio-8080-exec-7] o.s.w.s.m.m.a.ExceptionHandlerExceptionResolver - Resolved [org.springframework.web.HttpRequestMethodNotSupportedException: Request method 'GET' is not supported]
2026-05-13 17:15:01.016 WARN  [http-nio-8080-exec-4] o.s.w.s.m.m.a.ExceptionHandlerExceptionResolver - Resolved [org.springframework.web.HttpRequestMethodNotSupportedException: Request method 'GET' is not supported]
2026-05-13 17:15:01.058 WARN  [http-nio-8080-exec-9] o.s.w.s.m.m.a.ExceptionHandlerExceptionResolver - Resolved [org.springframework.web.HttpRequestMethodNotSupportedException: Request method 'GET' is not supported]
2026-05-13 17:15:01.098 WARN  [http-nio-8080-exec-6] o.s.w.s.m.m.a.ExceptionHandlerExceptionResolver - Resolved [org.springframework.web.HttpRequestMethodNotSupportedException: Request method 'GET' is not supported]
2026-05-13 17:15:01.139 WARN  [http-nio-8080-exec-10] o.s.w.s.m.m.a.ExceptionHandlerExceptionResolver - Resolved [org.springframework.web.HttpRequestMethodNotSupportedException: Request method 'GET' is not supported]
2026-05-13 17:15:01.182 WARN  [http-nio-8080-exec-5] o.s.w.s.m.m.a.ExceptionHandlerExceptionResolver - Resolved [org.springframework.web.HttpRequestMethodNotSupportedException: Request method 'GET' is not supported]
2026-05-13 17:15:01.214 WARN  [http-nio-8080-exec-3] o.s.w.s.m.m.a.ExceptionHandlerExceptionResolver - Resolved [org.springframework.web.HttpRequestMethodNotSupportedException: Request method 'GET' is not supported]
2026-05-13 17:15:01.248 WARN  [http-nio-8080-exec-9] o.s.w.s.m.m.a.ExceptionHandlerExceptionResolver - Resolved [org.springframework.web.HttpRequestMethodNotSupportedException: Request method 'GET' is not supported]
2026-05-13 17:15:01.281 WARN  [http-nio-8080-exec-1] o.s.w.s.m.m.a.ExceptionHandlerExceptionResolver - Resolved [org.springframework.web.HttpRequestMethodNotSupportedException: Request method 'GET' is not supported]
2026-05-13 17:15:01.314 WARN  [http-nio-8080-exec-8] o.s.w.s.m.m.a.ExceptionHandlerExceptionResolver - Resolved [org.springframework.web.HttpRequestMethodNotSupportedException: Request method 'GET' is not supported]
2026-05-13 17:15:01.345 WARN  [http-nio-8080-exec-7] o.s.w.s.m.m.a.ExceptionHandlerExceptionResolver - Resolved [org.springframework.web.HttpRequestMethodNotSupportedException: Request method 'GET' is not supported]
2026-05-13 17:15:01.367 WARN  [http-nio-8080-exec-3] o.s.w.s.m.m.a.ExceptionHandlerExceptionResolver - Resolved [org.springframework.web.HttpRequestMethodNotSupportedException: Request method 'GET' is not supported]
2026-05-13 17:15:01.396 WARN  [http-nio-8080-exec-2] o.s.w.s.m.m.a.ExceptionHandlerExceptionResolver - Resolved [org.springframework.web.HttpRequestMethodNotSupportedException: Request method 'GET' is not supported]
2026-05-13 17:15:01.415 WARN  [http-nio-8080-exec-1] o.s.w.s.m.m.a.ExceptionHandlerExceptionResolver - Resolved [org.springframework.web.HttpRequestMethodNotSupportedException: Request method 'GET' is not supported]
2026-05-13 17:15:01.442 WARN  [http-nio-8080-exec-10] o.s.w.s.m.m.a.ExceptionHandlerExceptionResolver - Resolved [org.springframework.web.HttpRequestMethodNotSupportedException: Request method 'GET' is not supported]
2026-05-13 17:15:01.468 WARN  [http-nio-8080-exec-7] o.s.w.s.m.m.a.ExceptionHandlerExceptionResolver - Resolved [org.springframework.web.HttpRequestMethodNotSupportedException: Request method 'GET' is not supported]
2026-05-13 17:15:01.499 WARN  [http-nio-8080-exec-3] o.s.w.s.m.m.a.ExceptionHandlerExceptionResolver - Resolved [org.springframework.web.HttpRequestMethodNotSupportedException: Request method 'GET' is not supported]
2026-05-13 17:15:01.527 WARN  [http-nio-8080-exec-9] o.s.w.s.m.m.a.ExceptionHandlerExceptionResolver - Resolved [org.springframework.web.HttpRequestMethodNotSupportedException: Request method 'GET' is not supported]
2026-05-13 17:15:01.548 WARN  [http-nio-8080-exec-1] o.s.w.s.m.m.a.ExceptionHandlerExceptionResolver - Resolved [org.springframework.web.HttpRequestMethodNotSupportedException: Request method 'GET' is not supported]
2026-05-13 17:15:01.570 WARN  [http-nio-8080-exec-8] o.s.w.s.m.m.a.ExceptionHandlerExceptionResolver - Resolved [org.springframework.web.HttpRequestMethodNotSupportedException: Request method 'GET' is not supported]
2026-05-13 17:15:01.611 WARN  [http-nio-8080-exec-5] o.s.w.s.m.m.a.ExceptionHandlerExceptionResolver - Resolved [org.springframework.web.HttpRequestMethodNotSupportedException: Request method 'GET' is not supported]
2026-05-13 17:15:01.654 WARN  [http-nio-8080-exec-4] o.s.w.s.m.m.a.ExceptionHandlerExceptionResolver - Resolved [org.springframework.web.HttpRequestMethodNotSupportedException: Request method 'GET' is not supported]
2026-05-13 17:15:01.694 WARN  [http-nio-8080-exec-2] o.s.w.s.m.m.a.ExceptionHandlerExceptionResolver - Resolved [org.springframework.web.HttpRequestMethodNotSupportedException: Request method 'GET' is not supported]
2026-05-13 17:15:01.730 WARN  [http-nio-8080-exec-6] o.s.w.s.m.m.a.ExceptionHandlerExceptionResolver - Resolved [org.springframework.web.HttpRequestMethodNotSupportedException: Request method 'GET' is not supported]
2026-05-13 17:15:01.766 WARN  [http-nio-8080-exec-10] o.s.w.s.m.m.a.ExceptionHandlerExceptionResolver - Resolved [org.springframework.web.HttpRequestMethodNotSupportedException: Request method 'GET' is not supported]
2026-05-13 17:15:01.799 WARN  [http-nio-8080-exec-7] o.s.w.s.m.m.a.ExceptionHandlerExceptionResolver - Resolved [org.springframework.web.HttpRequestMethodNotSupportedException: Request method 'GET' is not supported]
2026-05-13 17:15:01.835 WARN  [http-nio-8080-exec-3] o.s.w.s.m.m.a.ExceptionHandlerExceptionResolver - Resolved [org.springframework.web.HttpRequestMethodNotSupportedException: Request method 'GET' is not supported]
2026-05-13 17:15:01.892 WARN  [http-nio-8080-exec-2] o.s.w.s.m.m.a.ExceptionHandlerExceptionResolver - Resolved [org.springframework.web.HttpRequestMethodNotSupportedException: Request method 'GET' is not supported]
2026-05-13 17:15:01.929 WARN  [http-nio-8080-exec-1] o.s.w.s.m.m.a.ExceptionHandlerExceptionResolver - Resolved [org.springframework.web.HttpRequestMethodNotSupportedException: Request method 'GET' is not supported]
2026-05-13 17:15:01.968 WARN  [http-nio-8080-exec-10] o.s.w.s.m.m.a.ExceptionHandlerExceptionResolver - Resolved [org.springframework.web.HttpRequestMethodNotSupportedException: Request method 'GET' is not supported]
2026-05-13 17:15:02.013 WARN  [http-nio-8080-exec-5] o.s.w.s.m.m.a.ExceptionHandlerExceptionResolver - Resolved [org.springframework.web.HttpRequestMethodNotSupportedException: Request method 'GET' is not supported]
2026-05-13 17:15:02.053 WARN  [http-nio-8080-exec-4] o.s.w.s.m.m.a.ExceptionHandlerExceptionResolver - Resolved [org.springframework.web.HttpRequestMethodNotSupportedException: Request method 'GET' is not supported]
2026-05-13 17:15:02.085 WARN  [http-nio-8080-exec-9] o.s.w.s.m.m.a.ExceptionHandlerExceptionResolver - Resolved [org.springframework.web.HttpRequestMethodNotSupportedException: Request method 'GET' is not supported]
2026-05-13 17:15:02.122 WARN  [http-nio-8080-exec-6] o.s.w.s.m.m.a.ExceptionHandlerExceptionResolver - Resolved [org.springframework.web.HttpRequestMethodNotSupportedException: Request method 'GET' is not supported]
2026-05-13 17:15:02.170 WARN  [http-nio-8080-exec-8] o.s.w.s.m.m.a.ExceptionHandlerExceptionResolver - Resolved [org.springframework.web.HttpRequestMethodNotSupportedException: Request method 'GET' is not supported]
2026-05-13 17:15:02.211 WARN  [http-nio-8080-exec-7] o.s.w.s.m.m.a.ExceptionHandlerExceptionResolver - Resolved [org.springframework.web.HttpRequestMethodNotSupportedException: Request method 'GET' is not supported]
2026-05-13 17:15:02.247 WARN  [http-nio-8080-exec-3] o.s.w.s.m.m.a.ExceptionHandlerExceptionResolver - Resolved [org.springframework.web.HttpRequestMethodNotSupportedException: Request method 'GET' is not supported]
2026-05-13 17:15:02.267 WARN  [http-nio-8080-exec-2] o.s.w.s.m.m.a.ExceptionHandlerExceptionResolver - Resolved [org.springframework.web.HttpRequestMethodNotSupportedException: Request method 'GET' is not supported]
2026-05-13 17:15:02.314 WARN  [http-nio-8080-exec-1] o.s.w.s.m.m.a.ExceptionHandlerExceptionResolver - Resolved [org.springframework.web.HttpRequestMethodNotSupportedException: Request method 'GET' is not supported]
2026-05-13 17:15:02.345 WARN  [http-nio-8080-exec-10] o.s.w.s.m.m.a.ExceptionHandlerExceptionResolver - Resolved [org.springframework.web.HttpRequestMethodNotSupportedException: Request method 'GET' is not supported]
2026-05-13 17:15:02.367 WARN  [http-nio-8080-exec-5] o.s.w.s.m.m.a.ExceptionHandlerExceptionResolver - Resolved [org.springframework.web.HttpRequestMethodNotSupportedException: Request method 'GET' is not supported]
2026-05-13 17:15:02.392 WARN  [http-nio-8080-exec-4] o.s.w.s.m.m.a.ExceptionHandlerExceptionResolver - Resolved [org.springframework.web.HttpRequestMethodNotSupportedException: Request method 'GET' is not supported]
2026-05-13 17:15:02.413 WARN  [http-nio-8080-exec-9] o.s.w.s.m.m.a.ExceptionHandlerExceptionResolver - Resolved [org.springframework.web.HttpRequestMethodNotSupportedException: Request method 'GET' is not supported]
2026-05-13 17:15:02.450 WARN  [http-nio-8080-exec-6] o.s.w.s.m.m.a.ExceptionHandlerExceptionResolver - Resolved [org.springframework.web.HttpRequestMethodNotSupportedException: Request method 'GET' is not supported]
2026-05-13 17:15:02.471 WARN  [http-nio-8080-exec-8] o.s.w.s.m.m.a.ExceptionHandlerExceptionResolver - Resolved [org.springframework.web.HttpRequestMethodNotSupportedException: Request method 'GET' is not supported]
2026-05-13 17:15:02.497 WARN  [http-nio-8080-exec-7] o.s.w.s.m.m.a.ExceptionHandlerExceptionResolver - Resolved [org.springframework.web.HttpRequestMethodNotSupportedException: Request method 'GET' is not supported]
2026-05-13 17:15:02.515 WARN  [http-nio-8080-exec-3] o.s.w.s.m.m.a.ExceptionHandlerExceptionResolver - Resolved [org.springframework.web.HttpRequestMethodNotSupportedException: Request method 'GET' is not supported]
2026-05-13 17:15:02.584 WARN  [http-nio-8080-exec-2] o.s.w.s.m.m.a.ExceptionHandlerExceptionResolver - Resolved [org.springframework.web.HttpRequestMethodNotSupportedException: Request method 'GET' is not supported]
2026-05-13 17:15:02.648 WARN  [http-nio-8080-exec-6] o.s.w.s.m.m.a.ExceptionHandlerExceptionResolver - Resolved [org.springframework.web.HttpRequestMethodNotSupportedException: Request method 'GET' is not supported]
2026-05-13 17:15:02.697 WARN  [http-nio-8080-exec-10] o.s.w.s.m.m.a.ExceptionHandlerExceptionResolver - Resolved [org.springframework.web.HttpRequestMethodNotSupportedException: Request method 'GET' is not supported]
2026-05-13 17:15:02.747 WARN  [http-nio-8080-exec-5] o.s.w.s.m.m.a.ExceptionHandlerExceptionResolver - Resolved [org.springframework.web.HttpRequestMethodNotSupportedException: Request method 'GET' is not supported]
2026-05-13 17:15:02.775 WARN  [http-nio-8080-exec-4] o.s.w.s.m.m.a.ExceptionHandlerExceptionResolver - Resolved [org.springframework.web.HttpRequestMethodNotSupportedException: Request method 'GET' is not supported]
2026-05-13 17:15:02.812 WARN  [http-nio-8080-exec-9] o.s.w.s.m.m.a.ExceptionHandlerExceptionResolver - Resolved [org.springframework.web.HttpRequestMethodNotSupportedException: Request method 'GET' is not supported]
2026-05-13 17:15:02.884 WARN  [http-nio-8080-exec-1] o.s.w.s.m.m.a.ExceptionHandlerExceptionResolver - Resolved [org.springframework.web.HttpRequestMethodNotSupportedException: Request method 'GET' is not supported]
2026-05-13 17:15:02.927 WARN  [http-nio-8080-exec-8] o.s.w.s.m.m.a.ExceptionHandlerExceptionResolver - Resolved [org.springframework.web.HttpRequestMethodNotSupportedException: Request method 'GET' is not supported]
2026-05-13 17:15:02.970 WARN  [http-nio-8080-exec-5] o.s.w.s.m.m.a.ExceptionHandlerExceptionResolver - Resolved [org.springframework.web.HttpRequestMethodNotSupportedException: Request method 'GET' is not supported]
2026-05-13 17:15:03.006 WARN  [http-nio-8080-exec-3] o.s.w.s.m.m.a.ExceptionHandlerExceptionResolver - Resolved [org.springframework.web.HttpRequestMethodNotSupportedException: Request method 'GET' is not supported]
2026-05-13 17:15:03.039 WARN  [http-nio-8080-exec-2] o.s.w.s.m.m.a.ExceptionHandlerExceptionResolver - Resolved [org.springframework.web.HttpRequestMethodNotSupportedException: Request method 'GET' is not supported]
2026-05-13 17:15:03.086 WARN  [http-nio-8080-exec-6] o.s.w.s.m.m.a.ExceptionHandlerExceptionResolver - Resolved [org.springframework.web.HttpRequestMethodNotSupportedException: Request method 'GET' is not supported]
2026-05-13 17:15:03.183 WARN  [http-nio-8080-exec-10] o.s.w.s.m.m.a.ExceptionHandlerExceptionResolver - Resolved [org.springframework.web.HttpRequestMethodNotSupportedException: Request method 'GET' is not supported]
2026-05-13 17:15:03.232 WARN  [http-nio-8080-exec-7] o.s.w.s.m.m.a.ExceptionHandlerExceptionResolver - Resolved [org.springframework.web.HttpRequestMethodNotSupportedException: Request method 'GET' is not supported]
2026-05-13 17:15:03.280 WARN  [http-nio-8080-exec-4] o.s.w.s.m.m.a.ExceptionHandlerExceptionResolver - Resolved [org.springframework.web.HttpRequestMethodNotSupportedException: Request method 'GET' is not supported]
2026-05-13 17:15:03.325 WARN  [http-nio-8080-exec-9] o.s.w.s.m.m.a.ExceptionHandlerExceptionResolver - Resolved [org.springframework.web.HttpRequestMethodNotSupportedException: Request method 'GET' is not supported]
2026-05-13 17:15:03.369 WARN  [http-nio-8080-exec-1] o.s.w.s.m.m.a.ExceptionHandlerExceptionResolver - Resolved [org.springframework.web.HttpRequestMethodNotSupportedException: Request method 'GET' is not supported]
2026-05-13 17:15:03.425 WARN  [http-nio-8080-exec-8] o.s.w.s.m.m.a.ExceptionHandlerExceptionResolver - Resolved [org.springframework.web.HttpRequestMethodNotSupportedException: Request method 'GET' is not supported]
2026-05-13 17:15:03.489 WARN  [http-nio-8080-exec-5] o.s.w.s.m.m.a.ExceptionHandlerExceptionResolver - Resolved [org.springframework.web.HttpRequestMethodNotSupportedException: Request method 'GET' is not supported]
2026-05-13 17:15:03.513 WARN  [http-nio-8080-exec-3] o.s.w.s.m.m.a.ExceptionHandlerExceptionResolver - Resolved [org.springframework.web.HttpRequestMethodNotSupportedException: Request method 'GET' is not supported]
2026-05-13 17:15:03.541 WARN  [http-nio-8080-exec-9] o.s.w.s.m.m.a.ExceptionHandlerExceptionResolver - Resolved [org.springframework.web.HttpRequestMethodNotSupportedException: Request method 'GET' is not supported]
2026-05-13 17:15:03.569 WARN  [http-nio-8080-exec-6] o.s.w.s.m.m.a.ExceptionHandlerExceptionResolver - Resolved [org.springframework.web.HttpRequestMethodNotSupportedException: Request method 'GET' is not supported]
2026-05-13 17:15:03.601 WARN  [http-nio-8080-exec-10] o.s.w.s.m.m.a.ExceptionHandlerExceptionResolver - Resolved [org.springframework.web.HttpRequestMethodNotSupportedException: Request method 'GET' is not supported]
2026-05-13 17:15:03.644 WARN  [http-nio-8080-exec-5] o.s.w.s.m.m.a.ExceptionHandlerExceptionResolver - Resolved [org.springframework.web.HttpRequestMethodNotSupportedException: Request method 'GET' is not supported]
2026-05-13 17:15:03.698 WARN  [http-nio-8080-exec-4] o.s.w.s.m.m.a.ExceptionHandlerExceptionResolver - Resolved [org.springframework.web.HttpRequestMethodNotSupportedException: Request method 'GET' is not supported]
2026-05-13 17:15:03.835 WARN  [http-nio-8080-exec-2] o.s.w.s.m.m.a.ExceptionHandlerExceptionResolver - Resolved [org.springframework.web.HttpRequestMethodNotSupportedException: Request method 'GET' is not supported]
2026-05-13 17:15:03.876 WARN  [http-nio-8080-exec-1] o.s.w.s.m.m.a.ExceptionHandlerExceptionResolver - Resolved [org.springframework.web.HttpRequestMethodNotSupportedException: Request method 'GET' is not supported]
2026-05-13 17:15:03.925 WARN  [http-nio-8080-exec-8] o.s.w.s.m.m.a.ExceptionHandlerExceptionResolver - Resolved [org.springframework.web.HttpRequestMethodNotSupportedException: Request method 'GET' is not supported]
2026-05-13 17:15:03.976 WARN  [http-nio-8080-exec-7] o.s.w.s.m.m.a.ExceptionHandlerExceptionResolver - Resolved [org.springframework.web.HttpRequestMethodNotSupportedException: Request method 'GET' is not supported]
2026-05-13 17:15:04.044 WARN  [http-nio-8080-exec-3] o.s.w.s.m.m.a.ExceptionHandlerExceptionResolver - Resolved [org.springframework.web.HttpRequestMethodNotSupportedException: Request method 'GET' is not supported]
2026-05-13 17:15:04.115 WARN  [http-nio-8080-exec-2] o.s.w.s.m.m.a.ExceptionHandlerExceptionResolver - Resolved [org.springframework.web.HttpRequestMethodNotSupportedException: Request method 'GET' is not supported]
2026-05-13 17:15:04.181 WARN  [http-nio-8080-exec-6] o.s.w.s.m.m.a.ExceptionHandlerExceptionResolver - Resolved [org.springframework.web.HttpRequestMethodNotSupportedException: Request method 'GET' is not supported]
2026-05-13 17:15:04.218 WARN  [http-nio-8080-exec-10] o.s.w.s.m.m.a.ExceptionHandlerExceptionResolver - Resolved [org.springframework.web.HttpRequestMethodNotSupportedException: Request method 'GET' is not supported]
2026-05-13 17:15:04.262 WARN  [http-nio-8080-exec-5] o.s.w.s.m.m.a.ExceptionHandlerExceptionResolver - Resolved [org.springframework.web.HttpRequestMethodNotSupportedException: Request method 'GET' is not supported]
2026-05-13 17:15:04.307 WARN  [http-nio-8080-exec-3] o.s.w.s.m.m.a.ExceptionHandlerExceptionResolver - Resolved [org.springframework.web.HttpRequestMethodNotSupportedException: Request method 'GET' is not supported]
2026-05-13 17:15:04.354 WARN  [http-nio-8080-exec-9] o.s.w.s.m.m.a.ExceptionHandlerExceptionResolver - Resolved [org.springframework.web.HttpRequestMethodNotSupportedException: Request method 'GET' is not supported]
2026-05-13 17:15:04.428 WARN  [http-nio-8080-exec-6] o.s.w.s.m.m.a.ExceptionHandlerExceptionResolver - Resolved [org.springframework.web.HttpRequestMethodNotSupportedException: Request method 'GET' is not supported]
2026-05-13 17:15:04.457 WARN  [http-nio-8080-exec-8] o.s.w.s.m.m.a.ExceptionHandlerExceptionResolver - Resolved [org.springframework.web.HttpRequestMethodNotSupportedException: Request method 'GET' is not supported]
2026-05-13 17:15:04.499 WARN  [http-nio-8080-exec-7] o.s.w.s.m.m.a.ExceptionHandlerExceptionResolver - Resolved [org.springframework.web.HttpRequestMethodNotSupportedException: Request method 'GET' is not supported]
2026-05-13 17:15:04.533 WARN  [http-nio-8080-exec-4] o.s.w.s.m.m.a.ExceptionHandlerExceptionResolver - Resolved [org.springframework.web.HttpRequestMethodNotSupportedException: Request method 'GET' is not supported]
2026-05-13 17:15:04.555 WARN  [http-nio-8080-exec-2] o.s.w.s.m.m.a.ExceptionHandlerExceptionResolver - Resolved [org.springframework.web.HttpRequestMethodNotSupportedException: Request method 'GET' is not supported]
2026-05-13 17:15:04.584 WARN  [http-nio-8080-exec-6] o.s.w.s.m.m.a.ExceptionHandlerExceptionResolver - Resolved [org.springframework.web.HttpRequestMethodNotSupportedException: Request method 'GET' is not supported]
2026-05-13 17:15:04.608 WARN  [http-nio-8080-exec-10] o.s.w.s.m.m.a.ExceptionHandlerExceptionResolver - Resolved [org.springframework.web.HttpRequestMethodNotSupportedException: Request method 'GET' is not supported]
2026-05-13 17:15:04.641 WARN  [http-nio-8080-exec-7] o.s.w.s.m.m.a.ExceptionHandlerExceptionResolver - Resolved [org.springframework.web.HttpRequestMethodNotSupportedException: Request method 'GET' is not supported]
2026-05-13 17:15:04.679 WARN  [http-nio-8080-exec-3] o.s.w.s.m.m.a.ExceptionHandlerExceptionResolver - Resolved [org.springframework.web.HttpRequestMethodNotSupportedException: Request method 'GET' is not supported]
2026-05-13 17:15:04.750 WARN  [http-nio-8080-exec-9] o.s.w.s.m.m.a.ExceptionHandlerExceptionResolver - Resolved [org.springframework.web.HttpRequestMethodNotSupportedException: Request method 'GET' is not supported]
2026-05-13 17:15:04.794 WARN  [http-nio-8080-exec-1] o.s.w.s.m.m.a.ExceptionHandlerExceptionResolver - Resolved [org.springframework.web.HttpRequestMethodNotSupportedException: Request method 'GET' is not supported]
2026-05-13 17:15:04.832 WARN  [http-nio-8080-exec-10] o.s.w.s.m.m.a.ExceptionHandlerExceptionResolver - Resolved [org.springframework.web.HttpRequestMethodNotSupportedException: Request method 'GET' is not supported]
2026-05-13 17:15:04.879 WARN  [http-nio-8080-exec-7] o.s.w.s.m.m.a.ExceptionHandlerExceptionResolver - Resolved [org.springframework.web.HttpRequestMethodNotSupportedException: Request method 'GET' is not supported]
2026-05-13 17:15:04.956 WARN  [http-nio-8080-exec-4] o.s.w.s.m.m.a.ExceptionHandlerExceptionResolver - Resolved [org.springframework.web.HttpRequestMethodNotSupportedException: Request method 'GET' is not supported]
2026-05-13 17:15:04.994 WARN  [http-nio-8080-exec-2] o.s.w.s.m.m.a.ExceptionHandlerExceptionResolver - Resolved [org.springframework.web.HttpRequestMethodNotSupportedException: Request method 'GET' is not supported]
2026-05-13 17:15:05.029 WARN  [http-nio-8080-exec-6] o.s.w.s.m.m.a.ExceptionHandlerExceptionResolver - Resolved [org.springframework.web.HttpRequestMethodNotSupportedException: Request method 'GET' is not supported]
2026-05-13 17:15:05.064 WARN  [http-nio-8080-exec-8] o.s.w.s.m.m.a.ExceptionHandlerExceptionResolver - Resolved [org.springframework.web.HttpRequestMethodNotSupportedException: Request method 'GET' is not supported]
2026-05-13 17:15:05.108 WARN  [http-nio-8080-exec-5] o.s.w.s.m.m.a.ExceptionHandlerExceptionResolver - Resolved [org.springframework.web.HttpRequestMethodNotSupportedException: Request method 'GET' is not supported]
2026-05-13 17:15:05.147 WARN  [http-nio-8080-exec-3] o.s.w.s.m.m.a.ExceptionHandlerExceptionResolver - Resolved [org.springframework.web.HttpRequestMethodNotSupportedException: Request method 'GET' is not supported]
2026-05-13 17:15:05.216 WARN  [http-nio-8080-exec-9] o.s.w.s.m.m.a.ExceptionHandlerExceptionResolver - Resolved [org.springframework.web.HttpRequestMethodNotSupportedException: Request method 'GET' is not supported]
2026-05-13 17:15:05.265 WARN  [http-nio-8080-exec-1] o.s.w.s.m.m.a.ExceptionHandlerExceptionResolver - Resolved [org.springframework.web.HttpRequestMethodNotSupportedException: Request method 'GET' is not supported]
2026-05-13 17:15:05.314 WARN  [http-nio-8080-exec-8] o.s.w.s.m.m.a.ExceptionHandlerExceptionResolver - Resolved [org.springframework.web.HttpRequestMethodNotSupportedException: Request method 'GET' is not supported]
2026-05-13 17:15:05.355 WARN  [http-nio-8080-exec-7] o.s.w.s.m.m.a.ExceptionHandlerExceptionResolver - Resolved [org.springframework.web.HttpRequestMethodNotSupportedException: Request method 'GET' is not supported]
2026-05-13 17:15:05.392 WARN  [http-nio-8080-exec-3] o.s.w.s.m.m.a.ExceptionHandlerExceptionResolver - Resolved [org.springframework.web.HttpRequestMethodNotSupportedException: Request method 'GET' is not supported]
2026-05-13 17:15:05.421 WARN  [http-nio-8080-exec-2] o.s.w.s.m.m.a.ExceptionHandlerExceptionResolver - Resolved [org.springframework.web.HttpRequestMethodNotSupportedException: Request method 'GET' is not supported]
2026-05-13 17:15:05.451 WARN  [http-nio-8080-exec-6] o.s.w.s.m.m.a.ExceptionHandlerExceptionResolver - Resolved [org.springframework.web.HttpRequestMethodNotSupportedException: Request method 'GET' is not supported]
2026-05-13 17:15:05.479 WARN  [http-nio-8080-exec-10] o.s.w.s.m.m.a.ExceptionHandlerExceptionResolver - Resolved [org.springframework.web.HttpRequestMethodNotSupportedException: Request method 'GET' is not supported]
2026-05-13 17:15:05.509 WARN  [http-nio-8080-exec-5] o.s.w.s.m.m.a.ExceptionHandlerExceptionResolver - Resolved [org.springframework.web.HttpRequestMethodNotSupportedException: Request method 'GET' is not supported]
2026-05-13 17:15:05.577 WARN  [http-nio-8080-exec-4] o.s.w.s.m.m.a.ExceptionHandlerExceptionResolver - Resolved [org.springframework.web.HttpRequestMethodNotSupportedException: Request method 'GET' is not supported]
2026-05-13 17:15:05.606 WARN  [http-nio-8080-exec-9] o.s.w.s.m.m.a.ExceptionHandlerExceptionResolver - Resolved [org.springframework.web.HttpRequestMethodNotSupportedException: Request method 'GET' is not supported]
2026-05-13 17:15:05.627 WARN  [http-nio-8080-exec-1] o.s.w.s.m.m.a.ExceptionHandlerExceptionResolver - Resolved [org.springframework.web.HttpRequestMethodNotSupportedException: Request method 'GET' is not supported]
2026-05-13 17:15:05.675 WARN  [http-nio-8080-exec-10] o.s.w.s.m.m.a.ExceptionHandlerExceptionResolver - Resolved [org.springframework.web.HttpRequestMethodNotSupportedException: Request method 'GET' is not supported]
2026-05-13 17:15:05.721 WARN  [http-nio-8080-exec-7] o.s.w.s.m.m.a.ExceptionHandlerExceptionResolver - Resolved [org.springframework.web.HttpRequestMethodNotSupportedException: Request method 'GET' is not supported]
2026-05-13 17:15:05.766 WARN  [http-nio-8080-exec-3] o.s.w.s.m.m.a.ExceptionHandlerExceptionResolver - Resolved [org.springframework.web.HttpRequestMethodNotSupportedException: Request method 'GET' is not supported]
2026-05-13 17:15:05.814 WARN  [http-nio-8080-exec-9] o.s.w.s.m.m.a.ExceptionHandlerExceptionResolver - Resolved [org.springframework.web.HttpRequestMethodNotSupportedException: Request method 'GET' is not supported]
2026-05-13 17:15:05.874 WARN  [http-nio-8080-exec-6] o.s.w.s.m.m.a.ExceptionHandlerExceptionResolver - Resolved [org.springframework.web.HttpRequestMethodNotSupportedException: Request method 'GET' is not supported]
2026-05-13 17:15:05.949 WARN  [http-nio-8080-exec-8] o.s.w.s.m.m.a.ExceptionHandlerExceptionResolver - Resolved [org.springframework.web.HttpRequestMethodNotSupportedException: Request method 'GET' is not supported]
2026-05-13 17:15:05.992 WARN  [http-nio-8080-exec-5] o.s.w.s.m.m.a.ExceptionHandlerExceptionResolver - Resolved [org.springframework.web.HttpRequestMethodNotSupportedException: Request method 'GET' is not supported]
2026-05-13 17:15:06.037 WARN  [http-nio-8080-exec-4] o.s.w.s.m.m.a.ExceptionHandlerExceptionResolver - Resolved [org.springframework.web.HttpRequestMethodNotSupportedException: Request method 'GET' is not supported]
2026-05-13 17:15:06.090 WARN  [http-nio-8080-exec-2] o.s.w.s.m.m.a.ExceptionHandlerExceptionResolver - Resolved [org.springframework.web.HttpRequestMethodNotSupportedException: Request method 'GET' is not supported]
2026-05-13 17:15:06.168 WARN  [http-nio-8080-exec-1] o.s.w.s.m.m.a.ExceptionHandlerExceptionResolver - Resolved [org.springframework.web.HttpRequestMethodNotSupportedException: Request method 'GET' is not supported]
2026-05-13 17:15:06.199 WARN  [http-nio-8080-exec-8] o.s.w.s.m.m.a.ExceptionHandlerExceptionResolver - Resolved [org.springframework.web.HttpRequestMethodNotSupportedException: Request method 'GET' is not supported]
2026-05-13 17:15:06.243 WARN  [http-nio-8080-exec-5] o.s.w.s.m.m.a.ExceptionHandlerExceptionResolver - Resolved [org.springframework.web.HttpRequestMethodNotSupportedException: Request method 'GET' is not supported]
2026-05-13 17:15:06.287 WARN  [http-nio-8080-exec-3] o.s.w.s.m.m.a.ExceptionHandlerExceptionResolver - Resolved [org.springframework.web.HttpRequestMethodNotSupportedException: Request method 'GET' is not supported]
2026-05-13 17:15:06.324 WARN  [http-nio-8080-exec-9] o.s.w.s.m.m.a.ExceptionHandlerExceptionResolver - Resolved [org.springframework.web.HttpRequestMethodNotSupportedException: Request method 'GET' is not supported]
2026-05-13 17:15:06.359 WARN  [http-nio-8080-exec-1] o.s.w.s.m.m.a.ExceptionHandlerExceptionResolver - Resolved [org.springframework.web.HttpRequestMethodNotSupportedException: Request method 'GET' is not supported]
2026-05-13 17:15:06.404 WARN  [http-nio-8080-exec-10] o.s.w.s.m.m.a.ExceptionHandlerExceptionResolver - Resolved [org.springframework.web.HttpRequestMethodNotSupportedException: Request method 'GET' is not supported]
2026-05-13 17:15:06.474 WARN  [http-nio-8080-exec-7] o.s.w.s.m.m.a.ExceptionHandlerExceptionResolver - Resolved [org.springframework.web.HttpRequestMethodNotSupportedException: Request method 'GET' is not supported]
2026-05-13 17:15:06.503 WARN  [http-nio-8080-exec-3] o.s.w.s.m.m.a.ExceptionHandlerExceptionResolver - Resolved [org.springframework.web.HttpRequestMethodNotSupportedException: Request method 'GET' is not supported]
2026-05-13 17:15:06.535 WARN  [http-nio-8080-exec-2] o.s.w.s.m.m.a.ExceptionHandlerExceptionResolver - Resolved [org.springframework.web.HttpRequestMethodNotSupportedException: Request method 'GET' is not supported]
2026-05-13 17:15:06.564 WARN  [http-nio-8080-exec-6] o.s.w.s.m.m.a.ExceptionHandlerExceptionResolver - Resolved [org.springframework.web.HttpRequestMethodNotSupportedException: Request method 'GET' is not supported]
2026-05-13 17:15:06.587 WARN  [http-nio-8080-exec-10] o.s.w.s.m.m.a.ExceptionHandlerExceptionResolver - Resolved [org.springframework.web.HttpRequestMethodNotSupportedException: Request method 'GET' is not supported]
2026-05-13 17:15:06.606 WARN  [http-nio-8080-exec-5] o.s.w.s.m.m.a.ExceptionHandlerExceptionResolver - Resolved [org.springframework.web.HttpRequestMethodNotSupportedException: Request method 'GET' is not supported]
2026-05-13 17:15:06.628 WARN  [http-nio-8080-exec-4] o.s.w.s.m.m.a.ExceptionHandlerExceptionResolver - Resolved [org.springframework.web.HttpRequestMethodNotSupportedException: Request method 'GET' is not supported]
2026-05-13 17:15:06.659 WARN  [http-nio-8080-exec-2] o.s.w.s.m.m.a.ExceptionHandlerExceptionResolver - Resolved [org.springframework.web.HttpRequestMethodNotSupportedException: Request method 'GET' is not supported]
2026-05-13 17:15:06.707 WARN  [http-nio-8080-exec-1] o.s.w.s.m.m.a.ExceptionHandlerExceptionResolver - Resolved [org.springframework.web.HttpRequestMethodNotSupportedException: Request method 'GET' is not supported]
2026-05-13 17:15:06.779 WARN  [http-nio-8080-exec-8] o.s.w.s.m.m.a.ExceptionHandlerExceptionResolver - Resolved [org.springframework.web.HttpRequestMethodNotSupportedException: Request method 'GET' is not supported]
2026-05-13 17:15:06.830 WARN  [http-nio-8080-exec-7] o.s.w.s.m.m.a.ExceptionHandlerExceptionResolver - Resolved [org.springframework.web.HttpRequestMethodNotSupportedException: Request method 'GET' is not supported]
2026-05-13 17:15:06.873 WARN  [http-nio-8080-exec-3] o.s.w.s.m.m.a.ExceptionHandlerExceptionResolver - Resolved [org.springframework.web.HttpRequestMethodNotSupportedException: Request method 'GET' is not supported]
2026-05-13 17:15:06.912 WARN  [http-nio-8080-exec-9] o.s.w.s.m.m.a.ExceptionHandlerExceptionResolver - Resolved [org.springframework.web.HttpRequestMethodNotSupportedException: Request method 'GET' is not supported]
2026-05-13 17:15:06.947 WARN  [http-nio-8080-exec-6] o.s.w.s.m.m.a.ExceptionHandlerExceptionResolver - Resolved [org.springframework.web.HttpRequestMethodNotSupportedException: Request method 'GET' is not supported]
2026-05-13 17:15:06.978 WARN  [http-nio-8080-exec-8] o.s.w.s.m.m.a.ExceptionHandlerExceptionResolver - Resolved [org.springframework.web.HttpRequestMethodNotSupportedException: Request method 'GET' is not supported]
2026-05-13 17:15:07.023 WARN  [http-nio-8080-exec-5] o.s.w.s.m.m.a.ExceptionHandlerExceptionResolver - Resolved [org.springframework.web.HttpRequestMethodNotSupportedException: Request method 'GET' is not supported]
2026-05-13 17:15:07.069 WARN  [http-nio-8080-exec-4] o.s.w.s.m.m.a.ExceptionHandlerExceptionResolver - Resolved [org.springframework.web.HttpRequestMethodNotSupportedException: Request method 'GET' is not supported]
2026-05-13 17:15:07.147 WARN  [http-nio-8080-exec-9] o.s.w.s.m.m.a.ExceptionHandlerExceptionResolver - Resolved [org.springframework.web.HttpRequestMethodNotSupportedException: Request method 'GET' is not supported]
2026-05-13 17:15:07.187 WARN  [http-nio-8080-exec-1] o.s.w.s.m.m.a.ExceptionHandlerExceptionResolver - Resolved [org.springframework.web.HttpRequestMethodNotSupportedException: Request method 'GET' is not supported]
2026-05-13 17:15:07.225 WARN  [http-nio-8080-exec-10] o.s.w.s.m.m.a.ExceptionHandlerExceptionResolver - Resolved [org.springframework.web.HttpRequestMethodNotSupportedException: Request method 'GET' is not supported]
2026-05-13 17:15:07.264 WARN  [http-nio-8080-exec-7] o.s.w.s.m.m.a.ExceptionHandlerExceptionResolver - Resolved [org.springframework.web.HttpRequestMethodNotSupportedException: Request method 'GET' is not supported]
2026-05-13 17:15:07.302 WARN  [http-nio-8080-exec-3] o.s.w.s.m.m.a.ExceptionHandlerExceptionResolver - Resolved [org.springframework.web.HttpRequestMethodNotSupportedException: Request method 'GET' is not supported]
2026-05-13 17:15:07.388 WARN  [http-nio-8080-exec-2] o.s.w.s.m.m.a.ExceptionHandlerExceptionResolver - Resolved [org.springframework.web.HttpRequestMethodNotSupportedException: Request method 'GET' is not supported]
2026-05-13 17:15:07.418 WARN  [http-nio-8080-exec-6] o.s.w.s.m.m.a.ExceptionHandlerExceptionResolver - Resolved [org.springframework.web.HttpRequestMethodNotSupportedException: Request method 'GET' is not supported]
2026-05-13 17:15:07.441 WARN  [http-nio-8080-exec-8] o.s.w.s.m.m.a.ExceptionHandlerExceptionResolver - Resolved [org.springframework.web.HttpRequestMethodNotSupportedException: Request method 'GET' is not supported]
2026-05-13 17:15:07.462 WARN  [http-nio-8080-exec-7] o.s.w.s.m.m.a.ExceptionHandlerExceptionResolver - Resolved [org.springframework.web.HttpRequestMethodNotSupportedException: Request method 'GET' is not supported]
2026-05-13 17:15:07.491 WARN  [http-nio-8080-exec-4] o.s.w.s.m.m.a.ExceptionHandlerExceptionResolver - Resolved [org.springframework.web.HttpRequestMethodNotSupportedException: Request method 'GET' is not supported]
2026-05-13 17:15:07.516 WARN  [http-nio-8080-exec-2] o.s.w.s.m.m.a.ExceptionHandlerExceptionResolver - Resolved [org.springframework.web.HttpRequestMethodNotSupportedException: Request method 'GET' is not supported]
2026-05-13 17:15:07.548 WARN  [http-nio-8080-exec-1] o.s.w.s.m.m.a.ExceptionHandlerExceptionResolver - Resolved [org.springframework.web.HttpRequestMethodNotSupportedException: Request method 'GET' is not supported]
2026-05-13 17:15:07.577 WARN  [http-nio-8080-exec-10] o.s.w.s.m.m.a.ExceptionHandlerExceptionResolver - Resolved [org.springframework.web.HttpRequestMethodNotSupportedException: Request method 'GET' is not supported]
2026-05-13 17:15:07.601 WARN  [http-nio-8080-exec-7] o.s.w.s.m.m.a.ExceptionHandlerExceptionResolver - Resolved [org.springframework.web.HttpRequestMethodNotSupportedException: Request method 'GET' is not supported]
2026-05-13 17:15:07.628 WARN  [http-nio-8080-exec-4] o.s.w.s.m.m.a.ExceptionHandlerExceptionResolver - Resolved [org.springframework.web.HttpRequestMethodNotSupportedException: Request method 'GET' is not supported]
2026-05-13 17:15:07.693 WARN  [http-nio-8080-exec-9] o.s.w.s.m.m.a.ExceptionHandlerExceptionResolver - Resolved [org.springframework.web.HttpRequestMethodNotSupportedException: Request method 'GET' is not supported]
2026-05-13 17:15:07.732 WARN  [http-nio-8080-exec-6] o.s.w.s.m.m.a.ExceptionHandlerExceptionResolver - Resolved [org.springframework.web.HttpRequestMethodNotSupportedException: Request method 'GET' is not supported]
2026-05-13 17:15:07.775 WARN  [http-nio-8080-exec-10] o.s.w.s.m.m.a.ExceptionHandlerExceptionResolver - Resolved [org.springframework.web.HttpRequestMethodNotSupportedException: Request method 'GET' is not supported]
2026-05-13 17:15:07.808 WARN  [http-nio-8080-exec-5] o.s.w.s.m.m.a.ExceptionHandlerExceptionResolver - Resolved [org.springframework.web.HttpRequestMethodNotSupportedException: Request method 'GET' is not supported]
2026-05-13 17:15:07.844 WARN  [http-nio-8080-exec-3] o.s.w.s.m.m.a.ExceptionHandlerExceptionResolver - Resolved [org.springframework.web.HttpRequestMethodNotSupportedException: Request method 'GET' is not supported]
2026-05-13 17:15:07.889 WARN  [http-nio-8080-exec-2] o.s.w.s.m.m.a.ExceptionHandlerExceptionResolver - Resolved [org.springframework.web.HttpRequestMethodNotSupportedException: Request method 'GET' is not supported]
2026-05-13 17:15:07.940 WARN  [http-nio-8080-exec-6] o.s.w.s.m.m.a.ExceptionHandlerExceptionResolver - Resolved [org.springframework.web.HttpRequestMethodNotSupportedException: Request method 'GET' is not supported]
2026-05-13 17:15:08.022 WARN  [http-nio-8080-exec-10] o.s.w.s.m.m.a.ExceptionHandlerExceptionResolver - Resolved [org.springframework.web.HttpRequestMethodNotSupportedException: Request method 'GET' is not supported]
2026-05-13 17:15:08.068 WARN  [http-nio-8080-exec-7] o.s.w.s.m.m.a.ExceptionHandlerExceptionResolver - Resolved [org.springframework.web.HttpRequestMethodNotSupportedException: Request method 'GET' is not supported]
2026-05-13 17:15:08.165 WARN  [http-nio-8080-exec-4] o.s.w.s.m.m.a.ExceptionHandlerExceptionResolver - Resolved [org.springframework.web.HttpRequestMethodNotSupportedException: Request method 'GET' is not supported]
2026-05-13 17:15:08.214 WARN  [http-nio-8080-exec-2] o.s.w.s.m.m.a.ExceptionHandlerExceptionResolver - Resolved [org.springframework.web.HttpRequestMethodNotSupportedException: Request method 'GET' is not supported]
2026-05-13 17:15:08.257 WARN  [http-nio-8080-exec-1] o.s.w.s.m.m.a.ExceptionHandlerExceptionResolver - Resolved [org.springframework.web.HttpRequestMethodNotSupportedException: Request method 'GET' is not supported]
2026-05-13 17:15:08.341 WARN  [http-nio-8080-exec-8] o.s.w.s.m.m.a.ExceptionHandlerExceptionResolver - Resolved [org.springframework.web.HttpRequestMethodNotSupportedException: Request method 'GET' is not supported]
2026-05-13 17:15:08.412 WARN  [http-nio-8080-exec-5] o.s.w.s.m.m.a.ExceptionHandlerExceptionResolver - Resolved [org.springframework.web.HttpRequestMethodNotSupportedException: Request method 'GET' is not supported]
2026-05-13 17:15:08.514 WARN  [http-nio-8080-exec-3] o.s.w.s.m.m.a.ExceptionHandlerExceptionResolver - Resolved [org.springframework.web.HttpRequestMethodNotSupportedException: Request method 'GET' is not supported]
2026-05-13 17:15:08.587 WARN  [http-nio-8080-exec-2] o.s.w.s.m.m.a.ExceptionHandlerExceptionResolver - Resolved [org.springframework.web.HttpRequestMethodNotSupportedException: Request method 'GET' is not supported]
2026-05-13 17:15:08.654 WARN  [http-nio-8080-exec-6] o.s.w.s.m.m.a.ExceptionHandlerExceptionResolver - Resolved [org.springframework.web.HttpRequestMethodNotSupportedException: Request method 'GET' is not supported]
2026-05-13 17:15:08.709 WARN  [http-nio-8080-exec-10] o.s.w.s.m.m.a.ExceptionHandlerExceptionResolver - Resolved [org.springframework.web.HttpRequestMethodNotSupportedException: Request method 'GET' is not supported]
2026-05-13 17:15:08.768 WARN  [http-nio-8080-exec-7] o.s.w.s.m.m.a.ExceptionHandlerExceptionResolver - Resolved [org.springframework.web.HttpRequestMethodNotSupportedException: Request method 'GET' is not supported]
2026-05-13 17:15:08.831 WARN  [http-nio-8080-exec-4] o.s.w.s.m.m.a.ExceptionHandlerExceptionResolver - Resolved [org.springframework.web.HttpRequestMethodNotSupportedException: Request method 'GET' is not supported]
2026-05-13 17:15:08.925 WARN  [http-nio-8080-exec-9] o.s.w.s.m.m.a.ExceptionHandlerExceptionResolver - Resolved [org.springframework.web.HttpRequestMethodNotSupportedException: Request method 'GET' is not supported]
2026-05-13 17:15:09.002 WARN  [http-nio-8080-exec-6] o.s.w.s.m.m.a.ExceptionHandlerExceptionResolver - Resolved [org.springframework.web.HttpRequestMethodNotSupportedException: Request method 'GET' is not supported]
2026-05-13 17:15:09.083 WARN  [http-nio-8080-exec-8] o.s.w.s.m.m.a.ExceptionHandlerExceptionResolver - Resolved [org.springframework.web.HttpRequestMethodNotSupportedException: Request method 'GET' is not supported]
2026-05-13 17:15:09.172 WARN  [http-nio-8080-exec-5] o.s.w.s.m.m.a.ExceptionHandlerExceptionResolver - Resolved [org.springframework.web.HttpRequestMethodNotSupportedException: Request method 'GET' is not supported]
2026-05-13 17:15:09.244 WARN  [http-nio-8080-exec-4] o.s.w.s.m.m.a.ExceptionHandlerExceptionResolver - Resolved [org.springframework.web.HttpRequestMethodNotSupportedException: Request method 'GET' is not supported]
2026-05-13 17:15:09.328 WARN  [http-nio-8080-exec-2] o.s.w.s.m.m.a.ExceptionHandlerExceptionResolver - Resolved [org.springframework.web.HttpRequestMethodNotSupportedException: Request method 'GET' is not supported]
2026-05-13 17:15:09.447 WARN  [http-nio-8080-exec-6] o.s.w.s.m.m.a.ExceptionHandlerExceptionResolver - Resolved [org.springframework.web.HttpRequestMethodNotSupportedException: Request method 'GET' is not supported]
2026-05-13 17:15:09.515 WARN  [http-nio-8080-exec-10] o.s.w.s.m.m.a.ExceptionHandlerExceptionResolver - Resolved [org.springframework.web.HttpRequestMethodNotSupportedException: Request method 'GET' is not supported]
2026-05-13 17:15:09.594 WARN  [http-nio-8080-exec-5] o.s.w.s.m.m.a.ExceptionHandlerExceptionResolver - Resolved [org.springframework.web.HttpRequestMethodNotSupportedException: Request method 'GET' is not supported]
2026-05-13 17:15:09.682 WARN  [http-nio-8080-exec-3] o.s.w.s.m.m.a.ExceptionHandlerExceptionResolver - Resolved [org.springframework.web.HttpRequestMethodNotSupportedException: Request method 'GET' is not supported]
2026-05-13 17:15:09.747 WARN  [http-nio-8080-exec-9] o.s.w.s.m.m.a.ExceptionHandlerExceptionResolver - Resolved [org.springframework.web.HttpRequestMethodNotSupportedException: Request method 'GET' is not supported]
2026-05-13 17:15:09.777 WARN  [http-nio-8080-exec-6] o.s.w.s.m.m.a.ExceptionHandlerExceptionResolver - Resolved [org.springframework.web.HttpRequestMethodNotSupportedException: Request method 'GET' is not supported]
2026-05-13 17:15:09.812 WARN  [http-nio-8080-exec-10] o.s.w.s.m.m.a.ExceptionHandlerExceptionResolver - Resolved [org.springframework.web.HttpRequestMethodNotSupportedException: Request method 'GET' is not supported]
2026-05-13 17:15:09.867 WARN  [http-nio-8080-exec-7] o.s.w.s.m.m.a.ExceptionHandlerExceptionResolver - Resolved [org.springframework.web.HttpRequestMethodNotSupportedException: Request method 'GET' is not supported]
2026-05-13 17:15:09.920 WARN  [http-nio-8080-exec-4] o.s.w.s.m.m.a.ExceptionHandlerExceptionResolver - Resolved [org.springframework.web.HttpRequestMethodNotSupportedException: Request method 'GET' is not supported]
2026-05-13 17:15:10.015 WARN  [http-nio-8080-exec-2] o.s.w.s.m.m.a.ExceptionHandlerExceptionResolver - Resolved [org.springframework.web.HttpRequestMethodNotSupportedException: Request method 'GET' is not supported]
2026-05-13 17:15:10.072 WARN  [http-nio-8080-exec-6] o.s.w.s.m.m.a.ExceptionHandlerExceptionResolver - Resolved [org.springframework.web.HttpRequestMethodNotSupportedException: Request method 'GET' is not supported]
2026-05-13 17:15:10.122 WARN  [http-nio-8080-exec-8] o.s.w.s.m.m.a.ExceptionHandlerExceptionResolver - Resolved [org.springframework.web.HttpRequestMethodNotSupportedException: Request method 'GET' is not supported]
2026-05-13 17:15:10.175 WARN  [http-nio-8080-exec-7] o.s.w.s.m.m.a.ExceptionHandlerExceptionResolver - Resolved [org.springframework.web.HttpRequestMethodNotSupportedException: Request method 'GET' is not supported]
2026-05-13 17:15:10.230 WARN  [http-nio-8080-exec-4] o.s.w.s.m.m.a.ExceptionHandlerExceptionResolver - Resolved [org.springframework.web.HttpRequestMethodNotSupportedException: Request method 'GET' is not supported]
2026-05-13 17:15:10.260 WARN  [http-nio-8080-exec-2] o.s.w.s.m.m.a.ExceptionHandlerExceptionResolver - Resolved [org.springframework.web.HttpRequestMethodNotSupportedException: Request method 'GET' is not supported]
2026-05-13 17:15:10.305 WARN  [http-nio-8080-exec-6] o.s.w.s.m.m.a.ExceptionHandlerExceptionResolver - Resolved [org.springframework.web.HttpRequestMethodNotSupportedException: Request method 'GET' is not supported]
2026-05-13 17:15:10.336 WARN  [http-nio-8080-exec-8] o.s.w.s.m.m.a.ExceptionHandlerExceptionResolver - Resolved [org.springframework.web.HttpRequestMethodNotSupportedException: Request method 'GET' is not supported]
2026-05-13 17:15:10.377 WARN  [http-nio-8080-exec-5] o.s.w.s.m.m.a.ExceptionHandlerExceptionResolver - Resolved [org.springframework.web.HttpRequestMethodNotSupportedException: Request method 'GET' is not supported]
2026-05-13 17:15:10.443 WARN  [http-nio-8080-exec-4] o.s.w.s.m.m.a.ExceptionHandlerExceptionResolver - Resolved [org.springframework.web.HttpRequestMethodNotSupportedException: Request method 'GET' is not supported]
2026-05-13 17:15:10.492 WARN  [http-nio-8080-exec-9] o.s.w.s.m.m.a.ExceptionHandlerExceptionResolver - Resolved [org.springframework.web.HttpRequestMethodNotSupportedException: Request method 'GET' is not supported]
2026-05-13 17:15:10.631 WARN  [http-nio-8080-exec-1] o.s.w.s.m.m.a.ExceptionHandlerExceptionResolver - Resolved [org.springframework.web.HttpRequestMethodNotSupportedException: Request method 'GET' is not supported]
2026-05-13 17:15:10.659 WARN  [http-nio-8080-exec-10] o.s.w.s.m.m.a.ExceptionHandlerExceptionResolver - Resolved [org.springframework.web.HttpRequestMethodNotSupportedException: Request method 'GET' is not supported]
2026-05-13 17:15:10.692 WARN  [http-nio-8080-exec-7] o.s.w.s.m.m.a.ExceptionHandlerExceptionResolver - Resolved [org.springframework.web.HttpRequestMethodNotSupportedException: Request method 'GET' is not supported]
2026-05-13 17:15:10.731 WARN  [http-nio-8080-exec-4] o.s.w.s.m.m.a.ExceptionHandlerExceptionResolver - Resolved [org.springframework.web.HttpRequestMethodNotSupportedException: Request method 'GET' is not supported]
2026-05-13 17:15:10.778 WARN  [http-nio-8080-exec-2] o.s.w.s.m.m.a.ExceptionHandlerExceptionResolver - Resolved [org.springframework.web.HttpRequestMethodNotSupportedException: Request method 'GET' is not supported]
2026-05-13 17:15:10.819 WARN  [http-nio-8080-exec-6] o.s.w.s.m.m.a.ExceptionHandlerExceptionResolver - Resolved [org.springframework.web.HttpRequestMethodNotSupportedException: Request method 'GET' is not supported]
2026-05-13 17:15:10.858 WARN  [http-nio-8080-exec-8] o.s.w.s.m.m.a.ExceptionHandlerExceptionResolver - Resolved [org.springframework.web.HttpRequestMethodNotSupportedException: Request method 'GET' is not supported]
2026-05-13 17:15:10.894 WARN  [http-nio-8080-exec-5] o.s.w.s.m.m.a.ExceptionHandlerExceptionResolver - Resolved [org.springframework.web.HttpRequestMethodNotSupportedException: Request method 'GET' is not supported]
2026-05-13 17:15:10.931 WARN  [http-nio-8080-exec-3] o.s.w.s.m.m.a.ExceptionHandlerExceptionResolver - Resolved [org.springframework.web.HttpRequestMethodNotSupportedException: Request method 'GET' is not supported]
2026-05-13 17:15:10.975 WARN  [http-nio-8080-exec-9] o.s.w.s.m.m.a.ExceptionHandlerExceptionResolver - Resolved [org.springframework.web.HttpRequestMethodNotSupportedException: Request method 'GET' is not supported]
2026-05-13 17:15:11.089 WARN  [http-nio-8080-exec-6] o.s.w.s.m.m.a.ExceptionHandlerExceptionResolver - Resolved [org.springframework.web.HttpRequestMethodNotSupportedException: Request method 'GET' is not supported]
2026-05-13 17:15:11.130 WARN  [http-nio-8080-exec-10] o.s.w.s.m.m.a.ExceptionHandlerExceptionResolver - Resolved [org.springframework.web.HttpRequestMethodNotSupportedException: Request method 'GET' is not supported]
2026-05-13 17:15:11.179 WARN  [http-nio-8080-exec-5] o.s.w.s.m.m.a.ExceptionHandlerExceptionResolver - Resolved [org.springframework.web.HttpRequestMethodNotSupportedException: Request method 'GET' is not supported]
2026-05-13 17:15:11.217 WARN  [http-nio-8080-exec-4] o.s.w.s.m.m.a.ExceptionHandlerExceptionResolver - Resolved [org.springframework.web.HttpRequestMethodNotSupportedException: Request method 'GET' is not supported]
2026-05-13 17:15:11.245 WARN  [http-nio-8080-exec-9] o.s.w.s.m.m.a.ExceptionHandlerExceptionResolver - Resolved [org.springframework.web.HttpRequestMethodNotSupportedException: Request method 'GET' is not supported]
2026-05-13 17:15:11.312 WARN  [http-nio-8080-exec-1] o.s.w.s.m.m.a.ExceptionHandlerExceptionResolver - Resolved [org.springframework.web.HttpRequestMethodNotSupportedException: Request method 'GET' is not supported]
2026-05-13 17:26:35.302 WARN  [http-nio-8080-exec-1] o.s.w.s.m.m.a.ExceptionHandlerExceptionResolver - Resolved [org.springframework.web.HttpRequestMethodNotSupportedException: Request method 'GET' is not supported]
2026-05-13 17:26:35.330 WARN  [http-nio-8080-exec-5] o.s.w.s.m.m.a.ExceptionHandlerExceptionResolver - Resolved [org.springframework.web.HttpRequestMethodNotSupportedException: Request method 'GET' is not supported]
2026-05-13 17:26:35.394 WARN  [http-nio-8080-exec-3] o.s.w.s.m.m.a.ExceptionHandlerExceptionResolver - Resolved [org.springframework.web.HttpRequestMethodNotSupportedException: Request method 'GET' is not supported]
2026-05-13 17:26:35.412 WARN  [http-nio-8080-exec-2] o.s.w.s.m.m.a.ExceptionHandlerExceptionResolver - Resolved [org.springframework.web.HttpRequestMethodNotSupportedException: Request method 'GET' is not supported]
2026-05-13 17:26:35.491 WARN  [http-nio-8080-exec-6] o.s.w.s.m.m.a.ExceptionHandlerExceptionResolver - Resolved [org.springframework.web.HttpRequestMethodNotSupportedException: Request method 'GET' is not supported]
2026-05-13 17:26:35.516 WARN  [http-nio-8080-exec-1] o.s.w.s.m.m.a.ExceptionHandlerExceptionResolver - Resolved [org.springframework.web.HttpRequestMethodNotSupportedException: Request method 'GET' is not supported]
2026-05-13 17:26:35.592 WARN  [http-nio-8080-exec-10] o.s.w.s.m.m.a.ExceptionHandlerExceptionResolver - Resolved [org.springframework.web.HttpRequestMethodNotSupportedException: Request method 'GET' is not supported]
2026-05-13 17:26:35.611 WARN  [http-nio-8080-exec-3] o.s.w.s.m.m.a.ExceptionHandlerExceptionResolver - Resolved [org.springframework.web.HttpRequestMethodNotSupportedException: Request method 'GET' is not supported]
2026-05-13 17:26:35.669 WARN  [http-nio-8080-exec-4] o.s.w.s.m.m.a.ExceptionHandlerExceptionResolver - Resolved [org.springframework.web.HttpRequestMethodNotSupportedException: Request method 'GET' is not supported]
2026-05-13 17:26:35.691 WARN  [http-nio-8080-exec-9] o.s.w.s.m.m.a.ExceptionHandlerExceptionResolver - Resolved [org.springframework.web.HttpRequestMethodNotSupportedException: Request method 'GET' is not supported]
2026-05-13 17:26:35.741 WARN  [http-nio-8080-exec-8] o.s.w.s.m.m.a.ExceptionHandlerExceptionResolver - Resolved [org.springframework.web.HttpRequestMethodNotSupportedException: Request method 'GET' is not supported]
2026-05-13 17:26:35.753 WARN  [http-nio-8080-exec-10] o.s.w.s.m.m.a.ExceptionHandlerExceptionResolver - Resolved [org.springframework.web.HttpRequestMethodNotSupportedException: Request method 'GET' is not supported]
2026-05-13 17:26:35.795 WARN  [http-nio-8080-exec-7] o.s.w.s.m.m.a.ExceptionHandlerExceptionResolver - Resolved [org.springframework.web.HttpRequestMethodNotSupportedException: Request method 'GET' is not supported]
2026-05-13 17:26:35.845 WARN  [http-nio-8080-exec-2] o.s.w.s.m.m.a.ExceptionHandlerExceptionResolver - Resolved [org.springframework.web.HttpRequestMethodNotSupportedException: Request method 'GET' is not supported]
2026-05-13 17:26:35.861 WARN  [http-nio-8080-exec-9] o.s.w.s.m.m.a.ExceptionHandlerExceptionResolver - Resolved [org.springframework.web.HttpRequestMethodNotSupportedException: Request method 'GET' is not supported]
2026-05-13 17:26:35.895 WARN  [http-nio-8080-exec-1] o.s.w.s.m.m.a.ExceptionHandlerExceptionResolver - Resolved [org.springframework.web.HttpRequestMethodNotSupportedException: Request method 'GET' is not supported]
2026-05-13 17:26:35.981 WARN  [http-nio-8080-exec-5] o.s.w.s.m.m.a.ExceptionHandlerExceptionResolver - Resolved [org.springframework.web.HttpRequestMethodNotSupportedException: Request method 'GET' is not supported]
2026-05-13 17:26:36.014 WARN  [http-nio-8080-exec-7] o.s.w.s.m.m.a.ExceptionHandlerExceptionResolver - Resolved [org.springframework.web.HttpRequestMethodNotSupportedException: Request method 'GET' is not supported]
2026-05-13 17:26:36.071 WARN  [http-nio-8080-exec-4] o.s.w.s.m.m.a.ExceptionHandlerExceptionResolver - Resolved [org.springframework.web.HttpRequestMethodNotSupportedException: Request method 'GET' is not supported]
2026-05-13 17:26:36.095 WARN  [http-nio-8080-exec-6] o.s.w.s.m.m.a.ExceptionHandlerExceptionResolver - Resolved [org.springframework.web.HttpRequestMethodNotSupportedException: Request method 'GET' is not supported]
2026-05-13 17:26:36.143 WARN  [http-nio-8080-exec-8] o.s.w.s.m.m.a.ExceptionHandlerExceptionResolver - Resolved [org.springframework.web.HttpRequestMethodNotSupportedException: Request method 'GET' is not supported]
2026-05-13 17:26:36.160 WARN  [http-nio-8080-exec-10] o.s.w.s.m.m.a.ExceptionHandlerExceptionResolver - Resolved [org.springframework.web.HttpRequestMethodNotSupportedException: Request method 'GET' is not supported]
2026-05-13 17:26:36.174 WARN  [http-nio-8080-exec-7] o.s.w.s.m.m.a.ExceptionHandlerExceptionResolver - Resolved [org.springframework.web.HttpRequestMethodNotSupportedException: Request method 'GET' is not supported]
2026-05-13 17:26:36.188 WARN  [http-nio-8080-exec-2] o.s.w.s.m.m.a.ExceptionHandlerExceptionResolver - Resolved [org.springframework.web.HttpRequestMethodNotSupportedException: Request method 'GET' is not supported]
2026-05-13 17:26:36.211 WARN  [http-nio-8080-exec-6] o.s.w.s.m.m.a.ExceptionHandlerExceptionResolver - Resolved [org.springframework.web.HttpRequestMethodNotSupportedException: Request method 'GET' is not supported]
2026-05-13 17:26:36.228 WARN  [http-nio-8080-exec-8] o.s.w.s.m.m.a.ExceptionHandlerExceptionResolver - Resolved [org.springframework.web.HttpRequestMethodNotSupportedException: Request method 'GET' is not supported]
2026-05-13 17:26:36.246 WARN  [http-nio-8080-exec-10] o.s.w.s.m.m.a.ExceptionHandlerExceptionResolver - Resolved [org.springframework.web.HttpRequestMethodNotSupportedException: Request method 'GET' is not supported]
2026-05-13 17:26:36.260 WARN  [http-nio-8080-exec-7] o.s.w.s.m.m.a.ExceptionHandlerExceptionResolver - Resolved [org.springframework.web.HttpRequestMethodNotSupportedException: Request method 'GET' is not supported]
2026-05-13 17:26:36.277 WARN  [http-nio-8080-exec-2] o.s.w.s.m.m.a.ExceptionHandlerExceptionResolver - Resolved [org.springframework.web.HttpRequestMethodNotSupportedException: Request method 'GET' is not supported]
2026-05-13 17:26:36.323 WARN  [http-nio-8080-exec-9] o.s.w.s.m.m.a.ExceptionHandlerExceptionResolver - Resolved [org.springframework.web.HttpRequestMethodNotSupportedException: Request method 'GET' is not supported]
2026-05-13 17:26:36.350 WARN  [http-nio-8080-exec-1] o.s.w.s.m.m.a.ExceptionHandlerExceptionResolver - Resolved [org.springframework.web.HttpRequestMethodNotSupportedException: Request method 'GET' is not supported]
2026-05-13 17:26:36.392 WARN  [http-nio-8080-exec-5] o.s.w.s.m.m.a.ExceptionHandlerExceptionResolver - Resolved [org.springframework.web.HttpRequestMethodNotSupportedException: Request method 'GET' is not supported]
2026-05-13 17:26:36.415 WARN  [http-nio-8080-exec-7] o.s.w.s.m.m.a.ExceptionHandlerExceptionResolver - Resolved [org.springframework.web.HttpRequestMethodNotSupportedException: Request method 'GET' is not supported]
2026-05-13 17:26:36.441 WARN  [http-nio-8080-exec-4] o.s.w.s.m.m.a.ExceptionHandlerExceptionResolver - Resolved [org.springframework.web.HttpRequestMethodNotSupportedException: Request method 'GET' is not supported]
2026-05-13 17:26:36.454 WARN  [http-nio-8080-exec-9] o.s.w.s.m.m.a.ExceptionHandlerExceptionResolver - Resolved [org.springframework.web.HttpRequestMethodNotSupportedException: Request method 'GET' is not supported]
2026-05-13 17:26:36.519 WARN  [http-nio-8080-exec-1] o.s.w.s.m.m.a.ExceptionHandlerExceptionResolver - Resolved [org.springframework.web.HttpRequestMethodNotSupportedException: Request method 'GET' is not supported]
2026-05-13 17:26:36.544 WARN  [http-nio-8080-exec-5] o.s.w.s.m.m.a.ExceptionHandlerExceptionResolver - Resolved [org.springframework.web.HttpRequestMethodNotSupportedException: Request method 'GET' is not supported]
2026-05-13 17:26:36.597 WARN  [http-nio-8080-exec-3] o.s.w.s.m.m.a.ExceptionHandlerExceptionResolver - Resolved [org.springframework.web.HttpRequestMethodNotSupportedException: Request method 'GET' is not supported]
2026-05-13 17:26:36.617 WARN  [http-nio-8080-exec-4] o.s.w.s.m.m.a.ExceptionHandlerExceptionResolver - Resolved [org.springframework.web.HttpRequestMethodNotSupportedException: Request method 'GET' is not supported]
2026-05-13 17:26:36.661 WARN  [http-nio-8080-exec-6] o.s.w.s.m.m.a.ExceptionHandlerExceptionResolver - Resolved [org.springframework.web.HttpRequestMethodNotSupportedException: Request method 'GET' is not supported]
2026-05-13 17:26:36.679 WARN  [http-nio-8080-exec-1] o.s.w.s.m.m.a.ExceptionHandlerExceptionResolver - Resolved [org.springframework.web.HttpRequestMethodNotSupportedException: Request method 'GET' is not supported]
2026-05-13 17:26:36.738 WARN  [http-nio-8080-exec-10] o.s.w.s.m.m.a.ExceptionHandlerExceptionResolver - Resolved [org.springframework.web.HttpRequestMethodNotSupportedException: Request method 'GET' is not supported]
2026-05-13 17:26:36.756 WARN  [http-nio-8080-exec-3] o.s.w.s.m.m.a.ExceptionHandlerExceptionResolver - Resolved [org.springframework.web.HttpRequestMethodNotSupportedException: Request method 'GET' is not supported]
2026-05-13 17:26:36.789 WARN  [http-nio-8080-exec-2] o.s.w.s.m.m.a.ExceptionHandlerExceptionResolver - Resolved [org.springframework.web.HttpRequestMethodNotSupportedException: Request method 'GET' is not supported]
2026-05-13 17:26:36.825 WARN  [http-nio-8080-exec-9] o.s.w.s.m.m.a.ExceptionHandlerExceptionResolver - Resolved [org.springframework.web.HttpRequestMethodNotSupportedException: Request method 'GET' is not supported]
2026-05-13 17:26:36.843 WARN  [http-nio-8080-exec-1] o.s.w.s.m.m.a.ExceptionHandlerExceptionResolver - Resolved [org.springframework.web.HttpRequestMethodNotSupportedException: Request method 'GET' is not supported]
2026-05-13 17:26:36.892 WARN  [http-nio-8080-exec-5] o.s.w.s.m.m.a.ExceptionHandlerExceptionResolver - Resolved [org.springframework.web.HttpRequestMethodNotSupportedException: Request method 'GET' is not supported]
2026-05-13 17:26:36.908 WARN  [http-nio-8080-exec-3] o.s.w.s.m.m.a.ExceptionHandlerExceptionResolver - Resolved [org.springframework.web.HttpRequestMethodNotSupportedException: Request method 'GET' is not supported]
2026-05-13 17:26:36.945 WARN  [http-nio-8080-exec-4] o.s.w.s.m.m.a.ExceptionHandlerExceptionResolver - Resolved [org.springframework.web.HttpRequestMethodNotSupportedException: Request method 'GET' is not supported]
2026-05-13 17:26:36.962 WARN  [http-nio-8080-exec-6] o.s.w.s.m.m.a.ExceptionHandlerExceptionResolver - Resolved [org.springframework.web.HttpRequestMethodNotSupportedException: Request method 'GET' is not supported]
2026-05-13 17:26:36.980 WARN  [http-nio-8080-exec-1] o.s.w.s.m.m.a.ExceptionHandlerExceptionResolver - Resolved [org.springframework.web.HttpRequestMethodNotSupportedException: Request method 'GET' is not supported]
2026-05-13 17:26:36.996 WARN  [http-nio-8080-exec-5] o.s.w.s.m.m.a.ExceptionHandlerExceptionResolver - Resolved [org.springframework.web.HttpRequestMethodNotSupportedException: Request method 'GET' is not supported]
2026-05-13 17:26:37.012 WARN  [http-nio-8080-exec-3] o.s.w.s.m.m.a.ExceptionHandlerExceptionResolver - Resolved [org.springframework.web.HttpRequestMethodNotSupportedException: Request method 'GET' is not supported]
2026-05-13 17:26:37.031 WARN  [http-nio-8080-exec-2] o.s.w.s.m.m.a.ExceptionHandlerExceptionResolver - Resolved [org.springframework.web.HttpRequestMethodNotSupportedException: Request method 'GET' is not supported]
2026-05-13 17:26:37.038 WARN  [http-nio-8080-exec-6] o.s.w.s.m.m.a.ExceptionHandlerExceptionResolver - Resolved [org.springframework.web.HttpRequestMethodNotSupportedException: Request method 'GET' is not supported]
2026-05-13 17:26:37.074 WARN  [http-nio-8080-exec-1] o.s.w.s.m.m.a.ExceptionHandlerExceptionResolver - Resolved [org.springframework.web.HttpRequestMethodNotSupportedException: Request method 'GET' is not supported]
2026-05-13 17:26:37.095 WARN  [http-nio-8080-exec-5] o.s.w.s.m.m.a.ExceptionHandlerExceptionResolver - Resolved [org.springframework.web.HttpRequestMethodNotSupportedException: Request method 'GET' is not supported]
2026-05-13 17:26:37.110 WARN  [http-nio-8080-exec-3] o.s.w.s.m.m.a.ExceptionHandlerExceptionResolver - Resolved [org.springframework.web.HttpRequestMethodNotSupportedException: Request method 'GET' is not supported]
2026-05-13 17:26:37.129 WARN  [http-nio-8080-exec-4] o.s.w.s.m.m.a.ExceptionHandlerExceptionResolver - Resolved [org.springframework.web.HttpRequestMethodNotSupportedException: Request method 'GET' is not supported]
2026-05-13 17:26:37.155 WARN  [http-nio-8080-exec-6] o.s.w.s.m.m.a.ExceptionHandlerExceptionResolver - Resolved [org.springframework.web.HttpRequestMethodNotSupportedException: Request method 'GET' is not supported]
2026-05-13 17:26:37.169 WARN  [http-nio-8080-exec-1] o.s.w.s.m.m.a.ExceptionHandlerExceptionResolver - Resolved [org.springframework.web.HttpRequestMethodNotSupportedException: Request method 'GET' is not supported]
2026-05-13 17:26:37.194 WARN  [http-nio-8080-exec-5] o.s.w.s.m.m.a.ExceptionHandlerExceptionResolver - Resolved [org.springframework.web.HttpRequestMethodNotSupportedException: Request method 'GET' is not supported]
2026-05-13 17:26:37.216 WARN  [http-nio-8080-exec-7] o.s.w.s.m.m.a.ExceptionHandlerExceptionResolver - Resolved [org.springframework.web.HttpRequestMethodNotSupportedException: Request method 'GET' is not supported]
2026-05-13 17:26:37.236 WARN  [http-nio-8080-exec-2] o.s.w.s.m.m.a.ExceptionHandlerExceptionResolver - Resolved [org.springframework.web.HttpRequestMethodNotSupportedException: Request method 'GET' is not supported]
2026-05-13 17:26:37.244 WARN  [http-nio-8080-exec-6] o.s.w.s.m.m.a.ExceptionHandlerExceptionResolver - Resolved [org.springframework.web.HttpRequestMethodNotSupportedException: Request method 'GET' is not supported]
2026-05-13 17:26:37.261 WARN  [http-nio-8080-exec-1] o.s.w.s.m.m.a.ExceptionHandlerExceptionResolver - Resolved [org.springframework.web.HttpRequestMethodNotSupportedException: Request method 'GET' is not supported]
2026-05-13 17:26:37.277 WARN  [http-nio-8080-exec-5] o.s.w.s.m.m.a.ExceptionHandlerExceptionResolver - Resolved [org.springframework.web.HttpRequestMethodNotSupportedException: Request method 'GET' is not supported]
2026-05-13 17:26:37.293 WARN  [http-nio-8080-exec-3] o.s.w.s.m.m.a.ExceptionHandlerExceptionResolver - Resolved [org.springframework.web.HttpRequestMethodNotSupportedException: Request method 'GET' is not supported]
2026-05-13 17:26:37.350 WARN  [http-nio-8080-exec-4] o.s.w.s.m.m.a.ExceptionHandlerExceptionResolver - Resolved [org.springframework.web.HttpRequestMethodNotSupportedException: Request method 'GET' is not supported]
2026-05-13 17:26:37.371 WARN  [http-nio-8080-exec-9] o.s.w.s.m.m.a.ExceptionHandlerExceptionResolver - Resolved [org.springframework.web.HttpRequestMethodNotSupportedException: Request method 'GET' is not supported]
2026-05-13 17:26:37.417 WARN  [http-nio-8080-exec-8] o.s.w.s.m.m.a.ExceptionHandlerExceptionResolver - Resolved [org.springframework.web.HttpRequestMethodNotSupportedException: Request method 'GET' is not supported]
2026-05-13 17:26:37.435 WARN  [http-nio-8080-exec-5] o.s.w.s.m.m.a.ExceptionHandlerExceptionResolver - Resolved [org.springframework.web.HttpRequestMethodNotSupportedException: Request method 'GET' is not supported]
2026-05-13 17:26:37.486 WARN  [http-nio-8080-exec-7] o.s.w.s.m.m.a.ExceptionHandlerExceptionResolver - Resolved [org.springframework.web.HttpRequestMethodNotSupportedException: Request method 'GET' is not supported]
2026-05-13 17:26:37.500 WARN  [http-nio-8080-exec-4] o.s.w.s.m.m.a.ExceptionHandlerExceptionResolver - Resolved [org.springframework.web.HttpRequestMethodNotSupportedException: Request method 'GET' is not supported]
2026-05-13 17:26:37.556 WARN  [http-nio-8080-exec-9] o.s.w.s.m.m.a.ExceptionHandlerExceptionResolver - Resolved [org.springframework.web.HttpRequestMethodNotSupportedException: Request method 'GET' is not supported]
2026-05-13 17:26:37.578 WARN  [http-nio-8080-exec-8] o.s.w.s.m.m.a.ExceptionHandlerExceptionResolver - Resolved [org.springframework.web.HttpRequestMethodNotSupportedException: Request method 'GET' is not supported]
2026-05-13 17:26:37.660 WARN  [http-nio-8080-exec-10] o.s.w.s.m.m.a.ExceptionHandlerExceptionResolver - Resolved [org.springframework.web.HttpRequestMethodNotSupportedException: Request method 'GET' is not supported]
2026-05-13 17:26:37.665 WARN  [http-nio-8080-exec-7] o.s.w.s.m.m.a.ExceptionHandlerExceptionResolver - Resolved [org.springframework.web.HttpRequestMethodNotSupportedException: Request method 'GET' is not supported]
2026-05-13 17:26:37.717 WARN  [http-nio-8080-exec-2] o.s.w.s.m.m.a.ExceptionHandlerExceptionResolver - Resolved [org.springframework.web.HttpRequestMethodNotSupportedException: Request method 'GET' is not supported]
2026-05-13 17:26:37.731 WARN  [http-nio-8080-exec-9] o.s.w.s.m.m.a.ExceptionHandlerExceptionResolver - Resolved [org.springframework.web.HttpRequestMethodNotSupportedException: Request method 'GET' is not supported]
2026-05-13 17:26:37.788 WARN  [http-nio-8080-exec-8] o.s.w.s.m.m.a.ExceptionHandlerExceptionResolver - Resolved [org.springframework.web.HttpRequestMethodNotSupportedException: Request method 'GET' is not supported]
2026-05-13 17:26:37.846 WARN  [http-nio-8080-exec-5] o.s.w.s.m.m.a.ExceptionHandlerExceptionResolver - Resolved [org.springframework.web.HttpRequestMethodNotSupportedException: Request method 'GET' is not supported]
2026-05-13 17:26:37.934 WARN  [http-nio-8080-exec-3] o.s.w.s.m.m.a.ExceptionHandlerExceptionResolver - Resolved [org.springframework.web.HttpRequestMethodNotSupportedException: Request method 'GET' is not supported]
2026-05-13 17:26:37.990 WARN  [http-nio-8080-exec-2] o.s.w.s.m.m.a.ExceptionHandlerExceptionResolver - Resolved [org.springframework.web.HttpRequestMethodNotSupportedException: Request method 'GET' is not supported]
2026-05-13 17:26:38.059 WARN  [http-nio-8080-exec-6] o.s.w.s.m.m.a.ExceptionHandlerExceptionResolver - Resolved [org.springframework.web.HttpRequestMethodNotSupportedException: Request method 'GET' is not supported]
2026-05-13 17:26:38.102 WARN  [http-nio-8080-exec-8] o.s.w.s.m.m.a.ExceptionHandlerExceptionResolver - Resolved [org.springframework.web.HttpRequestMethodNotSupportedException: Request method 'GET' is not supported]
2026-05-13 17:26:38.134 WARN  [http-nio-8080-exec-10] o.s.w.s.m.m.a.ExceptionHandlerExceptionResolver - Resolved [org.springframework.web.HttpRequestMethodNotSupportedException: Request method 'GET' is not supported]
2026-05-13 17:26:38.164 WARN  [http-nio-8080-exec-3] o.s.w.s.m.m.a.ExceptionHandlerExceptionResolver - Resolved [org.springframework.web.HttpRequestMethodNotSupportedException: Request method 'GET' is not supported]
2026-05-13 17:26:38.189 WARN  [http-nio-8080-exec-4] o.s.w.s.m.m.a.ExceptionHandlerExceptionResolver - Resolved [org.springframework.web.HttpRequestMethodNotSupportedException: Request method 'GET' is not supported]
2026-05-13 17:26:38.216 WARN  [http-nio-8080-exec-9] o.s.w.s.m.m.a.ExceptionHandlerExceptionResolver - Resolved [org.springframework.web.HttpRequestMethodNotSupportedException: Request method 'GET' is not supported]
2026-05-13 17:26:38.242 WARN  [http-nio-8080-exec-1] o.s.w.s.m.m.a.ExceptionHandlerExceptionResolver - Resolved [org.springframework.web.HttpRequestMethodNotSupportedException: Request method 'GET' is not supported]
2026-05-13 17:26:38.265 WARN  [http-nio-8080-exec-10] o.s.w.s.m.m.a.ExceptionHandlerExceptionResolver - Resolved [org.springframework.web.HttpRequestMethodNotSupportedException: Request method 'GET' is not supported]
2026-05-13 17:26:38.293 WARN  [http-nio-8080-exec-3] o.s.w.s.m.m.a.ExceptionHandlerExceptionResolver - Resolved [org.springframework.web.HttpRequestMethodNotSupportedException: Request method 'GET' is not supported]
2026-05-13 17:26:38.347 WARN  [http-nio-8080-exec-2] o.s.w.s.m.m.a.ExceptionHandlerExceptionResolver - Resolved [org.springframework.web.HttpRequestMethodNotSupportedException: Request method 'GET' is not supported]
2026-05-13 17:26:38.426 WARN  [http-nio-8080-exec-6] o.s.w.s.m.m.a.ExceptionHandlerExceptionResolver - Resolved [org.springframework.web.HttpRequestMethodNotSupportedException: Request method 'GET' is not supported]
2026-05-13 17:26:38.469 WARN  [http-nio-8080-exec-8] o.s.w.s.m.m.a.ExceptionHandlerExceptionResolver - Resolved [org.springframework.web.HttpRequestMethodNotSupportedException: Request method 'GET' is not supported]
2026-05-13 17:26:38.508 WARN  [http-nio-8080-exec-5] o.s.w.s.m.m.a.ExceptionHandlerExceptionResolver - Resolved [org.springframework.web.HttpRequestMethodNotSupportedException: Request method 'GET' is not supported]
2026-05-13 17:26:38.545 WARN  [http-nio-8080-exec-7] o.s.w.s.m.m.a.ExceptionHandlerExceptionResolver - Resolved [org.springframework.web.HttpRequestMethodNotSupportedException: Request method 'GET' is not supported]
2026-05-13 17:26:38.584 WARN  [http-nio-8080-exec-4] o.s.w.s.m.m.a.ExceptionHandlerExceptionResolver - Resolved [org.springframework.web.HttpRequestMethodNotSupportedException: Request method 'GET' is not supported]
2026-05-13 17:26:38.624 WARN  [http-nio-8080-exec-6] o.s.w.s.m.m.a.ExceptionHandlerExceptionResolver - Resolved [org.springframework.web.HttpRequestMethodNotSupportedException: Request method 'GET' is not supported]
2026-05-13 17:26:38.658 WARN  [http-nio-8080-exec-1] o.s.w.s.m.m.a.ExceptionHandlerExceptionResolver - Resolved [org.springframework.web.HttpRequestMethodNotSupportedException: Request method 'GET' is not supported]
2026-05-13 17:26:38.729 WARN  [http-nio-8080-exec-10] o.s.w.s.m.m.a.ExceptionHandlerExceptionResolver - Resolved [org.springframework.web.HttpRequestMethodNotSupportedException: Request method 'GET' is not supported]
2026-05-13 17:26:38.772 WARN  [http-nio-8080-exec-3] o.s.w.s.m.m.a.ExceptionHandlerExceptionResolver - Resolved [org.springframework.web.HttpRequestMethodNotSupportedException: Request method 'GET' is not supported]
2026-05-13 17:26:38.817 WARN  [http-nio-8080-exec-2] o.s.w.s.m.m.a.ExceptionHandlerExceptionResolver - Resolved [org.springframework.web.HttpRequestMethodNotSupportedException: Request method 'GET' is not supported]
2026-05-13 17:26:38.852 WARN  [http-nio-8080-exec-9] o.s.w.s.m.m.a.ExceptionHandlerExceptionResolver - Resolved [org.springframework.web.HttpRequestMethodNotSupportedException: Request method 'GET' is not supported]
2026-05-13 17:26:38.893 WARN  [http-nio-8080-exec-8] o.s.w.s.m.m.a.ExceptionHandlerExceptionResolver - Resolved [org.springframework.web.HttpRequestMethodNotSupportedException: Request method 'GET' is not supported]
2026-05-13 17:26:38.973 WARN  [http-nio-8080-exec-10] o.s.w.s.m.m.a.ExceptionHandlerExceptionResolver - Resolved [org.springframework.web.HttpRequestMethodNotSupportedException: Request method 'GET' is not supported]
2026-05-13 17:26:39.013 WARN  [http-nio-8080-exec-7] o.s.w.s.m.m.a.ExceptionHandlerExceptionResolver - Resolved [org.springframework.web.HttpRequestMethodNotSupportedException: Request method 'GET' is not supported]
2026-05-13 17:26:39.051 WARN  [http-nio-8080-exec-4] o.s.w.s.m.m.a.ExceptionHandlerExceptionResolver - Resolved [org.springframework.web.HttpRequestMethodNotSupportedException: Request method 'GET' is not supported]
2026-05-13 17:26:39.092 WARN  [http-nio-8080-exec-6] o.s.w.s.m.m.a.ExceptionHandlerExceptionResolver - Resolved [org.springframework.web.HttpRequestMethodNotSupportedException: Request method 'GET' is not supported]
2026-05-13 17:26:39.124 WARN  [http-nio-8080-exec-1] o.s.w.s.m.m.a.ExceptionHandlerExceptionResolver - Resolved [org.springframework.web.HttpRequestMethodNotSupportedException: Request method 'GET' is not supported]
2026-05-13 17:26:39.148 WARN  [http-nio-8080-exec-10] o.s.w.s.m.m.a.ExceptionHandlerExceptionResolver - Resolved [org.springframework.web.HttpRequestMethodNotSupportedException: Request method 'GET' is not supported]
2026-05-13 17:26:39.177 WARN  [http-nio-8080-exec-3] o.s.w.s.m.m.a.ExceptionHandlerExceptionResolver - Resolved [org.springframework.web.HttpRequestMethodNotSupportedException: Request method 'GET' is not supported]
2026-05-13 17:26:39.211 WARN  [http-nio-8080-exec-4] o.s.w.s.m.m.a.ExceptionHandlerExceptionResolver - Resolved [org.springframework.web.HttpRequestMethodNotSupportedException: Request method 'GET' is not supported]
2026-05-13 17:26:39.240 WARN  [http-nio-8080-exec-9] o.s.w.s.m.m.a.ExceptionHandlerExceptionResolver - Resolved [org.springframework.web.HttpRequestMethodNotSupportedException: Request method 'GET' is not supported]
2026-05-13 17:26:39.314 WARN  [http-nio-8080-exec-8] o.s.w.s.m.m.a.ExceptionHandlerExceptionResolver - Resolved [org.springframework.web.HttpRequestMethodNotSupportedException: Request method 'GET' is not supported]
2026-05-13 17:26:39.354 WARN  [http-nio-8080-exec-5] o.s.w.s.m.m.a.ExceptionHandlerExceptionResolver - Resolved [org.springframework.web.HttpRequestMethodNotSupportedException: Request method 'GET' is not supported]
2026-05-13 17:26:39.401 WARN  [http-nio-8080-exec-7] o.s.w.s.m.m.a.ExceptionHandlerExceptionResolver - Resolved [org.springframework.web.HttpRequestMethodNotSupportedException: Request method 'GET' is not supported]
2026-05-13 17:26:39.436 WARN  [http-nio-8080-exec-4] o.s.w.s.m.m.a.ExceptionHandlerExceptionResolver - Resolved [org.springframework.web.HttpRequestMethodNotSupportedException: Request method 'GET' is not supported]
2026-05-13 17:26:39.479 WARN  [http-nio-8080-exec-6] o.s.w.s.m.m.a.ExceptionHandlerExceptionResolver - Resolved [org.springframework.web.HttpRequestMethodNotSupportedException: Request method 'GET' is not supported]
2026-05-13 17:26:39.508 WARN  [http-nio-8080-exec-1] o.s.w.s.m.m.a.ExceptionHandlerExceptionResolver - Resolved [org.springframework.web.HttpRequestMethodNotSupportedException: Request method 'GET' is not supported]
2026-05-13 17:26:39.573 WARN  [http-nio-8080-exec-10] o.s.w.s.m.m.a.ExceptionHandlerExceptionResolver - Resolved [org.springframework.web.HttpRequestMethodNotSupportedException: Request method 'GET' is not supported]
2026-05-13 17:26:39.606 WARN  [http-nio-8080-exec-3] o.s.w.s.m.m.a.ExceptionHandlerExceptionResolver - Resolved [org.springframework.web.HttpRequestMethodNotSupportedException: Request method 'GET' is not supported]
2026-05-13 17:26:39.664 WARN  [http-nio-8080-exec-2] o.s.w.s.m.m.a.ExceptionHandlerExceptionResolver - Resolved [org.springframework.web.HttpRequestMethodNotSupportedException: Request method 'GET' is not supported]
2026-05-13 17:26:39.709 WARN  [http-nio-8080-exec-6] o.s.w.s.m.m.a.ExceptionHandlerExceptionResolver - Resolved [org.springframework.web.HttpRequestMethodNotSupportedException: Request method 'GET' is not supported]
2026-05-13 17:26:39.750 WARN  [http-nio-8080-exec-8] o.s.w.s.m.m.a.ExceptionHandlerExceptionResolver - Resolved [org.springframework.web.HttpRequestMethodNotSupportedException: Request method 'GET' is not supported]
2026-05-13 17:26:39.802 WARN  [http-nio-8080-exec-5] o.s.w.s.m.m.a.ExceptionHandlerExceptionResolver - Resolved [org.springframework.web.HttpRequestMethodNotSupportedException: Request method 'GET' is not supported]
2026-05-13 17:26:39.888 WARN  [http-nio-8080-exec-7] o.s.w.s.m.m.a.ExceptionHandlerExceptionResolver - Resolved [org.springframework.web.HttpRequestMethodNotSupportedException: Request method 'GET' is not supported]
2026-05-13 17:26:39.923 WARN  [http-nio-8080-exec-4] o.s.w.s.m.m.a.ExceptionHandlerExceptionResolver - Resolved [org.springframework.web.HttpRequestMethodNotSupportedException: Request method 'GET' is not supported]
2026-05-13 17:26:39.967 WARN  [http-nio-8080-exec-9] o.s.w.s.m.m.a.ExceptionHandlerExceptionResolver - Resolved [org.springframework.web.HttpRequestMethodNotSupportedException: Request method 'GET' is not supported]
2026-05-13 17:26:40.023 WARN  [http-nio-8080-exec-1] o.s.w.s.m.m.a.ExceptionHandlerExceptionResolver - Resolved [org.springframework.web.HttpRequestMethodNotSupportedException: Request method 'GET' is not supported]
2026-05-13 17:26:40.106 WARN  [http-nio-8080-exec-10] o.s.w.s.m.m.a.ExceptionHandlerExceptionResolver - Resolved [org.springframework.web.HttpRequestMethodNotSupportedException: Request method 'GET' is not supported]
2026-05-13 17:26:40.139 WARN  [http-nio-8080-exec-3] o.s.w.s.m.m.a.ExceptionHandlerExceptionResolver - Resolved [org.springframework.web.HttpRequestMethodNotSupportedException: Request method 'GET' is not supported]
2026-05-13 17:26:40.162 WARN  [http-nio-8080-exec-2] o.s.w.s.m.m.a.ExceptionHandlerExceptionResolver - Resolved [org.springframework.web.HttpRequestMethodNotSupportedException: Request method 'GET' is not supported]
2026-05-13 17:26:40.189 WARN  [http-nio-8080-exec-6] o.s.w.s.m.m.a.ExceptionHandlerExceptionResolver - Resolved [org.springframework.web.HttpRequestMethodNotSupportedException: Request method 'GET' is not supported]
2026-05-13 17:26:40.217 WARN  [http-nio-8080-exec-8] o.s.w.s.m.m.a.ExceptionHandlerExceptionResolver - Resolved [org.springframework.web.HttpRequestMethodNotSupportedException: Request method 'GET' is not supported]
2026-05-13 17:26:40.244 WARN  [http-nio-8080-exec-5] o.s.w.s.m.m.a.ExceptionHandlerExceptionResolver - Resolved [org.springframework.web.HttpRequestMethodNotSupportedException: Request method 'GET' is not supported]
2026-05-13 17:26:40.269 WARN  [http-nio-8080-exec-7] o.s.w.s.m.m.a.ExceptionHandlerExceptionResolver - Resolved [org.springframework.web.HttpRequestMethodNotSupportedException: Request method 'GET' is not supported]
2026-05-13 17:26:40.331 WARN  [http-nio-8080-exec-4] o.s.w.s.m.m.a.ExceptionHandlerExceptionResolver - Resolved [org.springframework.web.HttpRequestMethodNotSupportedException: Request method 'GET' is not supported]
2026-05-13 17:26:40.389 WARN  [http-nio-8080-exec-9] o.s.w.s.m.m.a.ExceptionHandlerExceptionResolver - Resolved [org.springframework.web.HttpRequestMethodNotSupportedException: Request method 'GET' is not supported]
2026-05-13 17:26:40.423 WARN  [http-nio-8080-exec-8] o.s.w.s.m.m.a.ExceptionHandlerExceptionResolver - Resolved [org.springframework.web.HttpRequestMethodNotSupportedException: Request method 'GET' is not supported]
2026-05-13 17:26:40.470 WARN  [http-nio-8080-exec-10] o.s.w.s.m.m.a.ExceptionHandlerExceptionResolver - Resolved [org.springframework.web.HttpRequestMethodNotSupportedException: Request method 'GET' is not supported]
2026-05-13 17:26:40.511 WARN  [http-nio-8080-exec-3] o.s.w.s.m.m.a.ExceptionHandlerExceptionResolver - Resolved [org.springframework.web.HttpRequestMethodNotSupportedException: Request method 'GET' is not supported]
2026-05-13 17:26:40.590 WARN  [http-nio-8080-exec-2] o.s.w.s.m.m.a.ExceptionHandlerExceptionResolver - Resolved [org.springframework.web.HttpRequestMethodNotSupportedException: Request method 'GET' is not supported]
2026-05-13 17:26:40.639 WARN  [http-nio-8080-exec-9] o.s.w.s.m.m.a.ExceptionHandlerExceptionResolver - Resolved [org.springframework.web.HttpRequestMethodNotSupportedException: Request method 'GET' is not supported]
2026-05-13 17:26:40.685 WARN  [http-nio-8080-exec-8] o.s.w.s.m.m.a.ExceptionHandlerExceptionResolver - Resolved [org.springframework.web.HttpRequestMethodNotSupportedException: Request method 'GET' is not supported]
2026-05-13 17:26:40.726 WARN  [http-nio-8080-exec-10] o.s.w.s.m.m.a.ExceptionHandlerExceptionResolver - Resolved [org.springframework.web.HttpRequestMethodNotSupportedException: Request method 'GET' is not supported]
2026-05-13 17:26:40.758 WARN  [http-nio-8080-exec-7] o.s.w.s.m.m.a.ExceptionHandlerExceptionResolver - Resolved [org.springframework.web.HttpRequestMethodNotSupportedException: Request method 'GET' is not supported]
2026-05-13 17:26:40.791 WARN  [http-nio-8080-exec-4] o.s.w.s.m.m.a.ExceptionHandlerExceptionResolver - Resolved [org.springframework.web.HttpRequestMethodNotSupportedException: Request method 'GET' is not supported]
2026-05-13 17:26:40.868 WARN  [http-nio-8080-exec-6] o.s.w.s.m.m.a.ExceptionHandlerExceptionResolver - Resolved [org.springframework.web.HttpRequestMethodNotSupportedException: Request method 'GET' is not supported]
2026-05-13 17:26:40.904 WARN  [http-nio-8080-exec-1] o.s.w.s.m.m.a.ExceptionHandlerExceptionResolver - Resolved [org.springframework.web.HttpRequestMethodNotSupportedException: Request method 'GET' is not supported]
2026-05-13 17:26:40.943 WARN  [http-nio-8080-exec-5] o.s.w.s.m.m.a.ExceptionHandlerExceptionResolver - Resolved [org.springframework.web.HttpRequestMethodNotSupportedException: Request method 'GET' is not supported]
2026-05-13 17:26:40.994 WARN  [http-nio-8080-exec-3] o.s.w.s.m.m.a.ExceptionHandlerExceptionResolver - Resolved [org.springframework.web.HttpRequestMethodNotSupportedException: Request method 'GET' is not supported]
2026-05-13 17:26:41.050 WARN  [http-nio-8080-exec-2] o.s.w.s.m.m.a.ExceptionHandlerExceptionResolver - Resolved [org.springframework.web.HttpRequestMethodNotSupportedException: Request method 'GET' is not supported]
2026-05-13 17:26:41.095 WARN  [http-nio-8080-exec-6] o.s.w.s.m.m.a.ExceptionHandlerExceptionResolver - Resolved [org.springframework.web.HttpRequestMethodNotSupportedException: Request method 'GET' is not supported]
2026-05-13 17:26:41.126 WARN  [http-nio-8080-exec-8] o.s.w.s.m.m.a.ExceptionHandlerExceptionResolver - Resolved [org.springframework.web.HttpRequestMethodNotSupportedException: Request method 'GET' is not supported]
2026-05-13 17:26:41.184 WARN  [http-nio-8080-exec-10] o.s.w.s.m.m.a.ExceptionHandlerExceptionResolver - Resolved [org.springframework.web.HttpRequestMethodNotSupportedException: Request method 'GET' is not supported]
2026-05-13 17:26:41.210 WARN  [http-nio-8080-exec-7] o.s.w.s.m.m.a.ExceptionHandlerExceptionResolver - Resolved [org.springframework.web.HttpRequestMethodNotSupportedException: Request method 'GET' is not supported]
2026-05-13 17:26:41.232 WARN  [http-nio-8080-exec-2] o.s.w.s.m.m.a.ExceptionHandlerExceptionResolver - Resolved [org.springframework.web.HttpRequestMethodNotSupportedException: Request method 'GET' is not supported]
2026-05-13 17:26:41.259 WARN  [http-nio-8080-exec-9] o.s.w.s.m.m.a.ExceptionHandlerExceptionResolver - Resolved [org.springframework.web.HttpRequestMethodNotSupportedException: Request method 'GET' is not supported]
2026-05-13 17:26:41.285 WARN  [http-nio-8080-exec-1] o.s.w.s.m.m.a.ExceptionHandlerExceptionResolver - Resolved [org.springframework.web.HttpRequestMethodNotSupportedException: Request method 'GET' is not supported]
2026-05-13 17:26:41.319 WARN  [http-nio-8080-exec-10] o.s.w.s.m.m.a.ExceptionHandlerExceptionResolver - Resolved [org.springframework.web.HttpRequestMethodNotSupportedException: Request method 'GET' is not supported]
2026-05-13 17:26:41.352 WARN  [http-nio-8080-exec-3] o.s.w.s.m.m.a.ExceptionHandlerExceptionResolver - Resolved [org.springframework.web.HttpRequestMethodNotSupportedException: Request method 'GET' is not supported]
2026-05-13 17:26:41.409 WARN  [http-nio-8080-exec-4] o.s.w.s.m.m.a.ExceptionHandlerExceptionResolver - Resolved [org.springframework.web.HttpRequestMethodNotSupportedException: Request method 'GET' is not supported]
2026-05-13 17:26:41.443 WARN  [http-nio-8080-exec-6] o.s.w.s.m.m.a.ExceptionHandlerExceptionResolver - Resolved [org.springframework.web.HttpRequestMethodNotSupportedException: Request method 'GET' is not supported]
2026-05-13 17:26:41.485 WARN  [http-nio-8080-exec-1] o.s.w.s.m.m.a.ExceptionHandlerExceptionResolver - Resolved [org.springframework.web.HttpRequestMethodNotSupportedException: Request method 'GET' is not supported]
2026-05-13 17:26:41.522 WARN  [http-nio-8080-exec-10] o.s.w.s.m.m.a.ExceptionHandlerExceptionResolver - Resolved [org.springframework.web.HttpRequestMethodNotSupportedException: Request method 'GET' is not supported]
2026-05-13 17:26:41.569 WARN  [http-nio-8080-exec-7] o.s.w.s.m.m.a.ExceptionHandlerExceptionResolver - Resolved [org.springframework.web.HttpRequestMethodNotSupportedException: Request method 'GET' is not supported]
2026-05-13 17:26:41.643 WARN  [http-nio-8080-exec-4] o.s.w.s.m.m.a.ExceptionHandlerExceptionResolver - Resolved [org.springframework.web.HttpRequestMethodNotSupportedException: Request method 'GET' is not supported]
2026-05-13 17:26:41.694 WARN  [http-nio-8080-exec-9] o.s.w.s.m.m.a.ExceptionHandlerExceptionResolver - Resolved [org.springframework.web.HttpRequestMethodNotSupportedException: Request method 'GET' is not supported]
2026-05-13 17:26:41.726 WARN  [http-nio-8080-exec-1] o.s.w.s.m.m.a.ExceptionHandlerExceptionResolver - Resolved [org.springframework.web.HttpRequestMethodNotSupportedException: Request method 'GET' is not supported]
2026-05-13 17:26:41.775 WARN  [http-nio-8080-exec-10] o.s.w.s.m.m.a.ExceptionHandlerExceptionResolver - Resolved [org.springframework.web.HttpRequestMethodNotSupportedException: Request method 'GET' is not supported]
2026-05-13 17:26:41.826 WARN  [http-nio-8080-exec-3] o.s.w.s.m.m.a.ExceptionHandlerExceptionResolver - Resolved [org.springframework.web.HttpRequestMethodNotSupportedException: Request method 'GET' is not supported]
2026-05-13 17:26:41.895 WARN  [http-nio-8080-exec-2] o.s.w.s.m.m.a.ExceptionHandlerExceptionResolver - Resolved [org.springframework.web.HttpRequestMethodNotSupportedException: Request method 'GET' is not supported]
2026-05-13 17:26:41.935 WARN  [http-nio-8080-exec-9] o.s.w.s.m.m.a.ExceptionHandlerExceptionResolver - Resolved [org.springframework.web.HttpRequestMethodNotSupportedException: Request method 'GET' is not supported]
2026-05-13 17:26:41.966 WARN  [http-nio-8080-exec-8] o.s.w.s.m.m.a.ExceptionHandlerExceptionResolver - Resolved [org.springframework.web.HttpRequestMethodNotSupportedException: Request method 'GET' is not supported]
2026-05-13 17:29:53.154 WARN  [http-nio-8080-exec-3] o.s.w.s.m.m.a.ExceptionHandlerExceptionResolver - Resolved [org.springframework.web.HttpRequestMethodNotSupportedException: Request method 'GET' is not supported]
2026-05-13 17:29:53.173 WARN  [http-nio-8080-exec-7] o.s.w.s.m.m.a.ExceptionHandlerExceptionResolver - Resolved [org.springframework.web.HttpRequestMethodNotSupportedException: Request method 'GET' is not supported]
2026-05-13 17:29:53.186 WARN  [http-nio-8080-exec-4] o.s.w.s.m.m.a.ExceptionHandlerExceptionResolver - Resolved [org.springframework.web.HttpRequestMethodNotSupportedException: Request method 'GET' is not supported]
2026-05-13 17:29:53.205 WARN  [http-nio-8080-exec-9] o.s.w.s.m.m.a.ExceptionHandlerExceptionResolver - Resolved [org.springframework.web.HttpRequestMethodNotSupportedException: Request method 'GET' is not supported]
2026-05-13 17:29:53.220 WARN  [http-nio-8080-exec-5] o.s.w.s.m.m.a.ExceptionHandlerExceptionResolver - Resolved [org.springframework.web.HttpRequestMethodNotSupportedException: Request method 'GET' is not supported]
2026-05-13 17:29:53.239 WARN  [http-nio-8080-exec-3] o.s.w.s.m.m.a.ExceptionHandlerExceptionResolver - Resolved [org.springframework.web.HttpRequestMethodNotSupportedException: Request method 'GET' is not supported]
2026-05-13 17:29:53.253 WARN  [http-nio-8080-exec-10] o.s.w.s.m.m.a.ExceptionHandlerExceptionResolver - Resolved [org.springframework.web.HttpRequestMethodNotSupportedException: Request method 'GET' is not supported]
2026-05-13 17:29:53.266 WARN  [http-nio-8080-exec-2] o.s.w.s.m.m.a.ExceptionHandlerExceptionResolver - Resolved [org.springframework.web.HttpRequestMethodNotSupportedException: Request method 'GET' is not supported]
2026-05-13 17:29:53.282 WARN  [http-nio-8080-exec-6] o.s.w.s.m.m.a.ExceptionHandlerExceptionResolver - Resolved [org.springframework.web.HttpRequestMethodNotSupportedException: Request method 'GET' is not supported]
2026-05-13 17:29:53.296 WARN  [http-nio-8080-exec-8] o.s.w.s.m.m.a.ExceptionHandlerExceptionResolver - Resolved [org.springframework.web.HttpRequestMethodNotSupportedException: Request method 'GET' is not supported]
2026-05-13 17:29:53.316 WARN  [http-nio-8080-exec-3] o.s.w.s.m.m.a.ExceptionHandlerExceptionResolver - Resolved [org.springframework.web.HttpRequestMethodNotSupportedException: Request method 'GET' is not supported]
2026-05-13 17:29:53.331 WARN  [http-nio-8080-exec-10] o.s.w.s.m.m.a.ExceptionHandlerExceptionResolver - Resolved [org.springframework.web.HttpRequestMethodNotSupportedException: Request method 'GET' is not supported]
2026-05-13 17:29:53.347 WARN  [http-nio-8080-exec-2] o.s.w.s.m.m.a.ExceptionHandlerExceptionResolver - Resolved [org.springframework.web.HttpRequestMethodNotSupportedException: Request method 'GET' is not supported]
2026-05-13 17:29:53.363 WARN  [http-nio-8080-exec-6] o.s.w.s.m.m.a.ExceptionHandlerExceptionResolver - Resolved [org.springframework.web.HttpRequestMethodNotSupportedException: Request method 'GET' is not supported]
2026-05-13 17:29:53.379 WARN  [http-nio-8080-exec-8] o.s.w.s.m.m.a.ExceptionHandlerExceptionResolver - Resolved [org.springframework.web.HttpRequestMethodNotSupportedException: Request method 'GET' is not supported]
2026-05-13 17:29:53.395 WARN  [http-nio-8080-exec-3] o.s.w.s.m.m.a.ExceptionHandlerExceptionResolver - Resolved [org.springframework.web.HttpRequestMethodNotSupportedException: Request method 'GET' is not supported]
2026-05-13 17:29:53.411 WARN  [http-nio-8080-exec-1] o.s.w.s.m.m.a.ExceptionHandlerExceptionResolver - Resolved [org.springframework.web.HttpRequestMethodNotSupportedException: Request method 'GET' is not supported]
2026-05-13 17:29:53.424 WARN  [http-nio-8080-exec-7] o.s.w.s.m.m.a.ExceptionHandlerExceptionResolver - Resolved [org.springframework.web.HttpRequestMethodNotSupportedException: Request method 'GET' is not supported]
2026-05-13 17:29:53.439 WARN  [http-nio-8080-exec-4] o.s.w.s.m.m.a.ExceptionHandlerExceptionResolver - Resolved [org.springframework.web.HttpRequestMethodNotSupportedException: Request method 'GET' is not supported]
2026-05-13 17:29:53.453 WARN  [http-nio-8080-exec-9] o.s.w.s.m.m.a.ExceptionHandlerExceptionResolver - Resolved [org.springframework.web.HttpRequestMethodNotSupportedException: Request method 'GET' is not supported]
2026-05-13 17:29:53.470 WARN  [http-nio-8080-exec-3] o.s.w.s.m.m.a.ExceptionHandlerExceptionResolver - Resolved [org.springframework.web.HttpRequestMethodNotSupportedException: Request method 'GET' is not supported]
2026-05-13 17:29:53.485 WARN  [http-nio-8080-exec-1] o.s.w.s.m.m.a.ExceptionHandlerExceptionResolver - Resolved [org.springframework.web.HttpRequestMethodNotSupportedException: Request method 'GET' is not supported]
2026-05-13 17:29:53.502 WARN  [http-nio-8080-exec-10] o.s.w.s.m.m.a.ExceptionHandlerExceptionResolver - Resolved [org.springframework.web.HttpRequestMethodNotSupportedException: Request method 'GET' is not supported]
2026-05-13 17:29:53.520 WARN  [http-nio-8080-exec-7] o.s.w.s.m.m.a.ExceptionHandlerExceptionResolver - Resolved [org.springframework.web.HttpRequestMethodNotSupportedException: Request method 'GET' is not supported]
2026-05-13 17:29:53.529 WARN  [http-nio-8080-exec-6] o.s.w.s.m.m.a.ExceptionHandlerExceptionResolver - Resolved [org.springframework.web.HttpRequestMethodNotSupportedException: Request method 'GET' is not supported]
2026-05-13 17:29:53.549 WARN  [http-nio-8080-exec-8] o.s.w.s.m.m.a.ExceptionHandlerExceptionResolver - Resolved [org.springframework.web.HttpRequestMethodNotSupportedException: Request method 'GET' is not supported]
2026-05-13 17:29:53.563 WARN  [http-nio-8080-exec-1] o.s.w.s.m.m.a.ExceptionHandlerExceptionResolver - Resolved [org.springframework.web.HttpRequestMethodNotSupportedException: Request method 'GET' is not supported]
2026-05-13 17:29:53.572 WARN  [http-nio-8080-exec-10] o.s.w.s.m.m.a.ExceptionHandlerExceptionResolver - Resolved [org.springframework.web.HttpRequestMethodNotSupportedException: Request method 'GET' is not supported]
2026-05-13 17:29:53.586 WARN  [http-nio-8080-exec-2] o.s.w.s.m.m.a.ExceptionHandlerExceptionResolver - Resolved [org.springframework.web.HttpRequestMethodNotSupportedException: Request method 'GET' is not supported]
2026-05-13 17:29:53.609 WARN  [http-nio-8080-exec-4] o.s.w.s.m.m.a.ExceptionHandlerExceptionResolver - Resolved [org.springframework.web.HttpRequestMethodNotSupportedException: Request method 'GET' is not supported]
2026-05-13 17:29:53.626 WARN  [http-nio-8080-exec-9] o.s.w.s.m.m.a.ExceptionHandlerExceptionResolver - Resolved [org.springframework.web.HttpRequestMethodNotSupportedException: Request method 'GET' is not supported]
2026-05-13 17:29:53.648 WARN  [http-nio-8080-exec-3] o.s.w.s.m.m.a.ExceptionHandlerExceptionResolver - Resolved [org.springframework.web.HttpRequestMethodNotSupportedException: Request method 'GET' is not supported]
2026-05-13 17:29:53.672 WARN  [http-nio-8080-exec-10] o.s.w.s.m.m.a.ExceptionHandlerExceptionResolver - Resolved [org.springframework.web.HttpRequestMethodNotSupportedException: Request method 'GET' is not supported]
2026-05-13 17:29:53.687 WARN  [http-nio-8080-exec-2] o.s.w.s.m.m.a.ExceptionHandlerExceptionResolver - Resolved [org.springframework.web.HttpRequestMethodNotSupportedException: Request method 'GET' is not supported]
2026-05-13 17:29:53.706 WARN  [http-nio-8080-exec-4] o.s.w.s.m.m.a.ExceptionHandlerExceptionResolver - Resolved [org.springframework.web.HttpRequestMethodNotSupportedException: Request method 'GET' is not supported]
2026-05-13 17:29:53.720 WARN  [http-nio-8080-exec-9] o.s.w.s.m.m.a.ExceptionHandlerExceptionResolver - Resolved [org.springframework.web.HttpRequestMethodNotSupportedException: Request method 'GET' is not supported]
2026-05-13 17:29:53.737 WARN  [http-nio-8080-exec-8] o.s.w.s.m.m.a.ExceptionHandlerExceptionResolver - Resolved [org.springframework.web.HttpRequestMethodNotSupportedException: Request method 'GET' is not supported]
2026-05-13 17:29:53.758 WARN  [http-nio-8080-exec-1] o.s.w.s.m.m.a.ExceptionHandlerExceptionResolver - Resolved [org.springframework.web.HttpRequestMethodNotSupportedException: Request method 'GET' is not supported]
2026-05-13 17:29:53.770 WARN  [http-nio-8080-exec-5] o.s.w.s.m.m.a.ExceptionHandlerExceptionResolver - Resolved [org.springframework.web.HttpRequestMethodNotSupportedException: Request method 'GET' is not supported]
2026-05-13 17:29:53.790 WARN  [http-nio-8080-exec-7] o.s.w.s.m.m.a.ExceptionHandlerExceptionResolver - Resolved [org.springframework.web.HttpRequestMethodNotSupportedException: Request method 'GET' is not supported]
2026-05-13 17:29:53.807 WARN  [http-nio-8080-exec-9] o.s.w.s.m.m.a.ExceptionHandlerExceptionResolver - Resolved [org.springframework.web.HttpRequestMethodNotSupportedException: Request method 'GET' is not supported]
2026-05-13 17:29:53.819 WARN  [http-nio-8080-exec-6] o.s.w.s.m.m.a.ExceptionHandlerExceptionResolver - Resolved [org.springframework.web.HttpRequestMethodNotSupportedException: Request method 'GET' is not supported]
2026-05-13 17:29:53.836 WARN  [http-nio-8080-exec-3] o.s.w.s.m.m.a.ExceptionHandlerExceptionResolver - Resolved [org.springframework.web.HttpRequestMethodNotSupportedException: Request method 'GET' is not supported]
2026-05-13 17:29:53.853 WARN  [http-nio-8080-exec-10] o.s.w.s.m.m.a.ExceptionHandlerExceptionResolver - Resolved [org.springframework.web.HttpRequestMethodNotSupportedException: Request method 'GET' is not supported]
2026-05-13 17:29:53.869 WARN  [http-nio-8080-exec-2] o.s.w.s.m.m.a.ExceptionHandlerExceptionResolver - Resolved [org.springframework.web.HttpRequestMethodNotSupportedException: Request method 'GET' is not supported]
2026-05-13 17:29:53.872 WARN  [http-nio-8080-exec-7] o.s.w.s.m.m.a.ExceptionHandlerExceptionResolver - Resolved [org.springframework.web.HttpRequestMethodNotSupportedException: Request method 'GET' is not supported]
2026-05-13 17:29:53.901 WARN  [http-nio-8080-exec-4] o.s.w.s.m.m.a.ExceptionHandlerExceptionResolver - Resolved [org.springframework.web.HttpRequestMethodNotSupportedException: Request method 'GET' is not supported]
2026-05-13 17:29:53.913 WARN  [http-nio-8080-exec-8] o.s.w.s.m.m.a.ExceptionHandlerExceptionResolver - Resolved [org.springframework.web.HttpRequestMethodNotSupportedException: Request method 'GET' is not supported]
2026-05-13 17:29:53.930 WARN  [http-nio-8080-exec-1] o.s.w.s.m.m.a.ExceptionHandlerExceptionResolver - Resolved [org.springframework.web.HttpRequestMethodNotSupportedException: Request method 'GET' is not supported]
2026-05-13 17:29:53.939 WARN  [http-nio-8080-exec-2] o.s.w.s.m.m.a.ExceptionHandlerExceptionResolver - Resolved [org.springframework.web.HttpRequestMethodNotSupportedException: Request method 'GET' is not supported]
2026-05-13 17:29:53.959 WARN  [http-nio-8080-exec-7] o.s.w.s.m.m.a.ExceptionHandlerExceptionResolver - Resolved [org.springframework.web.HttpRequestMethodNotSupportedException: Request method 'GET' is not supported]
2026-05-13 17:29:53.969 WARN  [http-nio-8080-exec-9] o.s.w.s.m.m.a.ExceptionHandlerExceptionResolver - Resolved [org.springframework.web.HttpRequestMethodNotSupportedException: Request method 'GET' is not supported]
2026-05-13 17:29:53.986 WARN  [http-nio-8080-exec-6] o.s.w.s.m.m.a.ExceptionHandlerExceptionResolver - Resolved [org.springframework.web.HttpRequestMethodNotSupportedException: Request method 'GET' is not supported]
2026-05-13 17:29:54.003 WARN  [http-nio-8080-exec-3] o.s.w.s.m.m.a.ExceptionHandlerExceptionResolver - Resolved [org.springframework.web.HttpRequestMethodNotSupportedException: Request method 'GET' is not supported]
2026-05-13 17:29:54.019 WARN  [http-nio-8080-exec-10] o.s.w.s.m.m.a.ExceptionHandlerExceptionResolver - Resolved [org.springframework.web.HttpRequestMethodNotSupportedException: Request method 'GET' is not supported]
2026-05-13 17:29:54.031 WARN  [http-nio-8080-exec-7] o.s.w.s.m.m.a.ExceptionHandlerExceptionResolver - Resolved [org.springframework.web.HttpRequestMethodNotSupportedException: Request method 'GET' is not supported]
2026-05-13 17:29:54.046 WARN  [http-nio-8080-exec-9] o.s.w.s.m.m.a.ExceptionHandlerExceptionResolver - Resolved [org.springframework.web.HttpRequestMethodNotSupportedException: Request method 'GET' is not supported]
2026-05-13 17:29:54.058 WARN  [http-nio-8080-exec-6] o.s.w.s.m.m.a.ExceptionHandlerExceptionResolver - Resolved [org.springframework.web.HttpRequestMethodNotSupportedException: Request method 'GET' is not supported]
2026-05-13 17:29:54.082 WARN  [http-nio-8080-exec-3] o.s.w.s.m.m.a.ExceptionHandlerExceptionResolver - Resolved [org.springframework.web.HttpRequestMethodNotSupportedException: Request method 'GET' is not supported]
2026-05-13 17:29:54.098 WARN  [http-nio-8080-exec-10] o.s.w.s.m.m.a.ExceptionHandlerExceptionResolver - Resolved [org.springframework.web.HttpRequestMethodNotSupportedException: Request method 'GET' is not supported]
2026-05-13 17:29:54.114 WARN  [http-nio-8080-exec-2] o.s.w.s.m.m.a.ExceptionHandlerExceptionResolver - Resolved [org.springframework.web.HttpRequestMethodNotSupportedException: Request method 'GET' is not supported]
2026-05-13 17:29:54.128 WARN  [http-nio-8080-exec-9] o.s.w.s.m.m.a.ExceptionHandlerExceptionResolver - Resolved [org.springframework.web.HttpRequestMethodNotSupportedException: Request method 'GET' is not supported]
2026-05-13 17:29:54.146 WARN  [http-nio-8080-exec-4] o.s.w.s.m.m.a.ExceptionHandlerExceptionResolver - Resolved [org.springframework.web.HttpRequestMethodNotSupportedException: Request method 'GET' is not supported]
2026-05-13 17:29:54.161 WARN  [http-nio-8080-exec-3] o.s.w.s.m.m.a.ExceptionHandlerExceptionResolver - Resolved [org.springframework.web.HttpRequestMethodNotSupportedException: Request method 'GET' is not supported]
2026-05-13 17:29:54.177 WARN  [http-nio-8080-exec-10] o.s.w.s.m.m.a.ExceptionHandlerExceptionResolver - Resolved [org.springframework.web.HttpRequestMethodNotSupportedException: Request method 'GET' is not supported]
2026-05-13 17:29:54.189 WARN  [http-nio-8080-exec-2] o.s.w.s.m.m.a.ExceptionHandlerExceptionResolver - Resolved [org.springframework.web.HttpRequestMethodNotSupportedException: Request method 'GET' is not supported]
2026-05-13 17:29:54.211 WARN  [http-nio-8080-exec-9] o.s.w.s.m.m.a.ExceptionHandlerExceptionResolver - Resolved [org.springframework.web.HttpRequestMethodNotSupportedException: Request method 'GET' is not supported]
2026-05-13 17:29:54.233 WARN  [http-nio-8080-exec-4] o.s.w.s.m.m.a.ExceptionHandlerExceptionResolver - Resolved [org.springframework.web.HttpRequestMethodNotSupportedException: Request method 'GET' is not supported]
2026-05-13 17:29:54.236 WARN  [http-nio-8080-exec-3] o.s.w.s.m.m.a.ExceptionHandlerExceptionResolver - Resolved [org.springframework.web.HttpRequestMethodNotSupportedException: Request method 'GET' is not supported]
2026-05-13 17:29:54.261 WARN  [http-nio-8080-exec-10] o.s.w.s.m.m.a.ExceptionHandlerExceptionResolver - Resolved [org.springframework.web.HttpRequestMethodNotSupportedException: Request method 'GET' is not supported]
2026-05-13 17:29:54.274 WARN  [http-nio-8080-exec-2] o.s.w.s.m.m.a.ExceptionHandlerExceptionResolver - Resolved [org.springframework.web.HttpRequestMethodNotSupportedException: Request method 'GET' is not supported]
2026-05-13 17:29:54.286 WARN  [http-nio-8080-exec-9] o.s.w.s.m.m.a.ExceptionHandlerExceptionResolver - Resolved [org.springframework.web.HttpRequestMethodNotSupportedException: Request method 'GET' is not supported]
2026-05-13 17:29:54.307 WARN  [http-nio-8080-exec-4] o.s.w.s.m.m.a.ExceptionHandlerExceptionResolver - Resolved [org.springframework.web.HttpRequestMethodNotSupportedException: Request method 'GET' is not supported]
2026-05-13 17:29:54.324 WARN  [http-nio-8080-exec-3] o.s.w.s.m.m.a.ExceptionHandlerExceptionResolver - Resolved [org.springframework.web.HttpRequestMethodNotSupportedException: Request method 'GET' is not supported]
2026-05-13 17:29:54.340 WARN  [http-nio-8080-exec-10] o.s.w.s.m.m.a.ExceptionHandlerExceptionResolver - Resolved [org.springframework.web.HttpRequestMethodNotSupportedException: Request method 'GET' is not supported]
2026-05-13 17:29:54.356 WARN  [http-nio-8080-exec-2] o.s.w.s.m.m.a.ExceptionHandlerExceptionResolver - Resolved [org.springframework.web.HttpRequestMethodNotSupportedException: Request method 'GET' is not supported]
2026-05-13 17:29:54.374 WARN  [http-nio-8080-exec-9] o.s.w.s.m.m.a.ExceptionHandlerExceptionResolver - Resolved [org.springframework.web.HttpRequestMethodNotSupportedException: Request method 'GET' is not supported]
2026-05-13 17:29:54.386 WARN  [http-nio-8080-exec-4] o.s.w.s.m.m.a.ExceptionHandlerExceptionResolver - Resolved [org.springframework.web.HttpRequestMethodNotSupportedException: Request method 'GET' is not supported]
2026-05-13 17:29:54.401 WARN  [http-nio-8080-exec-6] o.s.w.s.m.m.a.ExceptionHandlerExceptionResolver - Resolved [org.springframework.web.HttpRequestMethodNotSupportedException: Request method 'GET' is not supported]
2026-05-13 17:29:54.416 WARN  [http-nio-8080-exec-8] o.s.w.s.m.m.a.ExceptionHandlerExceptionResolver - Resolved [org.springframework.web.HttpRequestMethodNotSupportedException: Request method 'GET' is not supported]
2026-05-13 17:29:54.436 WARN  [http-nio-8080-exec-2] o.s.w.s.m.m.a.ExceptionHandlerExceptionResolver - Resolved [org.springframework.web.HttpRequestMethodNotSupportedException: Request method 'GET' is not supported]
2026-05-13 17:29:54.448 WARN  [http-nio-8080-exec-9] o.s.w.s.m.m.a.ExceptionHandlerExceptionResolver - Resolved [org.springframework.web.HttpRequestMethodNotSupportedException: Request method 'GET' is not supported]
2026-05-13 17:29:54.466 WARN  [http-nio-8080-exec-4] o.s.w.s.m.m.a.ExceptionHandlerExceptionResolver - Resolved [org.springframework.web.HttpRequestMethodNotSupportedException: Request method 'GET' is not supported]
2026-05-13 17:29:54.486 WARN  [http-nio-8080-exec-6] o.s.w.s.m.m.a.ExceptionHandlerExceptionResolver - Resolved [org.springframework.web.HttpRequestMethodNotSupportedException: Request method 'GET' is not supported]
2026-05-13 17:29:54.500 WARN  [http-nio-8080-exec-8] o.s.w.s.m.m.a.ExceptionHandlerExceptionResolver - Resolved [org.springframework.web.HttpRequestMethodNotSupportedException: Request method 'GET' is not supported]
2026-05-13 17:29:54.516 WARN  [http-nio-8080-exec-2] o.s.w.s.m.m.a.ExceptionHandlerExceptionResolver - Resolved [org.springframework.web.HttpRequestMethodNotSupportedException: Request method 'GET' is not supported]
2026-05-13 17:29:54.528 WARN  [http-nio-8080-exec-9] o.s.w.s.m.m.a.ExceptionHandlerExceptionResolver - Resolved [org.springframework.web.HttpRequestMethodNotSupportedException: Request method 'GET' is not supported]
2026-05-13 17:29:54.552 WARN  [http-nio-8080-exec-4] o.s.w.s.m.m.a.ExceptionHandlerExceptionResolver - Resolved [org.springframework.web.HttpRequestMethodNotSupportedException: Request method 'GET' is not supported]
2026-05-13 17:29:54.564 WARN  [http-nio-8080-exec-6] o.s.w.s.m.m.a.ExceptionHandlerExceptionResolver - Resolved [org.springframework.web.HttpRequestMethodNotSupportedException: Request method 'GET' is not supported]
2026-05-13 17:29:54.582 WARN  [http-nio-8080-exec-3] o.s.w.s.m.m.a.ExceptionHandlerExceptionResolver - Resolved [org.springframework.web.HttpRequestMethodNotSupportedException: Request method 'GET' is not supported]
2026-05-13 17:29:54.600 WARN  [http-nio-8080-exec-10] o.s.w.s.m.m.a.ExceptionHandlerExceptionResolver - Resolved [org.springframework.web.HttpRequestMethodNotSupportedException: Request method 'GET' is not supported]
2026-05-13 17:29:54.616 WARN  [http-nio-8080-exec-1] o.s.w.s.m.m.a.ExceptionHandlerExceptionResolver - Resolved [org.springframework.web.HttpRequestMethodNotSupportedException: Request method 'GET' is not supported]
2026-05-13 17:29:54.628 WARN  [http-nio-8080-exec-7] o.s.w.s.m.m.a.ExceptionHandlerExceptionResolver - Resolved [org.springframework.web.HttpRequestMethodNotSupportedException: Request method 'GET' is not supported]
2026-05-13 17:29:54.661 WARN  [http-nio-8080-exec-6] o.s.w.s.m.m.a.ExceptionHandlerExceptionResolver - Resolved [org.springframework.web.HttpRequestMethodNotSupportedException: Request method 'GET' is not supported]
2026-05-13 17:29:54.670 WARN  [http-nio-8080-exec-3] o.s.w.s.m.m.a.ExceptionHandlerExceptionResolver - Resolved [org.springframework.web.HttpRequestMethodNotSupportedException: Request method 'GET' is not supported]
2026-05-13 17:29:54.691 WARN  [http-nio-8080-exec-10] o.s.w.s.m.m.a.ExceptionHandlerExceptionResolver - Resolved [org.springframework.web.HttpRequestMethodNotSupportedException: Request method 'GET' is not supported]
2026-05-13 17:29:54.706 WARN  [http-nio-8080-exec-1] o.s.w.s.m.m.a.ExceptionHandlerExceptionResolver - Resolved [org.springframework.web.HttpRequestMethodNotSupportedException: Request method 'GET' is not supported]
2026-05-13 17:29:54.722 WARN  [http-nio-8080-exec-9] o.s.w.s.m.m.a.ExceptionHandlerExceptionResolver - Resolved [org.springframework.web.HttpRequestMethodNotSupportedException: Request method 'GET' is not supported]
2026-05-13 17:29:54.755 WARN  [http-nio-8080-exec-4] o.s.w.s.m.m.a.ExceptionHandlerExceptionResolver - Resolved [org.springframework.web.HttpRequestMethodNotSupportedException: Request method 'GET' is not supported]
2026-05-13 17:29:54.770 WARN  [http-nio-8080-exec-5] o.s.w.s.m.m.a.ExceptionHandlerExceptionResolver - Resolved [org.springframework.web.HttpRequestMethodNotSupportedException: Request method 'GET' is not supported]
2026-05-13 17:29:54.780 WARN  [http-nio-8080-exec-8] o.s.w.s.m.m.a.ExceptionHandlerExceptionResolver - Resolved [org.springframework.web.HttpRequestMethodNotSupportedException: Request method 'GET' is not supported]
2026-05-13 17:29:54.796 WARN  [http-nio-8080-exec-1] o.s.w.s.m.m.a.ExceptionHandlerExceptionResolver - Resolved [org.springframework.web.HttpRequestMethodNotSupportedException: Request method 'GET' is not supported]
2026-05-13 17:29:54.812 WARN  [http-nio-8080-exec-9] o.s.w.s.m.m.a.ExceptionHandlerExceptionResolver - Resolved [org.springframework.web.HttpRequestMethodNotSupportedException: Request method 'GET' is not supported]
2026-05-13 17:29:54.827 WARN  [http-nio-8080-exec-7] o.s.w.s.m.m.a.ExceptionHandlerExceptionResolver - Resolved [org.springframework.web.HttpRequestMethodNotSupportedException: Request method 'GET' is not supported]
2026-05-13 17:29:54.840 WARN  [http-nio-8080-exec-6] o.s.w.s.m.m.a.ExceptionHandlerExceptionResolver - Resolved [org.springframework.web.HttpRequestMethodNotSupportedException: Request method 'GET' is not supported]
2026-05-13 17:29:54.855 WARN  [http-nio-8080-exec-3] o.s.w.s.m.m.a.ExceptionHandlerExceptionResolver - Resolved [org.springframework.web.HttpRequestMethodNotSupportedException: Request method 'GET' is not supported]
2026-05-13 17:29:54.870 WARN  [http-nio-8080-exec-10] o.s.w.s.m.m.a.ExceptionHandlerExceptionResolver - Resolved [org.springframework.web.HttpRequestMethodNotSupportedException: Request method 'GET' is not supported]
2026-05-13 17:29:54.883 WARN  [http-nio-8080-exec-9] o.s.w.s.m.m.a.ExceptionHandlerExceptionResolver - Resolved [org.springframework.web.HttpRequestMethodNotSupportedException: Request method 'GET' is not supported]
2026-05-13 17:29:54.899 WARN  [http-nio-8080-exec-7] o.s.w.s.m.m.a.ExceptionHandlerExceptionResolver - Resolved [org.springframework.web.HttpRequestMethodNotSupportedException: Request method 'GET' is not supported]
2026-05-13 17:29:54.914 WARN  [http-nio-8080-exec-6] o.s.w.s.m.m.a.ExceptionHandlerExceptionResolver - Resolved [org.springframework.web.HttpRequestMethodNotSupportedException: Request method 'GET' is not supported]
2026-05-13 17:29:54.930 WARN  [http-nio-8080-exec-3] o.s.w.s.m.m.a.ExceptionHandlerExceptionResolver - Resolved [org.springframework.web.HttpRequestMethodNotSupportedException: Request method 'GET' is not supported]
2026-05-13 17:29:54.946 WARN  [http-nio-8080-exec-10] o.s.w.s.m.m.a.ExceptionHandlerExceptionResolver - Resolved [org.springframework.web.HttpRequestMethodNotSupportedException: Request method 'GET' is not supported]
2026-05-13 17:29:54.962 WARN  [http-nio-8080-exec-1] o.s.w.s.m.m.a.ExceptionHandlerExceptionResolver - Resolved [org.springframework.web.HttpRequestMethodNotSupportedException: Request method 'GET' is not supported]
2026-05-13 17:29:54.975 WARN  [http-nio-8080-exec-2] o.s.w.s.m.m.a.ExceptionHandlerExceptionResolver - Resolved [org.springframework.web.HttpRequestMethodNotSupportedException: Request method 'GET' is not supported]
2026-05-13 17:29:54.993 WARN  [http-nio-8080-exec-4] o.s.w.s.m.m.a.ExceptionHandlerExceptionResolver - Resolved [org.springframework.web.HttpRequestMethodNotSupportedException: Request method 'GET' is not supported]
2026-05-13 17:29:55.009 WARN  [http-nio-8080-exec-5] o.s.w.s.m.m.a.ExceptionHandlerExceptionResolver - Resolved [org.springframework.web.HttpRequestMethodNotSupportedException: Request method 'GET' is not supported]
2026-05-13 17:29:55.024 WARN  [http-nio-8080-exec-10] o.s.w.s.m.m.a.ExceptionHandlerExceptionResolver - Resolved [org.springframework.web.HttpRequestMethodNotSupportedException: Request method 'GET' is not supported]
2026-05-13 17:29:55.036 WARN  [http-nio-8080-exec-1] o.s.w.s.m.m.a.ExceptionHandlerExceptionResolver - Resolved [org.springframework.web.HttpRequestMethodNotSupportedException: Request method 'GET' is not supported]
2026-05-13 17:29:55.057 WARN  [http-nio-8080-exec-9] o.s.w.s.m.m.a.ExceptionHandlerExceptionResolver - Resolved [org.springframework.web.HttpRequestMethodNotSupportedException: Request method 'GET' is not supported]
2026-05-13 17:29:55.072 WARN  [http-nio-8080-exec-7] o.s.w.s.m.m.a.ExceptionHandlerExceptionResolver - Resolved [org.springframework.web.HttpRequestMethodNotSupportedException: Request method 'GET' is not supported]
2026-05-13 17:29:55.084 WARN  [http-nio-8080-exec-6] o.s.w.s.m.m.a.ExceptionHandlerExceptionResolver - Resolved [org.springframework.web.HttpRequestMethodNotSupportedException: Request method 'GET' is not supported]
2026-05-13 17:29:55.097 WARN  [http-nio-8080-exec-3] o.s.w.s.m.m.a.ExceptionHandlerExceptionResolver - Resolved [org.springframework.web.HttpRequestMethodNotSupportedException: Request method 'GET' is not supported]
2026-05-13 17:29:55.111 WARN  [http-nio-8080-exec-1] o.s.w.s.m.m.a.ExceptionHandlerExceptionResolver - Resolved [org.springframework.web.HttpRequestMethodNotSupportedException: Request method 'GET' is not supported]
2026-05-13 17:29:55.125 WARN  [http-nio-8080-exec-9] o.s.w.s.m.m.a.ExceptionHandlerExceptionResolver - Resolved [org.springframework.web.HttpRequestMethodNotSupportedException: Request method 'GET' is not supported]
2026-05-13 17:29:55.142 WARN  [http-nio-8080-exec-2] o.s.w.s.m.m.a.ExceptionHandlerExceptionResolver - Resolved [org.springframework.web.HttpRequestMethodNotSupportedException: Request method 'GET' is not supported]
2026-05-13 17:29:55.161 WARN  [http-nio-8080-exec-4] o.s.w.s.m.m.a.ExceptionHandlerExceptionResolver - Resolved [org.springframework.web.HttpRequestMethodNotSupportedException: Request method 'GET' is not supported]
2026-05-13 17:29:55.172 WARN  [http-nio-8080-exec-5] o.s.w.s.m.m.a.ExceptionHandlerExceptionResolver - Resolved [org.springframework.web.HttpRequestMethodNotSupportedException: Request method 'GET' is not supported]
2026-05-13 17:29:55.191 WARN  [http-nio-8080-exec-10] o.s.w.s.m.m.a.ExceptionHandlerExceptionResolver - Resolved [org.springframework.web.HttpRequestMethodNotSupportedException: Request method 'GET' is not supported]
2026-05-13 17:29:55.203 WARN  [http-nio-8080-exec-9] o.s.w.s.m.m.a.ExceptionHandlerExceptionResolver - Resolved [org.springframework.web.HttpRequestMethodNotSupportedException: Request method 'GET' is not supported]
2026-05-13 17:29:55.220 WARN  [http-nio-8080-exec-2] o.s.w.s.m.m.a.ExceptionHandlerExceptionResolver - Resolved [org.springframework.web.HttpRequestMethodNotSupportedException: Request method 'GET' is not supported]
2026-05-13 17:29:55.233 WARN  [http-nio-8080-exec-4] o.s.w.s.m.m.a.ExceptionHandlerExceptionResolver - Resolved [org.springframework.web.HttpRequestMethodNotSupportedException: Request method 'GET' is not supported]
2026-05-13 17:29:55.248 WARN  [http-nio-8080-exec-5] o.s.w.s.m.m.a.ExceptionHandlerExceptionResolver - Resolved [org.springframework.web.HttpRequestMethodNotSupportedException: Request method 'GET' is not supported]
2026-05-13 17:29:55.262 WARN  [http-nio-8080-exec-10] o.s.w.s.m.m.a.ExceptionHandlerExceptionResolver - Resolved [org.springframework.web.HttpRequestMethodNotSupportedException: Request method 'GET' is not supported]
2026-05-13 17:29:55.272 WARN  [http-nio-8080-exec-1] o.s.w.s.m.m.a.ExceptionHandlerExceptionResolver - Resolved [org.springframework.web.HttpRequestMethodNotSupportedException: Request method 'GET' is not supported]
2026-05-13 17:29:55.294 WARN  [http-nio-8080-exec-8] o.s.w.s.m.m.a.ExceptionHandlerExceptionResolver - Resolved [org.springframework.web.HttpRequestMethodNotSupportedException: Request method 'GET' is not supported]
2026-05-13 17:29:55.303 WARN  [http-nio-8080-exec-7] o.s.w.s.m.m.a.ExceptionHandlerExceptionResolver - Resolved [org.springframework.web.HttpRequestMethodNotSupportedException: Request method 'GET' is not supported]
2026-05-13 17:29:55.324 WARN  [http-nio-8080-exec-6] o.s.w.s.m.m.a.ExceptionHandlerExceptionResolver - Resolved [org.springframework.web.HttpRequestMethodNotSupportedException: Request method 'GET' is not supported]
2026-05-13 17:29:55.336 WARN  [http-nio-8080-exec-3] o.s.w.s.m.m.a.ExceptionHandlerExceptionResolver - Resolved [org.springframework.web.HttpRequestMethodNotSupportedException: Request method 'GET' is not supported]
2026-05-13 17:29:55.355 WARN  [http-nio-8080-exec-1] o.s.w.s.m.m.a.ExceptionHandlerExceptionResolver - Resolved [org.springframework.web.HttpRequestMethodNotSupportedException: Request method 'GET' is not supported]
2026-05-13 17:29:55.369 WARN  [http-nio-8080-exec-9] o.s.w.s.m.m.a.ExceptionHandlerExceptionResolver - Resolved [org.springframework.web.HttpRequestMethodNotSupportedException: Request method 'GET' is not supported]
2026-05-13 17:29:55.393 WARN  [http-nio-8080-exec-2] o.s.w.s.m.m.a.ExceptionHandlerExceptionResolver - Resolved [org.springframework.web.HttpRequestMethodNotSupportedException: Request method 'GET' is not supported]
2026-05-13 17:29:55.407 WARN  [http-nio-8080-exec-4] o.s.w.s.m.m.a.ExceptionHandlerExceptionResolver - Resolved [org.springframework.web.HttpRequestMethodNotSupportedException: Request method 'GET' is not supported]
2026-05-13 17:29:55.419 WARN  [http-nio-8080-exec-5] o.s.w.s.m.m.a.ExceptionHandlerExceptionResolver - Resolved [org.springframework.web.HttpRequestMethodNotSupportedException: Request method 'GET' is not supported]
2026-05-13 17:29:55.437 WARN  [http-nio-8080-exec-1] o.s.w.s.m.m.a.ExceptionHandlerExceptionResolver - Resolved [org.springframework.web.HttpRequestMethodNotSupportedException: Request method 'GET' is not supported]
2026-05-13 17:29:55.452 WARN  [http-nio-8080-exec-9] o.s.w.s.m.m.a.ExceptionHandlerExceptionResolver - Resolved [org.springframework.web.HttpRequestMethodNotSupportedException: Request method 'GET' is not supported]
2026-05-13 17:29:55.463 WARN  [http-nio-8080-exec-2] o.s.w.s.m.m.a.ExceptionHandlerExceptionResolver - Resolved [org.springframework.web.HttpRequestMethodNotSupportedException: Request method 'GET' is not supported]
2026-05-13 17:29:55.473 WARN  [http-nio-8080-exec-4] o.s.w.s.m.m.a.ExceptionHandlerExceptionResolver - Resolved [org.springframework.web.HttpRequestMethodNotSupportedException: Request method 'GET' is not supported]
2026-05-13 17:29:55.495 WARN  [http-nio-8080-exec-6] o.s.w.s.m.m.a.ExceptionHandlerExceptionResolver - Resolved [org.springframework.web.HttpRequestMethodNotSupportedException: Request method 'GET' is not supported]
2026-05-13 17:29:55.515 WARN  [http-nio-8080-exec-1] o.s.w.s.m.m.a.ExceptionHandlerExceptionResolver - Resolved [org.springframework.web.HttpRequestMethodNotSupportedException: Request method 'GET' is not supported]
2026-05-13 17:29:55.531 WARN  [http-nio-8080-exec-10] o.s.w.s.m.m.a.ExceptionHandlerExceptionResolver - Resolved [org.springframework.web.HttpRequestMethodNotSupportedException: Request method 'GET' is not supported]
2026-05-13 17:29:55.546 WARN  [http-nio-8080-exec-8] o.s.w.s.m.m.a.ExceptionHandlerExceptionResolver - Resolved [org.springframework.web.HttpRequestMethodNotSupportedException: Request method 'GET' is not supported]
2026-05-13 17:29:55.560 WARN  [http-nio-8080-exec-4] o.s.w.s.m.m.a.ExceptionHandlerExceptionResolver - Resolved [org.springframework.web.HttpRequestMethodNotSupportedException: Request method 'GET' is not supported]
2026-05-13 17:29:55.578 WARN  [http-nio-8080-exec-5] o.s.w.s.m.m.a.ExceptionHandlerExceptionResolver - Resolved [org.springframework.web.HttpRequestMethodNotSupportedException: Request method 'GET' is not supported]
2026-05-13 17:29:55.592 WARN  [http-nio-8080-exec-1] o.s.w.s.m.m.a.ExceptionHandlerExceptionResolver - Resolved [org.springframework.web.HttpRequestMethodNotSupportedException: Request method 'GET' is not supported]
2026-05-13 17:29:55.610 WARN  [http-nio-8080-exec-10] o.s.w.s.m.m.a.ExceptionHandlerExceptionResolver - Resolved [org.springframework.web.HttpRequestMethodNotSupportedException: Request method 'GET' is not supported]
2026-05-13 17:29:55.634 WARN  [http-nio-8080-exec-9] o.s.w.s.m.m.a.ExceptionHandlerExceptionResolver - Resolved [org.springframework.web.HttpRequestMethodNotSupportedException: Request method 'GET' is not supported]
2026-05-13 17:29:55.653 WARN  [http-nio-8080-exec-2] o.s.w.s.m.m.a.ExceptionHandlerExceptionResolver - Resolved [org.springframework.web.HttpRequestMethodNotSupportedException: Request method 'GET' is not supported]
2026-05-13 17:29:55.672 WARN  [http-nio-8080-exec-7] o.s.w.s.m.m.a.ExceptionHandlerExceptionResolver - Resolved [org.springframework.web.HttpRequestMethodNotSupportedException: Request method 'GET' is not supported]
2026-05-13 17:29:55.693 WARN  [http-nio-8080-exec-6] o.s.w.s.m.m.a.ExceptionHandlerExceptionResolver - Resolved [org.springframework.web.HttpRequestMethodNotSupportedException: Request method 'GET' is not supported]
2026-05-13 17:29:55.707 WARN  [http-nio-8080-exec-10] o.s.w.s.m.m.a.ExceptionHandlerExceptionResolver - Resolved [org.springframework.web.HttpRequestMethodNotSupportedException: Request method 'GET' is not supported]
2026-05-13 17:29:55.726 WARN  [http-nio-8080-exec-9] o.s.w.s.m.m.a.ExceptionHandlerExceptionResolver - Resolved [org.springframework.web.HttpRequestMethodNotSupportedException: Request method 'GET' is not supported]
2026-05-13 17:29:55.742 WARN  [http-nio-8080-exec-2] o.s.w.s.m.m.a.ExceptionHandlerExceptionResolver - Resolved [org.springframework.web.HttpRequestMethodNotSupportedException: Request method 'GET' is not supported]
2026-05-13 17:29:55.759 WARN  [http-nio-8080-exec-7] o.s.w.s.m.m.a.ExceptionHandlerExceptionResolver - Resolved [org.springframework.web.HttpRequestMethodNotSupportedException: Request method 'GET' is not supported]
2026-05-13 17:29:55.770 WARN  [http-nio-8080-exec-6] o.s.w.s.m.m.a.ExceptionHandlerExceptionResolver - Resolved [org.springframework.web.HttpRequestMethodNotSupportedException: Request method 'GET' is not supported]
2026-05-13 17:29:55.786 WARN  [http-nio-8080-exec-10] o.s.w.s.m.m.a.ExceptionHandlerExceptionResolver - Resolved [org.springframework.web.HttpRequestMethodNotSupportedException: Request method 'GET' is not supported]
2026-05-13 17:29:55.804 WARN  [http-nio-8080-exec-9] o.s.w.s.m.m.a.ExceptionHandlerExceptionResolver - Resolved [org.springframework.web.HttpRequestMethodNotSupportedException: Request method 'GET' is not supported]
2026-05-13 17:29:55.820 WARN  [http-nio-8080-exec-8] o.s.w.s.m.m.a.ExceptionHandlerExceptionResolver - Resolved [org.springframework.web.HttpRequestMethodNotSupportedException: Request method 'GET' is not supported]
2026-05-13 17:29:55.836 WARN  [http-nio-8080-exec-4] o.s.w.s.m.m.a.ExceptionHandlerExceptionResolver - Resolved [org.springframework.web.HttpRequestMethodNotSupportedException: Request method 'GET' is not supported]
2026-05-13 17:29:55.856 WARN  [http-nio-8080-exec-5] o.s.w.s.m.m.a.ExceptionHandlerExceptionResolver - Resolved [org.springframework.web.HttpRequestMethodNotSupportedException: Request method 'GET' is not supported]
2026-05-13 17:29:55.870 WARN  [http-nio-8080-exec-1] o.s.w.s.m.m.a.ExceptionHandlerExceptionResolver - Resolved [org.springframework.web.HttpRequestMethodNotSupportedException: Request method 'GET' is not supported]
2026-05-13 17:29:55.886 WARN  [http-nio-8080-exec-9] o.s.w.s.m.m.a.ExceptionHandlerExceptionResolver - Resolved [org.springframework.web.HttpRequestMethodNotSupportedException: Request method 'GET' is not supported]
2026-05-13 17:29:55.901 WARN  [http-nio-8080-exec-8] o.s.w.s.m.m.a.ExceptionHandlerExceptionResolver - Resolved [org.springframework.web.HttpRequestMethodNotSupportedException: Request method 'GET' is not supported]
2026-05-13 17:29:55.912 WARN  [http-nio-8080-exec-4] o.s.w.s.m.m.a.ExceptionHandlerExceptionResolver - Resolved [org.springframework.web.HttpRequestMethodNotSupportedException: Request method 'GET' is not supported]
2026-05-13 17:29:55.928 WARN  [http-nio-8080-exec-5] o.s.w.s.m.m.a.ExceptionHandlerExceptionResolver - Resolved [org.springframework.web.HttpRequestMethodNotSupportedException: Request method 'GET' is not supported]
2026-05-13 17:29:55.941 WARN  [http-nio-8080-exec-1] o.s.w.s.m.m.a.ExceptionHandlerExceptionResolver - Resolved [org.springframework.web.HttpRequestMethodNotSupportedException: Request method 'GET' is not supported]
2026-05-13 17:29:55.953 WARN  [http-nio-8080-exec-9] o.s.w.s.m.m.a.ExceptionHandlerExceptionResolver - Resolved [org.springframework.web.HttpRequestMethodNotSupportedException: Request method 'GET' is not supported]
2026-05-13 17:29:55.976 WARN  [http-nio-8080-exec-3] o.s.w.s.m.m.a.ExceptionHandlerExceptionResolver - Resolved [org.springframework.web.HttpRequestMethodNotSupportedException: Request method 'GET' is not supported]
2026-05-13 17:29:55.991 WARN  [http-nio-8080-exec-2] o.s.w.s.m.m.a.ExceptionHandlerExceptionResolver - Resolved [org.springframework.web.HttpRequestMethodNotSupportedException: Request method 'GET' is not supported]
2026-05-13 17:29:56.006 WARN  [http-nio-8080-exec-7] o.s.w.s.m.m.a.ExceptionHandlerExceptionResolver - Resolved [org.springframework.web.HttpRequestMethodNotSupportedException: Request method 'GET' is not supported]
2026-05-13 17:29:56.020 WARN  [http-nio-8080-exec-6] o.s.w.s.m.m.a.ExceptionHandlerExceptionResolver - Resolved [org.springframework.web.HttpRequestMethodNotSupportedException: Request method 'GET' is not supported]
2026-05-13 17:29:56.035 WARN  [http-nio-8080-exec-9] o.s.w.s.m.m.a.ExceptionHandlerExceptionResolver - Resolved [org.springframework.web.HttpRequestMethodNotSupportedException: Request method 'GET' is not supported]
2026-05-13 17:29:56.046 WARN  [http-nio-8080-exec-3] o.s.w.s.m.m.a.ExceptionHandlerExceptionResolver - Resolved [org.springframework.web.HttpRequestMethodNotSupportedException: Request method 'GET' is not supported]
2026-05-13 17:29:56.062 WARN  [http-nio-8080-exec-2] o.s.w.s.m.m.a.ExceptionHandlerExceptionResolver - Resolved [org.springframework.web.HttpRequestMethodNotSupportedException: Request method 'GET' is not supported]
2026-05-13 17:29:56.083 WARN  [http-nio-8080-exec-7] o.s.w.s.m.m.a.ExceptionHandlerExceptionResolver - Resolved [org.springframework.web.HttpRequestMethodNotSupportedException: Request method 'GET' is not supported]
2026-05-13 17:29:56.103 WARN  [http-nio-8080-exec-5] o.s.w.s.m.m.a.ExceptionHandlerExceptionResolver - Resolved [org.springframework.web.HttpRequestMethodNotSupportedException: Request method 'GET' is not supported]
2026-05-13 17:29:56.120 WARN  [http-nio-8080-exec-1] o.s.w.s.m.m.a.ExceptionHandlerExceptionResolver - Resolved [org.springframework.web.HttpRequestMethodNotSupportedException: Request method 'GET' is not supported]
2026-05-13 17:29:56.136 WARN  [http-nio-8080-exec-10] o.s.w.s.m.m.a.ExceptionHandlerExceptionResolver - Resolved [org.springframework.web.HttpRequestMethodNotSupportedException: Request method 'GET' is not supported]
2026-05-13 17:29:56.153 WARN  [http-nio-8080-exec-8] o.s.w.s.m.m.a.ExceptionHandlerExceptionResolver - Resolved [org.springframework.web.HttpRequestMethodNotSupportedException: Request method 'GET' is not supported]
2026-05-13 17:29:56.165 WARN  [http-nio-8080-exec-4] o.s.w.s.m.m.a.ExceptionHandlerExceptionResolver - Resolved [org.springframework.web.HttpRequestMethodNotSupportedException: Request method 'GET' is not supported]
2026-05-13 17:29:56.186 WARN  [http-nio-8080-exec-5] o.s.w.s.m.m.a.ExceptionHandlerExceptionResolver - Resolved [org.springframework.web.HttpRequestMethodNotSupportedException: Request method 'GET' is not supported]
2026-05-13 17:29:56.203 WARN  [http-nio-8080-exec-1] o.s.w.s.m.m.a.ExceptionHandlerExceptionResolver - Resolved [org.springframework.web.HttpRequestMethodNotSupportedException: Request method 'GET' is not supported]
2026-05-13 17:29:56.220 WARN  [http-nio-8080-exec-10] o.s.w.s.m.m.a.ExceptionHandlerExceptionResolver - Resolved [org.springframework.web.HttpRequestMethodNotSupportedException: Request method 'GET' is not supported]
2026-05-13 17:29:56.240 WARN  [http-nio-8080-exec-8] o.s.w.s.m.m.a.ExceptionHandlerExceptionResolver - Resolved [org.springframework.web.HttpRequestMethodNotSupportedException: Request method 'GET' is not supported]
2026-05-13 17:29:56.252 WARN  [http-nio-8080-exec-4] o.s.w.s.m.m.a.ExceptionHandlerExceptionResolver - Resolved [org.springframework.web.HttpRequestMethodNotSupportedException: Request method 'GET' is not supported]
2026-05-13 17:29:56.269 WARN  [http-nio-8080-exec-5] o.s.w.s.m.m.a.ExceptionHandlerExceptionResolver - Resolved [org.springframework.web.HttpRequestMethodNotSupportedException: Request method 'GET' is not supported]
2026-05-13 17:29:56.286 WARN  [http-nio-8080-exec-1] o.s.w.s.m.m.a.ExceptionHandlerExceptionResolver - Resolved [org.springframework.web.HttpRequestMethodNotSupportedException: Request method 'GET' is not supported]
2026-05-13 17:29:56.303 WARN  [http-nio-8080-exec-10] o.s.w.s.m.m.a.ExceptionHandlerExceptionResolver - Resolved [org.springframework.web.HttpRequestMethodNotSupportedException: Request method 'GET' is not supported]
2026-05-13 17:29:56.322 WARN  [http-nio-8080-exec-8] o.s.w.s.m.m.a.ExceptionHandlerExceptionResolver - Resolved [org.springframework.web.HttpRequestMethodNotSupportedException: Request method 'GET' is not supported]
2026-05-13 17:29:56.336 WARN  [http-nio-8080-exec-2] o.s.w.s.m.m.a.ExceptionHandlerExceptionResolver - Resolved [org.springframework.web.HttpRequestMethodNotSupportedException: Request method 'GET' is not supported]
2026-05-13 17:29:56.349 WARN  [http-nio-8080-exec-7] o.s.w.s.m.m.a.ExceptionHandlerExceptionResolver - Resolved [org.springframework.web.HttpRequestMethodNotSupportedException: Request method 'GET' is not supported]
2026-05-13 17:29:56.365 WARN  [http-nio-8080-exec-6] o.s.w.s.m.m.a.ExceptionHandlerExceptionResolver - Resolved [org.springframework.web.HttpRequestMethodNotSupportedException: Request method 'GET' is not supported]
2026-05-13 17:29:56.378 WARN  [http-nio-8080-exec-9] o.s.w.s.m.m.a.ExceptionHandlerExceptionResolver - Resolved [org.springframework.web.HttpRequestMethodNotSupportedException: Request method 'GET' is not supported]
2026-05-13 17:29:56.403 WARN  [http-nio-8080-exec-8] o.s.w.s.m.m.a.ExceptionHandlerExceptionResolver - Resolved [org.springframework.web.HttpRequestMethodNotSupportedException: Request method 'GET' is not supported]
2026-05-13 17:29:56.425 WARN  [http-nio-8080-exec-2] o.s.w.s.m.m.a.ExceptionHandlerExceptionResolver - Resolved [org.springframework.web.HttpRequestMethodNotSupportedException: Request method 'GET' is not supported]
2026-05-13 17:29:56.441 WARN  [http-nio-8080-exec-7] o.s.w.s.m.m.a.ExceptionHandlerExceptionResolver - Resolved [org.springframework.web.HttpRequestMethodNotSupportedException: Request method 'GET' is not supported]
2026-05-13 17:29:56.458 WARN  [http-nio-8080-exec-6] o.s.w.s.m.m.a.ExceptionHandlerExceptionResolver - Resolved [org.springframework.web.HttpRequestMethodNotSupportedException: Request method 'GET' is not supported]
2026-05-13 17:29:56.469 WARN  [http-nio-8080-exec-9] o.s.w.s.m.m.a.ExceptionHandlerExceptionResolver - Resolved [org.springframework.web.HttpRequestMethodNotSupportedException: Request method 'GET' is not supported]
2026-05-13 17:29:56.487 WARN  [http-nio-8080-exec-8] o.s.w.s.m.m.a.ExceptionHandlerExceptionResolver - Resolved [org.springframework.web.HttpRequestMethodNotSupportedException: Request method 'GET' is not supported]
2026-05-13 17:29:56.503 WARN  [http-nio-8080-exec-2] o.s.w.s.m.m.a.ExceptionHandlerExceptionResolver - Resolved [org.springframework.web.HttpRequestMethodNotSupportedException: Request method 'GET' is not supported]
2026-05-13 17:29:56.519 WARN  [http-nio-8080-exec-5] o.s.w.s.m.m.a.ExceptionHandlerExceptionResolver - Resolved [org.springframework.web.HttpRequestMethodNotSupportedException: Request method 'GET' is not supported]
2026-05-13 17:29:56.535 WARN  [http-nio-8080-exec-6] o.s.w.s.m.m.a.ExceptionHandlerExceptionResolver - Resolved [org.springframework.web.HttpRequestMethodNotSupportedException: Request method 'GET' is not supported]
2026-05-13 17:29:56.549 WARN  [http-nio-8080-exec-9] o.s.w.s.m.m.a.ExceptionHandlerExceptionResolver - Resolved [org.springframework.web.HttpRequestMethodNotSupportedException: Request method 'GET' is not supported]
2026-05-13 17:29:56.564 WARN  [http-nio-8080-exec-8] o.s.w.s.m.m.a.ExceptionHandlerExceptionResolver - Resolved [org.springframework.web.HttpRequestMethodNotSupportedException: Request method 'GET' is not supported]
2026-05-13 17:29:56.586 WARN  [http-nio-8080-exec-2] o.s.w.s.m.m.a.ExceptionHandlerExceptionResolver - Resolved [org.springframework.web.HttpRequestMethodNotSupportedException: Request method 'GET' is not supported]
2026-05-13 17:29:56.608 WARN  [http-nio-8080-exec-5] o.s.w.s.m.m.a.ExceptionHandlerExceptionResolver - Resolved [org.springframework.web.HttpRequestMethodNotSupportedException: Request method 'GET' is not supported]
2026-05-13 17:29:56.625 WARN  [http-nio-8080-exec-6] o.s.w.s.m.m.a.ExceptionHandlerExceptionResolver - Resolved [org.springframework.web.HttpRequestMethodNotSupportedException: Request method 'GET' is not supported]
2026-05-13 17:29:56.643 WARN  [http-nio-8080-exec-9] o.s.w.s.m.m.a.ExceptionHandlerExceptionResolver - Resolved [org.springframework.web.HttpRequestMethodNotSupportedException: Request method 'GET' is not supported]
2026-05-13 17:38:32.934 WARN  [http-nio-8080-exec-5] o.s.w.s.m.m.a.ExceptionHandlerExceptionResolver - Resolved [org.springframework.web.HttpRequestMethodNotSupportedException: Request method 'GET' is not supported]
2026-05-13 17:38:32.947 WARN  [http-nio-8080-exec-4] o.s.w.s.m.m.a.ExceptionHandlerExceptionResolver - Resolved [org.springframework.web.HttpRequestMethodNotSupportedException: Request method 'GET' is not supported]
2026-05-13 17:38:33.019 WARN  [http-nio-8080-exec-9] o.s.w.s.m.m.a.ExceptionHandlerExceptionResolver - Resolved [org.springframework.web.HttpRequestMethodNotSupportedException: Request method 'GET' is not supported]
2026-05-13 17:38:33.033 WARN  [http-nio-8080-exec-3] o.s.w.s.m.m.a.ExceptionHandlerExceptionResolver - Resolved [org.springframework.web.HttpRequestMethodNotSupportedException: Request method 'GET' is not supported]
2026-05-13 17:38:33.091 WARN  [http-nio-8080-exec-2] o.s.w.s.m.m.a.ExceptionHandlerExceptionResolver - Resolved [org.springframework.web.HttpRequestMethodNotSupportedException: Request method 'GET' is not supported]
2026-05-13 17:38:33.150 WARN  [http-nio-8080-exec-7] o.s.w.s.m.m.a.ExceptionHandlerExceptionResolver - Resolved [org.springframework.web.HttpRequestMethodNotSupportedException: Request method 'GET' is not supported]
2026-05-13 17:38:33.202 WARN  [http-nio-8080-exec-1] o.s.w.s.m.m.a.ExceptionHandlerExceptionResolver - Resolved [org.springframework.web.HttpRequestMethodNotSupportedException: Request method 'GET' is not supported]
2026-05-13 17:38:33.241 WARN  [http-nio-8080-exec-9] o.s.w.s.m.m.a.ExceptionHandlerExceptionResolver - Resolved [org.springframework.web.HttpRequestMethodNotSupportedException: Request method 'GET' is not supported]
2026-05-13 17:38:33.276 WARN  [http-nio-8080-exec-3] o.s.w.s.m.m.a.ExceptionHandlerExceptionResolver - Resolved [org.springframework.web.HttpRequestMethodNotSupportedException: Request method 'GET' is not supported]
2026-05-13 17:38:33.317 WARN  [http-nio-8080-exec-8] o.s.w.s.m.m.a.ExceptionHandlerExceptionResolver - Resolved [org.springframework.web.HttpRequestMethodNotSupportedException: Request method 'GET' is not supported]
2026-05-13 17:38:33.366 WARN  [http-nio-8080-exec-5] o.s.w.s.m.m.a.ExceptionHandlerExceptionResolver - Resolved [org.springframework.web.HttpRequestMethodNotSupportedException: Request method 'GET' is not supported]
2026-05-13 17:38:33.424 WARN  [http-nio-8080-exec-1] o.s.w.s.m.m.a.ExceptionHandlerExceptionResolver - Resolved [org.springframework.web.HttpRequestMethodNotSupportedException: Request method 'GET' is not supported]
2026-05-13 17:38:33.458 WARN  [http-nio-8080-exec-9] o.s.w.s.m.m.a.ExceptionHandlerExceptionResolver - Resolved [org.springframework.web.HttpRequestMethodNotSupportedException: Request method 'GET' is not supported]
2026-05-13 17:38:33.506 WARN  [http-nio-8080-exec-10] o.s.w.s.m.m.a.ExceptionHandlerExceptionResolver - Resolved [org.springframework.web.HttpRequestMethodNotSupportedException: Request method 'GET' is not supported]
2026-05-13 17:38:33.563 WARN  [http-nio-8080-exec-8] o.s.w.s.m.m.a.ExceptionHandlerExceptionResolver - Resolved [org.springframework.web.HttpRequestMethodNotSupportedException: Request method 'GET' is not supported]
2026-05-13 17:38:33.624 WARN  [http-nio-8080-exec-7] o.s.w.s.m.m.a.ExceptionHandlerExceptionResolver - Resolved [org.springframework.web.HttpRequestMethodNotSupportedException: Request method 'GET' is not supported]
2026-05-13 17:38:33.676 WARN  [http-nio-8080-exec-4] o.s.w.s.m.m.a.ExceptionHandlerExceptionResolver - Resolved [org.springframework.web.HttpRequestMethodNotSupportedException: Request method 'GET' is not supported]
2026-05-13 17:38:33.716 WARN  [http-nio-8080-exec-6] o.s.w.s.m.m.a.ExceptionHandlerExceptionResolver - Resolved [org.springframework.web.HttpRequestMethodNotSupportedException: Request method 'GET' is not supported]
2026-05-13 17:38:33.764 WARN  [http-nio-8080-exec-3] o.s.w.s.m.m.a.ExceptionHandlerExceptionResolver - Resolved [org.springframework.web.HttpRequestMethodNotSupportedException: Request method 'GET' is not supported]
2026-05-13 17:38:33.794 WARN  [http-nio-8080-exec-8] o.s.w.s.m.m.a.ExceptionHandlerExceptionResolver - Resolved [org.springframework.web.HttpRequestMethodNotSupportedException: Request method 'GET' is not supported]
2026-05-13 17:38:33.842 WARN  [http-nio-8080-exec-5] o.s.w.s.m.m.a.ExceptionHandlerExceptionResolver - Resolved [org.springframework.web.HttpRequestMethodNotSupportedException: Request method 'GET' is not supported]
2026-05-13 17:38:33.876 WARN  [http-nio-8080-exec-1] o.s.w.s.m.m.a.ExceptionHandlerExceptionResolver - Resolved [org.springframework.web.HttpRequestMethodNotSupportedException: Request method 'GET' is not supported]
2026-05-13 17:38:33.919 WARN  [http-nio-8080-exec-9] o.s.w.s.m.m.a.ExceptionHandlerExceptionResolver - Resolved [org.springframework.web.HttpRequestMethodNotSupportedException: Request method 'GET' is not supported]
2026-05-13 17:38:33.969 WARN  [http-nio-8080-exec-10] o.s.w.s.m.m.a.ExceptionHandlerExceptionResolver - Resolved [org.springframework.web.HttpRequestMethodNotSupportedException: Request method 'GET' is not supported]
2026-05-13 17:38:34.021 WARN  [http-nio-8080-exec-2] o.s.w.s.m.m.a.ExceptionHandlerExceptionResolver - Resolved [org.springframework.web.HttpRequestMethodNotSupportedException: Request method 'GET' is not supported]
2026-05-13 17:38:34.057 WARN  [http-nio-8080-exec-5] o.s.w.s.m.m.a.ExceptionHandlerExceptionResolver - Resolved [org.springframework.web.HttpRequestMethodNotSupportedException: Request method 'GET' is not supported]
2026-05-13 17:38:34.105 WARN  [http-nio-8080-exec-4] o.s.w.s.m.m.a.ExceptionHandlerExceptionResolver - Resolved [org.springframework.web.HttpRequestMethodNotSupportedException: Request method 'GET' is not supported]
2026-05-13 17:38:34.153 WARN  [http-nio-8080-exec-6] o.s.w.s.m.m.a.ExceptionHandlerExceptionResolver - Resolved [org.springframework.web.HttpRequestMethodNotSupportedException: Request method 'GET' is not supported]
2026-05-13 17:38:34.197 WARN  [http-nio-8080-exec-3] o.s.w.s.m.m.a.ExceptionHandlerExceptionResolver - Resolved [org.springframework.web.HttpRequestMethodNotSupportedException: Request method 'GET' is not supported]
2026-05-13 17:38:34.238 WARN  [http-nio-8080-exec-8] o.s.w.s.m.m.a.ExceptionHandlerExceptionResolver - Resolved [org.springframework.web.HttpRequestMethodNotSupportedException: Request method 'GET' is not supported]
2026-05-13 17:38:34.266 WARN  [http-nio-8080-exec-7] o.s.w.s.m.m.a.ExceptionHandlerExceptionResolver - Resolved [org.springframework.web.HttpRequestMethodNotSupportedException: Request method 'GET' is not supported]
2026-05-13 17:38:34.313 WARN  [http-nio-8080-exec-4] o.s.w.s.m.m.a.ExceptionHandlerExceptionResolver - Resolved [org.springframework.web.HttpRequestMethodNotSupportedException: Request method 'GET' is not supported]
2026-05-13 17:38:34.346 WARN  [http-nio-8080-exec-9] o.s.w.s.m.m.a.ExceptionHandlerExceptionResolver - Resolved [org.springframework.web.HttpRequestMethodNotSupportedException: Request method 'GET' is not supported]
2026-05-13 17:38:34.405 WARN  [http-nio-8080-exec-10] o.s.w.s.m.m.a.ExceptionHandlerExceptionResolver - Resolved [org.springframework.web.HttpRequestMethodNotSupportedException: Request method 'GET' is not supported]
2026-05-13 17:38:34.439 WARN  [http-nio-8080-exec-2] o.s.w.s.m.m.a.ExceptionHandlerExceptionResolver - Resolved [org.springframework.web.HttpRequestMethodNotSupportedException: Request method 'GET' is not supported]
2026-05-13 17:38:34.482 WARN  [http-nio-8080-exec-7] o.s.w.s.m.m.a.ExceptionHandlerExceptionResolver - Resolved [org.springframework.web.HttpRequestMethodNotSupportedException: Request method 'GET' is not supported]
2026-05-13 17:38:34.514 WARN  [http-nio-8080-exec-1] o.s.w.s.m.m.a.ExceptionHandlerExceptionResolver - Resolved [org.springframework.web.HttpRequestMethodNotSupportedException: Request method 'GET' is not supported]
2026-05-13 17:38:40.487 WARN  [http-nio-8080-exec-10] o.s.w.s.m.m.a.ExceptionHandlerExceptionResolver - Resolved [org.springframework.web.HttpRequestMethodNotSupportedException: Request method 'GET' is not supported]
2026-05-13 17:38:40.501 WARN  [http-nio-8080-exec-2] o.s.w.s.m.m.a.ExceptionHandlerExceptionResolver - Resolved [org.springframework.web.HttpRequestMethodNotSupportedException: Request method 'GET' is not supported]
2026-05-13 17:38:40.557 WARN  [http-nio-8080-exec-7] o.s.w.s.m.m.a.ExceptionHandlerExceptionResolver - Resolved [org.springframework.web.HttpRequestMethodNotSupportedException: Request method 'GET' is not supported]
2026-05-13 17:38:40.596 WARN  [http-nio-8080-exec-4] o.s.w.s.m.m.a.ExceptionHandlerExceptionResolver - Resolved [org.springframework.web.HttpRequestMethodNotSupportedException: Request method 'GET' is not supported]
2026-05-13 17:38:40.643 WARN  [http-nio-8080-exec-6] o.s.w.s.m.m.a.ExceptionHandlerExceptionResolver - Resolved [org.springframework.web.HttpRequestMethodNotSupportedException: Request method 'GET' is not supported]
2026-05-13 17:38:40.698 WARN  [http-nio-8080-exec-3] o.s.w.s.m.m.a.ExceptionHandlerExceptionResolver - Resolved [org.springframework.web.HttpRequestMethodNotSupportedException: Request method 'GET' is not supported]
2026-05-13 17:38:40.756 WARN  [http-nio-8080-exec-8] o.s.w.s.m.m.a.ExceptionHandlerExceptionResolver - Resolved [org.springframework.web.HttpRequestMethodNotSupportedException: Request method 'GET' is not supported]
2026-05-13 17:38:40.806 WARN  [http-nio-8080-exec-7] o.s.w.s.m.m.a.ExceptionHandlerExceptionResolver - Resolved [org.springframework.web.HttpRequestMethodNotSupportedException: Request method 'GET' is not supported]
2026-05-13 17:38:40.862 WARN  [http-nio-8080-exec-1] o.s.w.s.m.m.a.ExceptionHandlerExceptionResolver - Resolved [org.springframework.web.HttpRequestMethodNotSupportedException: Request method 'GET' is not supported]
2026-05-13 17:38:40.902 WARN  [http-nio-8080-exec-6] o.s.w.s.m.m.a.ExceptionHandlerExceptionResolver - Resolved [org.springframework.web.HttpRequestMethodNotSupportedException: Request method 'GET' is not supported]
2026-05-13 17:38:40.945 WARN  [http-nio-8080-exec-3] o.s.w.s.m.m.a.ExceptionHandlerExceptionResolver - Resolved [org.springframework.web.HttpRequestMethodNotSupportedException: Request method 'GET' is not supported]
2026-05-13 17:38:40.988 WARN  [http-nio-8080-exec-2] o.s.w.s.m.m.a.ExceptionHandlerExceptionResolver - Resolved [org.springframework.web.HttpRequestMethodNotSupportedException: Request method 'GET' is not supported]
2026-05-13 17:38:41.037 WARN  [http-nio-8080-exec-7] o.s.w.s.m.m.a.ExceptionHandlerExceptionResolver - Resolved [org.springframework.web.HttpRequestMethodNotSupportedException: Request method 'GET' is not supported]
2026-05-13 17:38:41.082 WARN  [http-nio-8080-exec-1] o.s.w.s.m.m.a.ExceptionHandlerExceptionResolver - Resolved [org.springframework.web.HttpRequestMethodNotSupportedException: Request method 'GET' is not supported]
2026-05-13 17:38:41.125 WARN  [http-nio-8080-exec-6] o.s.w.s.m.m.a.ExceptionHandlerExceptionResolver - Resolved [org.springframework.web.HttpRequestMethodNotSupportedException: Request method 'GET' is not supported]
2026-05-13 17:38:41.164 WARN  [http-nio-8080-exec-10] o.s.w.s.m.m.a.ExceptionHandlerExceptionResolver - Resolved [org.springframework.web.HttpRequestMethodNotSupportedException: Request method 'GET' is not supported]
2026-05-13 17:38:41.194 WARN  [http-nio-8080-exec-8] o.s.w.s.m.m.a.ExceptionHandlerExceptionResolver - Resolved [org.springframework.web.HttpRequestMethodNotSupportedException: Request method 'GET' is not supported]
2026-05-13 17:38:48.133 WARN  [http-nio-8080-exec-4] o.s.w.s.m.m.a.ExceptionHandlerExceptionResolver - Resolved [org.springframework.web.HttpRequestMethodNotSupportedException: Request method 'GET' is not supported]
2026-05-13 17:38:48.146 WARN  [http-nio-8080-exec-6] o.s.w.s.m.m.a.ExceptionHandlerExceptionResolver - Resolved [org.springframework.web.HttpRequestMethodNotSupportedException: Request method 'GET' is not supported]
2026-05-13 17:38:48.208 WARN  [http-nio-8080-exec-3] o.s.w.s.m.m.a.ExceptionHandlerExceptionResolver - Resolved [org.springframework.web.HttpRequestMethodNotSupportedException: Request method 'GET' is not supported]
2026-05-13 17:38:48.243 WARN  [http-nio-8080-exec-2] o.s.w.s.m.m.a.ExceptionHandlerExceptionResolver - Resolved [org.springframework.web.HttpRequestMethodNotSupportedException: Request method 'GET' is not supported]
2026-05-13 17:38:48.290 WARN  [http-nio-8080-exec-7] o.s.w.s.m.m.a.ExceptionHandlerExceptionResolver - Resolved [org.springframework.web.HttpRequestMethodNotSupportedException: Request method 'GET' is not supported]
2026-05-13 17:38:48.332 WARN  [http-nio-8080-exec-1] o.s.w.s.m.m.a.ExceptionHandlerExceptionResolver - Resolved [org.springframework.web.HttpRequestMethodNotSupportedException: Request method 'GET' is not supported]
2026-05-13 17:38:48.377 WARN  [http-nio-8080-exec-9] o.s.w.s.m.m.a.ExceptionHandlerExceptionResolver - Resolved [org.springframework.web.HttpRequestMethodNotSupportedException: Request method 'GET' is not supported]
2026-05-13 17:38:48.418 WARN  [http-nio-8080-exec-3] o.s.w.s.m.m.a.ExceptionHandlerExceptionResolver - Resolved [org.springframework.web.HttpRequestMethodNotSupportedException: Request method 'GET' is not supported]
2026-05-13 17:38:48.474 WARN  [http-nio-8080-exec-8] o.s.w.s.m.m.a.ExceptionHandlerExceptionResolver - Resolved [org.springframework.web.HttpRequestMethodNotSupportedException: Request method 'GET' is not supported]
2026-05-13 17:38:48.509 WARN  [http-nio-8080-exec-5] o.s.w.s.m.m.a.ExceptionHandlerExceptionResolver - Resolved [org.springframework.web.HttpRequestMethodNotSupportedException: Request method 'GET' is not supported]
2026-05-13 17:38:48.548 WARN  [http-nio-8080-exec-1] o.s.w.s.m.m.a.ExceptionHandlerExceptionResolver - Resolved [org.springframework.web.HttpRequestMethodNotSupportedException: Request method 'GET' is not supported]
2026-05-13 17:38:48.580 WARN  [http-nio-8080-exec-9] o.s.w.s.m.m.a.ExceptionHandlerExceptionResolver - Resolved [org.springframework.web.HttpRequestMethodNotSupportedException: Request method 'GET' is not supported]
2026-05-13 17:38:48.625 WARN  [http-nio-8080-exec-3] o.s.w.s.m.m.a.ExceptionHandlerExceptionResolver - Resolved [org.springframework.web.HttpRequestMethodNotSupportedException: Request method 'GET' is not supported]
2026-05-13 17:38:48.671 WARN  [http-nio-8080-exec-2] o.s.w.s.m.m.a.ExceptionHandlerExceptionResolver - Resolved [org.springframework.web.HttpRequestMethodNotSupportedException: Request method 'GET' is not supported]
2026-05-13 17:38:48.747 WARN  [http-nio-8080-exec-5] o.s.w.s.m.m.a.ExceptionHandlerExceptionResolver - Resolved [org.springframework.web.HttpRequestMethodNotSupportedException: Request method 'GET' is not supported]
2026-05-13 17:38:48.786 WARN  [http-nio-8080-exec-1] o.s.w.s.m.m.a.ExceptionHandlerExceptionResolver - Resolved [org.springframework.web.HttpRequestMethodNotSupportedException: Request method 'GET' is not supported]
2026-05-13 17:38:48.828 WARN  [http-nio-8080-exec-9] o.s.w.s.m.m.a.ExceptionHandlerExceptionResolver - Resolved [org.springframework.web.HttpRequestMethodNotSupportedException: Request method 'GET' is not supported]
2026-05-13 17:38:48.868 WARN  [http-nio-8080-exec-10] o.s.w.s.m.m.a.ExceptionHandlerExceptionResolver - Resolved [org.springframework.web.HttpRequestMethodNotSupportedException: Request method 'GET' is not supported]
2026-05-13 17:38:48.920 WARN  [http-nio-8080-exec-8] o.s.w.s.m.m.a.ExceptionHandlerExceptionResolver - Resolved [org.springframework.web.HttpRequestMethodNotSupportedException: Request method 'GET' is not supported]
2026-05-13 17:38:48.984 WARN  [http-nio-8080-exec-7] o.s.w.s.m.m.a.ExceptionHandlerExceptionResolver - Resolved [org.springframework.web.HttpRequestMethodNotSupportedException: Request method 'GET' is not supported]
2026-05-13 17:38:49.011 WARN  [http-nio-8080-exec-4] o.s.w.s.m.m.a.ExceptionHandlerExceptionResolver - Resolved [org.springframework.web.HttpRequestMethodNotSupportedException: Request method 'GET' is not supported]
2026-05-13 17:38:49.039 WARN  [http-nio-8080-exec-6] o.s.w.s.m.m.a.ExceptionHandlerExceptionResolver - Resolved [org.springframework.web.HttpRequestMethodNotSupportedException: Request method 'GET' is not supported]
2026-05-13 17:38:49.064 WARN  [http-nio-8080-exec-10] o.s.w.s.m.m.a.ExceptionHandlerExceptionResolver - Resolved [org.springframework.web.HttpRequestMethodNotSupportedException: Request method 'GET' is not supported]
2026-05-13 17:38:49.093 WARN  [http-nio-8080-exec-8] o.s.w.s.m.m.a.ExceptionHandlerExceptionResolver - Resolved [org.springframework.web.HttpRequestMethodNotSupportedException: Request method 'GET' is not supported]
2026-05-13 17:38:49.142 WARN  [http-nio-8080-exec-7] o.s.w.s.m.m.a.ExceptionHandlerExceptionResolver - Resolved [org.springframework.web.HttpRequestMethodNotSupportedException: Request method 'GET' is not supported]
2026-05-13 17:38:49.183 WARN  [http-nio-8080-exec-4] o.s.w.s.m.m.a.ExceptionHandlerExceptionResolver - Resolved [org.springframework.web.HttpRequestMethodNotSupportedException: Request method 'GET' is not supported]
2026-05-13 17:38:49.265 WARN  [http-nio-8080-exec-6] o.s.w.s.m.m.a.ExceptionHandlerExceptionResolver - Resolved [org.springframework.web.HttpRequestMethodNotSupportedException: Request method 'GET' is not supported]
2026-05-13 17:38:49.323 WARN  [http-nio-8080-exec-10] o.s.w.s.m.m.a.ExceptionHandlerExceptionResolver - Resolved [org.springframework.web.HttpRequestMethodNotSupportedException: Request method 'GET' is not supported]
2026-05-13 17:38:49.371 WARN  [http-nio-8080-exec-2] o.s.w.s.m.m.a.ExceptionHandlerExceptionResolver - Resolved [org.springframework.web.HttpRequestMethodNotSupportedException: Request method 'GET' is not supported]
2026-05-13 17:38:49.417 WARN  [http-nio-8080-exec-5] o.s.w.s.m.m.a.ExceptionHandlerExceptionResolver - Resolved [org.springframework.web.HttpRequestMethodNotSupportedException: Request method 'GET' is not supported]
2026-05-13 17:38:49.458 WARN  [http-nio-8080-exec-4] o.s.w.s.m.m.a.ExceptionHandlerExceptionResolver - Resolved [org.springframework.web.HttpRequestMethodNotSupportedException: Request method 'GET' is not supported]
2026-05-13 17:38:49.513 WARN  [http-nio-8080-exec-6] o.s.w.s.m.m.a.ExceptionHandlerExceptionResolver - Resolved [org.springframework.web.HttpRequestMethodNotSupportedException: Request method 'GET' is not supported]
2026-05-13 17:38:49.581 WARN  [http-nio-8080-exec-3] o.s.w.s.m.m.a.ExceptionHandlerExceptionResolver - Resolved [org.springframework.web.HttpRequestMethodNotSupportedException: Request method 'GET' is not supported]
2026-05-13 17:38:49.635 WARN  [http-nio-8080-exec-2] o.s.w.s.m.m.a.ExceptionHandlerExceptionResolver - Resolved [org.springframework.web.HttpRequestMethodNotSupportedException: Request method 'GET' is not supported]
2026-05-13 17:38:49.693 WARN  [http-nio-8080-exec-7] o.s.w.s.m.m.a.ExceptionHandlerExceptionResolver - Resolved [org.springframework.web.HttpRequestMethodNotSupportedException: Request method 'GET' is not supported]
2026-05-13 17:38:49.747 WARN  [http-nio-8080-exec-1] o.s.w.s.m.m.a.ExceptionHandlerExceptionResolver - Resolved [org.springframework.web.HttpRequestMethodNotSupportedException: Request method 'GET' is not supported]
2026-05-13 17:38:49.817 WARN  [http-nio-8080-exec-9] o.s.w.s.m.m.a.ExceptionHandlerExceptionResolver - Resolved [org.springframework.web.HttpRequestMethodNotSupportedException: Request method 'GET' is not supported]
2026-05-13 17:38:49.878 WARN  [http-nio-8080-exec-10] o.s.w.s.m.m.a.ExceptionHandlerExceptionResolver - Resolved [org.springframework.web.HttpRequestMethodNotSupportedException: Request method 'GET' is not supported]
2026-05-13 17:38:49.944 WARN  [http-nio-8080-exec-8] o.s.w.s.m.m.a.ExceptionHandlerExceptionResolver - Resolved [org.springframework.web.HttpRequestMethodNotSupportedException: Request method 'GET' is not supported]
2026-05-13 17:38:50.005 WARN  [http-nio-8080-exec-5] o.s.w.s.m.m.a.ExceptionHandlerExceptionResolver - Resolved [org.springframework.web.HttpRequestMethodNotSupportedException: Request method 'GET' is not supported]
2026-05-13 17:38:50.074 WARN  [http-nio-8080-exec-4] o.s.w.s.m.m.a.ExceptionHandlerExceptionResolver - Resolved [org.springframework.web.HttpRequestMethodNotSupportedException: Request method 'GET' is not supported]
2026-05-13 17:38:50.097 WARN  [http-nio-8080-exec-9] o.s.w.s.m.m.a.ExceptionHandlerExceptionResolver - Resolved [org.springframework.web.HttpRequestMethodNotSupportedException: Request method 'GET' is not supported]
2026-05-13 17:38:50.130 WARN  [http-nio-8080-exec-3] o.s.w.s.m.m.a.ExceptionHandlerExceptionResolver - Resolved [org.springframework.web.HttpRequestMethodNotSupportedException: Request method 'GET' is not supported]
2026-05-13 17:38:50.183 WARN  [http-nio-8080-exec-2] o.s.w.s.m.m.a.ExceptionHandlerExceptionResolver - Resolved [org.springframework.web.HttpRequestMethodNotSupportedException: Request method 'GET' is not supported]
2026-05-13 17:38:50.228 WARN  [http-nio-8080-exec-5] o.s.w.s.m.m.a.ExceptionHandlerExceptionResolver - Resolved [org.springframework.web.HttpRequestMethodNotSupportedException: Request method 'GET' is not supported]
2026-05-13 17:38:50.258 WARN  [http-nio-8080-exec-4] o.s.w.s.m.m.a.ExceptionHandlerExceptionResolver - Resolved [org.springframework.web.HttpRequestMethodNotSupportedException: Request method 'GET' is not supported]
2026-05-13 17:38:50.322 WARN  [http-nio-8080-exec-9] o.s.w.s.m.m.a.ExceptionHandlerExceptionResolver - Resolved [org.springframework.web.HttpRequestMethodNotSupportedException: Request method 'GET' is not supported]
2026-05-13 17:38:50.359 WARN  [http-nio-8080-exec-3] o.s.w.s.m.m.a.ExceptionHandlerExceptionResolver - Resolved [org.springframework.web.HttpRequestMethodNotSupportedException: Request method 'GET' is not supported]
2026-05-13 17:38:50.405 WARN  [http-nio-8080-exec-8] o.s.w.s.m.m.a.ExceptionHandlerExceptionResolver - Resolved [org.springframework.web.HttpRequestMethodNotSupportedException: Request method 'GET' is not supported]
2026-05-13 17:38:50.451 WARN  [http-nio-8080-exec-5] o.s.w.s.m.m.a.ExceptionHandlerExceptionResolver - Resolved [org.springframework.web.HttpRequestMethodNotSupportedException: Request method 'GET' is not supported]
2026-05-13 17:38:50.486 WARN  [http-nio-8080-exec-1] o.s.w.s.m.m.a.ExceptionHandlerExceptionResolver - Resolved [org.springframework.web.HttpRequestMethodNotSupportedException: Request method 'GET' is not supported]
2026-05-13 17:38:50.542 WARN  [http-nio-8080-exec-6] o.s.w.s.m.m.a.ExceptionHandlerExceptionResolver - Resolved [org.springframework.web.HttpRequestMethodNotSupportedException: Request method 'GET' is not supported]
2026-05-13 17:38:50.608 WARN  [http-nio-8080-exec-3] o.s.w.s.m.m.a.ExceptionHandlerExceptionResolver - Resolved [org.springframework.web.HttpRequestMethodNotSupportedException: Request method 'GET' is not supported]
2026-05-13 17:38:50.646 WARN  [http-nio-8080-exec-2] o.s.w.s.m.m.a.ExceptionHandlerExceptionResolver - Resolved [org.springframework.web.HttpRequestMethodNotSupportedException: Request method 'GET' is not supported]
2026-05-13 17:38:50.691 WARN  [http-nio-8080-exec-7] o.s.w.s.m.m.a.ExceptionHandlerExceptionResolver - Resolved [org.springframework.web.HttpRequestMethodNotSupportedException: Request method 'GET' is not supported]
2026-05-13 17:38:50.735 WARN  [http-nio-8080-exec-4] o.s.w.s.m.m.a.ExceptionHandlerExceptionResolver - Resolved [org.springframework.web.HttpRequestMethodNotSupportedException: Request method 'GET' is not supported]
2026-05-13 17:38:50.781 WARN  [http-nio-8080-exec-9] o.s.w.s.m.m.a.ExceptionHandlerExceptionResolver - Resolved [org.springframework.web.HttpRequestMethodNotSupportedException: Request method 'GET' is not supported]
2026-05-13 17:38:50.856 WARN  [http-nio-8080-exec-3] o.s.w.s.m.m.a.ExceptionHandlerExceptionResolver - Resolved [org.springframework.web.HttpRequestMethodNotSupportedException: Request method 'GET' is not supported]
2026-05-13 17:38:50.893 WARN  [http-nio-8080-exec-8] o.s.w.s.m.m.a.ExceptionHandlerExceptionResolver - Resolved [org.springframework.web.HttpRequestMethodNotSupportedException: Request method 'GET' is not supported]
2026-05-13 17:38:50.922 WARN  [http-nio-8080-exec-7] o.s.w.s.m.m.a.ExceptionHandlerExceptionResolver - Resolved [org.springframework.web.HttpRequestMethodNotSupportedException: Request method 'GET' is not supported]
2026-05-13 17:38:50.943 WARN  [http-nio-8080-exec-1] o.s.w.s.m.m.a.ExceptionHandlerExceptionResolver - Resolved [org.springframework.web.HttpRequestMethodNotSupportedException: Request method 'GET' is not supported]
2026-05-13 17:38:50.965 WARN  [http-nio-8080-exec-9] o.s.w.s.m.m.a.ExceptionHandlerExceptionResolver - Resolved [org.springframework.web.HttpRequestMethodNotSupportedException: Request method 'GET' is not supported]
2026-05-13 17:38:50.983 WARN  [http-nio-8080-exec-10] o.s.w.s.m.m.a.ExceptionHandlerExceptionResolver - Resolved [org.springframework.web.HttpRequestMethodNotSupportedException: Request method 'GET' is not supported]
2026-05-13 17:38:51.006 WARN  [http-nio-8080-exec-8] o.s.w.s.m.m.a.ExceptionHandlerExceptionResolver - Resolved [org.springframework.web.HttpRequestMethodNotSupportedException: Request method 'GET' is not supported]
2026-05-13 17:38:51.031 WARN  [http-nio-8080-exec-5] o.s.w.s.m.m.a.ExceptionHandlerExceptionResolver - Resolved [org.springframework.web.HttpRequestMethodNotSupportedException: Request method 'GET' is not supported]
2026-05-13 17:38:51.054 WARN  [http-nio-8080-exec-1] o.s.w.s.m.m.a.ExceptionHandlerExceptionResolver - Resolved [org.springframework.web.HttpRequestMethodNotSupportedException: Request method 'GET' is not supported]
2026-05-13 17:38:51.071 WARN  [http-nio-8080-exec-6] o.s.w.s.m.m.a.ExceptionHandlerExceptionResolver - Resolved [org.springframework.web.HttpRequestMethodNotSupportedException: Request method 'GET' is not supported]
2026-05-13 17:38:51.095 WARN  [http-nio-8080-exec-3] o.s.w.s.m.m.a.ExceptionHandlerExceptionResolver - Resolved [org.springframework.web.HttpRequestMethodNotSupportedException: Request method 'GET' is not supported]
2026-05-13 17:38:51.181 WARN  [http-nio-8080-exec-2] o.s.w.s.m.m.a.ExceptionHandlerExceptionResolver - Resolved [org.springframework.web.HttpRequestMethodNotSupportedException: Request method 'GET' is not supported]
2026-05-13 17:38:51.210 WARN  [http-nio-8080-exec-5] o.s.w.s.m.m.a.ExceptionHandlerExceptionResolver - Resolved [org.springframework.web.HttpRequestMethodNotSupportedException: Request method 'GET' is not supported]
2026-05-13 17:38:51.240 WARN  [http-nio-8080-exec-4] o.s.w.s.m.m.a.ExceptionHandlerExceptionResolver - Resolved [org.springframework.web.HttpRequestMethodNotSupportedException: Request method 'GET' is not supported]
2026-05-13 17:38:51.285 WARN  [http-nio-8080-exec-9] o.s.w.s.m.m.a.ExceptionHandlerExceptionResolver - Resolved [org.springframework.web.HttpRequestMethodNotSupportedException: Request method 'GET' is not supported]
2026-05-13 17:38:51.329 WARN  [http-nio-8080-exec-10] o.s.w.s.m.m.a.ExceptionHandlerExceptionResolver - Resolved [org.springframework.web.HttpRequestMethodNotSupportedException: Request method 'GET' is not supported]
2026-05-13 17:38:51.354 WARN  [http-nio-8080-exec-8] o.s.w.s.m.m.a.ExceptionHandlerExceptionResolver - Resolved [org.springframework.web.HttpRequestMethodNotSupportedException: Request method 'GET' is not supported]
2026-05-13 17:38:51.385 WARN  [http-nio-8080-exec-7] o.s.w.s.m.m.a.ExceptionHandlerExceptionResolver - Resolved [org.springframework.web.HttpRequestMethodNotSupportedException: Request method 'GET' is not supported]
2026-05-13 17:38:51.488 WARN  [http-nio-8080-exec-1] o.s.w.s.m.m.a.ExceptionHandlerExceptionResolver - Resolved [org.springframework.web.HttpRequestMethodNotSupportedException: Request method 'GET' is not supported]
2026-05-13 17:38:51.516 WARN  [http-nio-8080-exec-6] o.s.w.s.m.m.a.ExceptionHandlerExceptionResolver - Resolved [org.springframework.web.HttpRequestMethodNotSupportedException: Request method 'GET' is not supported]
2026-05-13 17:38:51.559 WARN  [http-nio-8080-exec-10] o.s.w.s.m.m.a.ExceptionHandlerExceptionResolver - Resolved [org.springframework.web.HttpRequestMethodNotSupportedException: Request method 'GET' is not supported]
2026-05-13 17:38:51.590 WARN  [http-nio-8080-exec-8] o.s.w.s.m.m.a.ExceptionHandlerExceptionResolver - Resolved [org.springframework.web.HttpRequestMethodNotSupportedException: Request method 'GET' is not supported]
2026-05-13 17:38:51.621 WARN  [http-nio-8080-exec-5] o.s.w.s.m.m.a.ExceptionHandlerExceptionResolver - Resolved [org.springframework.web.HttpRequestMethodNotSupportedException: Request method 'GET' is not supported]
2026-05-13 17:38:51.655 WARN  [http-nio-8080-exec-1] o.s.w.s.m.m.a.ExceptionHandlerExceptionResolver - Resolved [org.springframework.web.HttpRequestMethodNotSupportedException: Request method 'GET' is not supported]
2026-05-13 17:38:51.717 WARN  [http-nio-8080-exec-9] o.s.w.s.m.m.a.ExceptionHandlerExceptionResolver - Resolved [org.springframework.web.HttpRequestMethodNotSupportedException: Request method 'GET' is not supported]
2026-05-13 17:38:51.770 WARN  [http-nio-8080-exec-3] o.s.w.s.m.m.a.ExceptionHandlerExceptionResolver - Resolved [org.springframework.web.HttpRequestMethodNotSupportedException: Request method 'GET' is not supported]
2026-05-13 17:38:51.809 WARN  [http-nio-8080-exec-2] o.s.w.s.m.m.a.ExceptionHandlerExceptionResolver - Resolved [org.springframework.web.HttpRequestMethodNotSupportedException: Request method 'GET' is not supported]
2026-05-13 17:38:51.845 WARN  [http-nio-8080-exec-7] o.s.w.s.m.m.a.ExceptionHandlerExceptionResolver - Resolved [org.springframework.web.HttpRequestMethodNotSupportedException: Request method 'GET' is not supported]
2026-05-13 17:38:51.877 WARN  [http-nio-8080-exec-1] o.s.w.s.m.m.a.ExceptionHandlerExceptionResolver - Resolved [org.springframework.web.HttpRequestMethodNotSupportedException: Request method 'GET' is not supported]
2026-05-13 17:38:51.906 WARN  [http-nio-8080-exec-6] o.s.w.s.m.m.a.ExceptionHandlerExceptionResolver - Resolved [org.springframework.web.HttpRequestMethodNotSupportedException: Request method 'GET' is not supported]
2026-05-13 17:38:51.977 WARN  [http-nio-8080-exec-10] o.s.w.s.m.m.a.ExceptionHandlerExceptionResolver - Resolved [org.springframework.web.HttpRequestMethodNotSupportedException: Request method 'GET' is not supported]
2026-05-13 17:38:52.008 WARN  [http-nio-8080-exec-2] o.s.w.s.m.m.a.ExceptionHandlerExceptionResolver - Resolved [org.springframework.web.HttpRequestMethodNotSupportedException: Request method 'GET' is not supported]
2026-05-13 17:38:52.036 WARN  [http-nio-8080-exec-5] o.s.w.s.m.m.a.ExceptionHandlerExceptionResolver - Resolved [org.springframework.web.HttpRequestMethodNotSupportedException: Request method 'GET' is not supported]
2026-05-13 17:38:52.059 WARN  [http-nio-8080-exec-1] o.s.w.s.m.m.a.ExceptionHandlerExceptionResolver - Resolved [org.springframework.web.HttpRequestMethodNotSupportedException: Request method 'GET' is not supported]
2026-05-13 17:38:52.090 WARN  [http-nio-8080-exec-6] o.s.w.s.m.m.a.ExceptionHandlerExceptionResolver - Resolved [org.springframework.web.HttpRequestMethodNotSupportedException: Request method 'GET' is not supported]
2026-05-13 17:38:52.117 WARN  [http-nio-8080-exec-10] o.s.w.s.m.m.a.ExceptionHandlerExceptionResolver - Resolved [org.springframework.web.HttpRequestMethodNotSupportedException: Request method 'GET' is not supported]
2026-05-13 17:38:52.140 WARN  [http-nio-8080-exec-8] o.s.w.s.m.m.a.ExceptionHandlerExceptionResolver - Resolved [org.springframework.web.HttpRequestMethodNotSupportedException: Request method 'GET' is not supported]
2026-05-13 17:38:52.167 WARN  [http-nio-8080-exec-5] o.s.w.s.m.m.a.ExceptionHandlerExceptionResolver - Resolved [org.springframework.web.HttpRequestMethodNotSupportedException: Request method 'GET' is not supported]
2026-05-13 17:38:52.214 WARN  [http-nio-8080-exec-4] o.s.w.s.m.m.a.ExceptionHandlerExceptionResolver - Resolved [org.springframework.web.HttpRequestMethodNotSupportedException: Request method 'GET' is not supported]
2026-05-13 17:38:52.277 WARN  [http-nio-8080-exec-6] o.s.w.s.m.m.a.ExceptionHandlerExceptionResolver - Resolved [org.springframework.web.HttpRequestMethodNotSupportedException: Request method 'GET' is not supported]
2026-05-13 17:38:52.346 WARN  [http-nio-8080-exec-3] o.s.w.s.m.m.a.ExceptionHandlerExceptionResolver - Resolved [org.springframework.web.HttpRequestMethodNotSupportedException: Request method 'GET' is not supported]
2026-05-13 17:38:52.376 WARN  [http-nio-8080-exec-2] o.s.w.s.m.m.a.ExceptionHandlerExceptionResolver - Resolved [org.springframework.web.HttpRequestMethodNotSupportedException: Request method 'GET' is not supported]
2026-05-13 17:38:52.422 WARN  [http-nio-8080-exec-5] o.s.w.s.m.m.a.ExceptionHandlerExceptionResolver - Resolved [org.springframework.web.HttpRequestMethodNotSupportedException: Request method 'GET' is not supported]
2026-05-13 17:38:52.460 WARN  [http-nio-8080-exec-1] o.s.w.s.m.m.a.ExceptionHandlerExceptionResolver - Resolved [org.springframework.web.HttpRequestMethodNotSupportedException: Request method 'GET' is not supported]
2026-05-13 17:38:52.500 WARN  [http-nio-8080-exec-6] o.s.w.s.m.m.a.ExceptionHandlerExceptionResolver - Resolved [org.springframework.web.HttpRequestMethodNotSupportedException: Request method 'GET' is not supported]
2026-05-13 17:38:52.546 WARN  [http-nio-8080-exec-10] o.s.w.s.m.m.a.ExceptionHandlerExceptionResolver - Resolved [org.springframework.web.HttpRequestMethodNotSupportedException: Request method 'GET' is not supported]
2026-05-13 17:38:52.607 WARN  [http-nio-8080-exec-2] o.s.w.s.m.m.a.ExceptionHandlerExceptionResolver - Resolved [org.springframework.web.HttpRequestMethodNotSupportedException: Request method 'GET' is not supported]
2026-05-13 17:38:52.711 WARN  [http-nio-8080-exec-5] o.s.w.s.m.m.a.ExceptionHandlerExceptionResolver - Resolved [org.springframework.web.HttpRequestMethodNotSupportedException: Request method 'GET' is not supported]
2026-05-13 17:38:52.762 WARN  [http-nio-8080-exec-1] o.s.w.s.m.m.a.ExceptionHandlerExceptionResolver - Resolved [org.springframework.web.HttpRequestMethodNotSupportedException: Request method 'GET' is not supported]
2026-05-13 17:38:52.807 WARN  [http-nio-8080-exec-6] o.s.w.s.m.m.a.ExceptionHandlerExceptionResolver - Resolved [org.springframework.web.HttpRequestMethodNotSupportedException: Request method 'GET' is not supported]
2026-05-13 17:38:52.861 WARN  [http-nio-8080-exec-10] o.s.w.s.m.m.a.ExceptionHandlerExceptionResolver - Resolved [org.springframework.web.HttpRequestMethodNotSupportedException: Request method 'GET' is not supported]
2026-05-13 17:38:52.915 WARN  [http-nio-8080-exec-2] o.s.w.s.m.m.a.ExceptionHandlerExceptionResolver - Resolved [org.springframework.web.HttpRequestMethodNotSupportedException: Request method 'GET' is not supported]
2026-05-13 17:38:52.997 WARN  [http-nio-8080-exec-7] o.s.w.s.m.m.a.ExceptionHandlerExceptionResolver - Resolved [org.springframework.web.HttpRequestMethodNotSupportedException: Request method 'GET' is not supported]
2026-05-13 17:38:53.047 WARN  [http-nio-8080-exec-4] o.s.w.s.m.m.a.ExceptionHandlerExceptionResolver - Resolved [org.springframework.web.HttpRequestMethodNotSupportedException: Request method 'GET' is not supported]
2026-05-13 17:38:53.080 WARN  [http-nio-8080-exec-9] o.s.w.s.m.m.a.ExceptionHandlerExceptionResolver - Resolved [org.springframework.web.HttpRequestMethodNotSupportedException: Request method 'GET' is not supported]
2026-05-13 17:38:53.112 WARN  [http-nio-8080-exec-10] o.s.w.s.m.m.a.ExceptionHandlerExceptionResolver - Resolved [org.springframework.web.HttpRequestMethodNotSupportedException: Request method 'GET' is not supported]
2026-05-13 17:38:53.142 WARN  [http-nio-8080-exec-2] o.s.w.s.m.m.a.ExceptionHandlerExceptionResolver - Resolved [org.springframework.web.HttpRequestMethodNotSupportedException: Request method 'GET' is not supported]
2026-05-13 17:38:53.203 WARN  [http-nio-8080-exec-5] o.s.w.s.m.m.a.ExceptionHandlerExceptionResolver - Resolved [org.springframework.web.HttpRequestMethodNotSupportedException: Request method 'GET' is not supported]
2026-05-13 17:38:53.247 WARN  [http-nio-8080-exec-4] o.s.w.s.m.m.a.ExceptionHandlerExceptionResolver - Resolved [org.springframework.web.HttpRequestMethodNotSupportedException: Request method 'GET' is not supported]
2026-05-13 17:38:53.290 WARN  [http-nio-8080-exec-6] o.s.w.s.m.m.a.ExceptionHandlerExceptionResolver - Resolved [org.springframework.web.HttpRequestMethodNotSupportedException: Request method 'GET' is not supported]
2026-05-13 17:38:53.327 WARN  [http-nio-8080-exec-10] o.s.w.s.m.m.a.ExceptionHandlerExceptionResolver - Resolved [org.springframework.web.HttpRequestMethodNotSupportedException: Request method 'GET' is not supported]
2026-05-13 17:38:53.360 WARN  [http-nio-8080-exec-8] o.s.w.s.m.m.a.ExceptionHandlerExceptionResolver - Resolved [org.springframework.web.HttpRequestMethodNotSupportedException: Request method 'GET' is not supported]
2026-05-13 17:38:53.391 WARN  [http-nio-8080-exec-5] o.s.w.s.m.m.a.ExceptionHandlerExceptionResolver - Resolved [org.springframework.web.HttpRequestMethodNotSupportedException: Request method 'GET' is not supported]
2026-05-13 17:38:53.426 WARN  [http-nio-8080-exec-4] o.s.w.s.m.m.a.ExceptionHandlerExceptionResolver - Resolved [org.springframework.web.HttpRequestMethodNotSupportedException: Request method 'GET' is not supported]
2026-05-13 17:38:53.478 WARN  [http-nio-8080-exec-6] o.s.w.s.m.m.a.ExceptionHandlerExceptionResolver - Resolved [org.springframework.web.HttpRequestMethodNotSupportedException: Request method 'GET' is not supported]
2026-05-13 17:38:53.565 WARN  [http-nio-8080-exec-10] o.s.w.s.m.m.a.ExceptionHandlerExceptionResolver - Resolved [org.springframework.web.HttpRequestMethodNotSupportedException: Request method 'GET' is not supported]
2026-05-13 17:38:53.613 WARN  [http-nio-8080-exec-8] o.s.w.s.m.m.a.ExceptionHandlerExceptionResolver - Resolved [org.springframework.web.HttpRequestMethodNotSupportedException: Request method 'GET' is not supported]
2026-05-13 17:38:53.682 WARN  [http-nio-8080-exec-5] o.s.w.s.m.m.a.ExceptionHandlerExceptionResolver - Resolved [org.springframework.web.HttpRequestMethodNotSupportedException: Request method 'GET' is not supported]
2026-05-13 17:38:53.732 WARN  [http-nio-8080-exec-1] o.s.w.s.m.m.a.ExceptionHandlerExceptionResolver - Resolved [org.springframework.web.HttpRequestMethodNotSupportedException: Request method 'GET' is not supported]
2026-05-13 17:38:53.830 WARN  [http-nio-8080-exec-9] o.s.w.s.m.m.a.ExceptionHandlerExceptionResolver - Resolved [org.springframework.web.HttpRequestMethodNotSupportedException: Request method 'GET' is not supported]
2026-05-13 17:38:53.878 WARN  [http-nio-8080-exec-3] o.s.w.s.m.m.a.ExceptionHandlerExceptionResolver - Resolved [org.springframework.web.HttpRequestMethodNotSupportedException: Request method 'GET' is not supported]
2026-05-13 17:38:53.924 WARN  [http-nio-8080-exec-2] o.s.w.s.m.m.a.ExceptionHandlerExceptionResolver - Resolved [org.springframework.web.HttpRequestMethodNotSupportedException: Request method 'GET' is not supported]
2026-05-13 17:38:53.962 WARN  [http-nio-8080-exec-7] o.s.w.s.m.m.a.ExceptionHandlerExceptionResolver - Resolved [org.springframework.web.HttpRequestMethodNotSupportedException: Request method 'GET' is not supported]
2026-05-13 17:38:54.027 WARN  [http-nio-8080-exec-4] o.s.w.s.m.m.a.ExceptionHandlerExceptionResolver - Resolved [org.springframework.web.HttpRequestMethodNotSupportedException: Request method 'GET' is not supported]
2026-05-13 17:38:54.061 WARN  [http-nio-8080-exec-9] o.s.w.s.m.m.a.ExceptionHandlerExceptionResolver - Resolved [org.springframework.web.HttpRequestMethodNotSupportedException: Request method 'GET' is not supported]
2026-05-13 17:38:54.087 WARN  [http-nio-8080-exec-10] o.s.w.s.m.m.a.ExceptionHandlerExceptionResolver - Resolved [org.springframework.web.HttpRequestMethodNotSupportedException: Request method 'GET' is not supported]
2026-05-13 17:38:54.110 WARN  [http-nio-8080-exec-8] o.s.w.s.m.m.a.ExceptionHandlerExceptionResolver - Resolved [org.springframework.web.HttpRequestMethodNotSupportedException: Request method 'GET' is not supported]
2026-05-13 17:38:54.141 WARN  [http-nio-8080-exec-5] o.s.w.s.m.m.a.ExceptionHandlerExceptionResolver - Resolved [org.springframework.web.HttpRequestMethodNotSupportedException: Request method 'GET' is not supported]
2026-05-13 17:38:54.161 WARN  [http-nio-8080-exec-4] o.s.w.s.m.m.a.ExceptionHandlerExceptionResolver - Resolved [org.springframework.web.HttpRequestMethodNotSupportedException: Request method 'GET' is not supported]
2026-05-13 17:38:54.207 WARN  [http-nio-8080-exec-9] o.s.w.s.m.m.a.ExceptionHandlerExceptionResolver - Resolved [org.springframework.web.HttpRequestMethodNotSupportedException: Request method 'GET' is not supported]
2026-05-13 17:38:54.296 WARN  [http-nio-8080-exec-3] o.s.w.s.m.m.a.ExceptionHandlerExceptionResolver - Resolved [org.springframework.web.HttpRequestMethodNotSupportedException: Request method 'GET' is not supported]
2026-05-13 17:38:54.332 WARN  [http-nio-8080-exec-2] o.s.w.s.m.m.a.ExceptionHandlerExceptionResolver - Resolved [org.springframework.web.HttpRequestMethodNotSupportedException: Request method 'GET' is not supported]
2026-05-13 17:38:54.368 WARN  [http-nio-8080-exec-5] o.s.w.s.m.m.a.ExceptionHandlerExceptionResolver - Resolved [org.springframework.web.HttpRequestMethodNotSupportedException: Request method 'GET' is not supported]
2026-05-13 17:38:54.404 WARN  [http-nio-8080-exec-1] o.s.w.s.m.m.a.ExceptionHandlerExceptionResolver - Resolved [org.springframework.web.HttpRequestMethodNotSupportedException: Request method 'GET' is not supported]
2026-05-13 17:38:54.454 WARN  [http-nio-8080-exec-6] o.s.w.s.m.m.a.ExceptionHandlerExceptionResolver - Resolved [org.springframework.web.HttpRequestMethodNotSupportedException: Request method 'GET' is not supported]
2026-05-13 17:38:54.554 WARN  [http-nio-8080-exec-3] o.s.w.s.m.m.a.ExceptionHandlerExceptionResolver - Resolved [org.springframework.web.HttpRequestMethodNotSupportedException: Request method 'GET' is not supported]
2026-05-13 17:38:54.606 WARN  [http-nio-8080-exec-8] o.s.w.s.m.m.a.ExceptionHandlerExceptionResolver - Resolved [org.springframework.web.HttpRequestMethodNotSupportedException: Request method 'GET' is not supported]
2026-05-13 17:38:54.659 WARN  [http-nio-8080-exec-5] o.s.w.s.m.m.a.ExceptionHandlerExceptionResolver - Resolved [org.springframework.web.HttpRequestMethodNotSupportedException: Request method 'GET' is not supported]
2026-05-13 17:38:54.737 WARN  [http-nio-8080-exec-1] o.s.w.s.m.m.a.ExceptionHandlerExceptionResolver - Resolved [org.springframework.web.HttpRequestMethodNotSupportedException: Request method 'GET' is not supported]
2026-05-13 17:38:54.798 WARN  [http-nio-8080-exec-6] o.s.w.s.m.m.a.ExceptionHandlerExceptionResolver - Resolved [org.springframework.web.HttpRequestMethodNotSupportedException: Request method 'GET' is not supported]
2026-05-13 17:38:54.864 WARN  [http-nio-8080-exec-10] o.s.w.s.m.m.a.ExceptionHandlerExceptionResolver - Resolved [org.springframework.web.HttpRequestMethodNotSupportedException: Request method 'GET' is not supported]
2026-05-13 17:38:54.943 WARN  [http-nio-8080-exec-8] o.s.w.s.m.m.a.ExceptionHandlerExceptionResolver - Resolved [org.springframework.web.HttpRequestMethodNotSupportedException: Request method 'GET' is not supported]
2026-05-13 17:38:55.003 WARN  [http-nio-8080-exec-5] o.s.w.s.m.m.a.ExceptionHandlerExceptionResolver - Resolved [org.springframework.web.HttpRequestMethodNotSupportedException: Request method 'GET' is not supported]
2026-05-13 17:38:55.064 WARN  [http-nio-8080-exec-1] o.s.w.s.m.m.a.ExceptionHandlerExceptionResolver - Resolved [org.springframework.web.HttpRequestMethodNotSupportedException: Request method 'GET' is not supported]
2026-05-13 17:38:55.145 WARN  [http-nio-8080-exec-6] o.s.w.s.m.m.a.ExceptionHandlerExceptionResolver - Resolved [org.springframework.web.HttpRequestMethodNotSupportedException: Request method 'GET' is not supported]
2026-05-13 17:38:55.213 WARN  [http-nio-8080-exec-3] o.s.w.s.m.m.a.ExceptionHandlerExceptionResolver - Resolved [org.springframework.web.HttpRequestMethodNotSupportedException: Request method 'GET' is not supported]
2026-05-13 17:38:55.291 WARN  [http-nio-8080-exec-8] o.s.w.s.m.m.a.ExceptionHandlerExceptionResolver - Resolved [org.springframework.web.HttpRequestMethodNotSupportedException: Request method 'GET' is not supported]
2026-05-13 17:38:55.376 WARN  [http-nio-8080-exec-7] o.s.w.s.m.m.a.ExceptionHandlerExceptionResolver - Resolved [org.springframework.web.HttpRequestMethodNotSupportedException: Request method 'GET' is not supported]
2026-05-13 17:38:55.439 WARN  [http-nio-8080-exec-1] o.s.w.s.m.m.a.ExceptionHandlerExceptionResolver - Resolved [org.springframework.web.HttpRequestMethodNotSupportedException: Request method 'GET' is not supported]
2026-05-13 17:38:55.550 WARN  [http-nio-8080-exec-6] o.s.w.s.m.m.a.ExceptionHandlerExceptionResolver - Resolved [org.springframework.web.HttpRequestMethodNotSupportedException: Request method 'GET' is not supported]
2026-05-13 17:38:55.615 WARN  [http-nio-8080-exec-3] o.s.w.s.m.m.a.ExceptionHandlerExceptionResolver - Resolved [org.springframework.web.HttpRequestMethodNotSupportedException: Request method 'GET' is not supported]
2026-05-13 17:38:55.685 WARN  [http-nio-8080-exec-2] o.s.w.s.m.m.a.ExceptionHandlerExceptionResolver - Resolved [org.springframework.web.HttpRequestMethodNotSupportedException: Request method 'GET' is not supported]
2026-05-13 17:38:55.744 WARN  [http-nio-8080-exec-7] o.s.w.s.m.m.a.ExceptionHandlerExceptionResolver - Resolved [org.springframework.web.HttpRequestMethodNotSupportedException: Request method 'GET' is not supported]
2026-05-13 17:38:55.798 WARN  [http-nio-8080-exec-1] o.s.w.s.m.m.a.ExceptionHandlerExceptionResolver - Resolved [org.springframework.web.HttpRequestMethodNotSupportedException: Request method 'GET' is not supported]
2026-05-13 17:38:55.864 WARN  [http-nio-8080-exec-6] o.s.w.s.m.m.a.ExceptionHandlerExceptionResolver - Resolved [org.springframework.web.HttpRequestMethodNotSupportedException: Request method 'GET' is not supported]
2026-05-13 17:38:55.937 WARN  [http-nio-8080-exec-3] o.s.w.s.m.m.a.ExceptionHandlerExceptionResolver - Resolved [org.springframework.web.HttpRequestMethodNotSupportedException: Request method 'GET' is not supported]
2026-05-13 17:38:56.023 WARN  [http-nio-8080-exec-8] o.s.w.s.m.m.a.ExceptionHandlerExceptionResolver - Resolved [org.springframework.web.HttpRequestMethodNotSupportedException: Request method 'GET' is not supported]
2026-05-13 17:38:56.081 WARN  [http-nio-8080-exec-7] o.s.w.s.m.m.a.ExceptionHandlerExceptionResolver - Resolved [org.springframework.web.HttpRequestMethodNotSupportedException: Request method 'GET' is not supported]
2026-05-13 17:38:56.147 WARN  [http-nio-8080-exec-1] o.s.w.s.m.m.a.ExceptionHandlerExceptionResolver - Resolved [org.springframework.web.HttpRequestMethodNotSupportedException: Request method 'GET' is not supported]
2026-05-13 17:38:56.216 WARN  [http-nio-8080-exec-6] o.s.w.s.m.m.a.ExceptionHandlerExceptionResolver - Resolved [org.springframework.web.HttpRequestMethodNotSupportedException: Request method 'GET' is not supported]
2026-05-13 17:38:56.295 WARN  [http-nio-8080-exec-3] o.s.w.s.m.m.a.ExceptionHandlerExceptionResolver - Resolved [org.springframework.web.HttpRequestMethodNotSupportedException: Request method 'GET' is not supported]
2026-05-13 17:38:56.345 WARN  [http-nio-8080-exec-8] o.s.w.s.m.m.a.ExceptionHandlerExceptionResolver - Resolved [org.springframework.web.HttpRequestMethodNotSupportedException: Request method 'GET' is not supported]
2026-05-13 17:38:56.401 WARN  [http-nio-8080-exec-5] o.s.w.s.m.m.a.ExceptionHandlerExceptionResolver - Resolved [org.springframework.web.HttpRequestMethodNotSupportedException: Request method 'GET' is not supported]
2026-05-13 17:38:56.463 WARN  [http-nio-8080-exec-4] o.s.w.s.m.m.a.ExceptionHandlerExceptionResolver - Resolved [org.springframework.web.HttpRequestMethodNotSupportedException: Request method 'GET' is not supported]
2026-05-13 17:38:56.501 WARN  [http-nio-8080-exec-9] o.s.w.s.m.m.a.ExceptionHandlerExceptionResolver - Resolved [org.springframework.web.HttpRequestMethodNotSupportedException: Request method 'GET' is not supported]
2026-05-13 17:38:56.568 WARN  [http-nio-8080-exec-3] o.s.w.s.m.m.a.ExceptionHandlerExceptionResolver - Resolved [org.springframework.web.HttpRequestMethodNotSupportedException: Request method 'GET' is not supported]
2026-05-13 17:38:56.611 WARN  [http-nio-8080-exec-2] o.s.w.s.m.m.a.ExceptionHandlerExceptionResolver - Resolved [org.springframework.web.HttpRequestMethodNotSupportedException: Request method 'GET' is not supported]
2026-05-13 17:38:56.675 WARN  [http-nio-8080-exec-7] o.s.w.s.m.m.a.ExceptionHandlerExceptionResolver - Resolved [org.springframework.web.HttpRequestMethodNotSupportedException: Request method 'GET' is not supported]
2026-05-13 17:38:56.731 WARN  [http-nio-8080-exec-4] o.s.w.s.m.m.a.ExceptionHandlerExceptionResolver - Resolved [org.springframework.web.HttpRequestMethodNotSupportedException: Request method 'GET' is not supported]
2026-05-13 17:38:56.814 WARN  [http-nio-8080-exec-6] o.s.w.s.m.m.a.ExceptionHandlerExceptionResolver - Resolved [org.springframework.web.HttpRequestMethodNotSupportedException: Request method 'GET' is not supported]
2026-05-13 17:38:56.897 WARN  [http-nio-8080-exec-3] o.s.w.s.m.m.a.ExceptionHandlerExceptionResolver - Resolved [org.springframework.web.HttpRequestMethodNotSupportedException: Request method 'GET' is not supported]
2026-05-13 17:38:56.961 WARN  [http-nio-8080-exec-8] o.s.w.s.m.m.a.ExceptionHandlerExceptionResolver - Resolved [org.springframework.web.HttpRequestMethodNotSupportedException: Request method 'GET' is not supported]
2026-05-13 17:38:57.039 WARN  [http-nio-8080-exec-5] o.s.w.s.m.m.a.ExceptionHandlerExceptionResolver - Resolved [org.springframework.web.HttpRequestMethodNotSupportedException: Request method 'GET' is not supported]
2026-05-13 17:38:57.090 WARN  [http-nio-8080-exec-1] o.s.w.s.m.m.a.ExceptionHandlerExceptionResolver - Resolved [org.springframework.web.HttpRequestMethodNotSupportedException: Request method 'GET' is not supported]
2026-05-13 17:38:57.145 WARN  [http-nio-8080-exec-9] o.s.w.s.m.m.a.ExceptionHandlerExceptionResolver - Resolved [org.springframework.web.HttpRequestMethodNotSupportedException: Request method 'GET' is not supported]
2026-05-13 17:38:57.211 WARN  [http-nio-8080-exec-3] o.s.w.s.m.m.a.ExceptionHandlerExceptionResolver - Resolved [org.springframework.web.HttpRequestMethodNotSupportedException: Request method 'GET' is not supported]
2026-05-13 17:38:57.279 WARN  [http-nio-8080-exec-2] o.s.w.s.m.m.a.ExceptionHandlerExceptionResolver - Resolved [org.springframework.web.HttpRequestMethodNotSupportedException: Request method 'GET' is not supported]
2026-05-13 17:54:54.291 INFO  [restartedMain] com.gm.hrms.GMHrmsApplication - Starting GMHrmsApplication using Java 21.0.7 with PID 62268 (D:\Projects\GM HRMS\gm-hrms-backend\target\classes started by G M TECHNOSYS in D:\Projects\GM HRMS\gm-hrms-backend)
2026-05-13 17:54:54.293 INFO  [restartedMain] com.gm.hrms.GMHrmsApplication - The following 1 profile is active: "dev"
2026-05-13 17:54:58.435 WARN  [restartedMain] org.hibernate.orm.deprecation - HHH90000025: PostgreSQLDialect does not need to be specified explicitly using 'hibernate.dialect' (remove the property setting and it will be selected by default)
2026-05-13 17:55:02.128 WARN  [restartedMain] o.s.s.c.a.a.c.InitializeUserDetailsBeanManagerConfigurer$InitializeUserDetailsManagerConfigurer - Global AuthenticationManager configured with an AuthenticationProvider bean. UserDetailsService beans will not be used by Spring Security for automatically configuring username/password login. Consider removing the AuthenticationProvider bean. Alternatively, consider using the UserDetailsService in a manually instantiated DaoAuthenticationProvider. If the current configuration is intentional, to turn off this warning, increase the logging level of 'org.springframework.security.config.annotation.authentication.configuration.InitializeUserDetailsBeanManagerConfigurer' to ERROR
2026-05-13 17:55:03.964 WARN  [restartedMain] n.s.j.engine.xml.JRTextFieldFactory - The 'isStretchWithOverflow' attribute is deprecated. Use the 'textAdjust' attribute instead.
2026-05-13 17:55:04.045 WARN  [restartedMain] n.s.j.engine.xml.JRTextFieldFactory - The 'isStretchWithOverflow' attribute is deprecated. Use the 'textAdjust' attribute instead.
2026-05-13 17:55:04.382 INFO  [restartedMain] c.g.h.r.s.i.JasperPayslipReportService - Payslip JRXML compiled and cached successfully from 'reports/payslip.jrxml'.
2026-05-13 17:55:04.681 WARN  [restartedMain] o.s.b.j.a.JpaBaseConfiguration$JpaWebConfiguration - spring.jpa.open-in-view is enabled by default. Therefore, database queries may be performed during view rendering. Explicitly configure spring.jpa.open-in-view to disable this warning
2026-05-13 17:55:05.388 INFO  [restartedMain] com.gm.hrms.GMHrmsApplication - Started GMHrmsApplication in 11.756 seconds (process running for 12.426)
2026-05-13 18:10:55.124 ERROR [http-nio-8080-exec-8] c.g.h.e.GlobalExceptionHandler - Unexpected error
org.springframework.web.bind.MissingServletRequestParameterException: Required request parameter 'personalId' for method parameter type Long is not present
	at org.springframework.web.method.annotation.RequestParamMethodArgumentResolver.handleMissingValueInternal(RequestParamMethodArgumentResolver.java:219)
	at org.springframework.web.method.annotation.RequestParamMethodArgumentResolver.handleMissingValue(RequestParamMethodArgumentResolver.java:195)
	at org.springframework.web.method.annotation.AbstractNamedValueMethodArgumentResolver.resolveArgument(AbstractNamedValueMethodArgumentResolver.java:123)
	at org.springframework.web.method.support.HandlerMethodArgumentResolverComposite.resolveArgument(HandlerMethodArgumentResolverComposite.java:122)
	at org.springframework.web.method.support.InvocableHandlerMethod.getMethodArgumentValues(InvocableHandlerMethod.java:230)
	at org.springframework.web.method.support.InvocableHandlerMethod.invokeForRequest(InvocableHandlerMethod.java:180)
	at org.springframework.web.servlet.mvc.method.annotation.ServletInvocableHandlerMethod.invokeAndHandle(ServletInvocableHandlerMethod.java:117)
	at org.springframework.web.servlet.mvc.method.annotation.RequestMappingHandlerAdapter.invokeHandlerMethod(RequestMappingHandlerAdapter.java:934)
	at org.springframework.web.servlet.mvc.method.annotation.RequestMappingHandlerAdapter.handleInternal(RequestMappingHandlerAdapter.java:853)
	at org.springframework.web.servlet.mvc.method.AbstractHandlerMethodAdapter.handle(AbstractHandlerMethodAdapter.java:86)
	at org.springframework.web.servlet.DispatcherServlet.doDispatch(DispatcherServlet.java:963)
	at org.springframework.web.servlet.DispatcherServlet.doService(DispatcherServlet.java:866)
	at org.springframework.web.servlet.FrameworkServlet.processRequest(FrameworkServlet.java:1003)
	at org.springframework.web.servlet.FrameworkServlet.doPost(FrameworkServlet.java:903)
	at jakarta.servlet.http.HttpServlet.service(HttpServlet.java:649)
	at org.springframework.web.servlet.FrameworkServlet.service(FrameworkServlet.java:874)
	at jakarta.servlet.http.HttpServlet.service(HttpServlet.java:710)
	at org.apache.catalina.core.ApplicationFilterChain.doFilter(ApplicationFilterChain.java:128)
	at org.apache.tomcat.websocket.server.WsFilter.doFilter(WsFilter.java:53)
	at org.apache.catalina.core.ApplicationFilterChain.doFilter(ApplicationFilterChain.java:107)
	at org.springframework.web.filter.CorsFilter.doFilterInternal(CorsFilter.java:91)
	at org.springframework.web.filter.OncePerRequestFilter.doFilter(OncePerRequestFilter.java:116)
	at org.apache.catalina.core.ApplicationFilterChain.doFilter(ApplicationFilterChain.java:107)
	at org.springframework.web.filter.OncePerRequestFilter.doFilter(OncePerRequestFilter.java:110)
	at org.apache.catalina.core.ApplicationFilterChain.doFilter(ApplicationFilterChain.java:107)
	at org.springframework.web.filter.CompositeFilter$VirtualFilterChain.doFilter(CompositeFilter.java:108)
	at org.springframework.security.web.FilterChainProxy.lambda$doFilterInternal$3(FilterChainProxy.java:235)
	at org.springframework.security.web.FilterChainProxy$VirtualFilterChain.doFilter(FilterChainProxy.java:371)
	at org.springframework.security.web.access.intercept.AuthorizationFilter.doFilter(AuthorizationFilter.java:101)
	at org.springframework.security.web.FilterChainProxy$VirtualFilterChain.doFilter(FilterChainProxy.java:380)
	at org.springframework.security.web.access.ExceptionTranslationFilter.doFilter(ExceptionTranslationFilter.java:126)
	at org.springframework.security.web.access.ExceptionTranslationFilter.doFilter(ExceptionTranslationFilter.java:120)
	at org.springframework.security.web.FilterChainProxy$VirtualFilterChain.doFilter(FilterChainProxy.java:380)
	at org.springframework.security.web.authentication.AnonymousAuthenticationFilter.doFilter(AnonymousAuthenticationFilter.java:100)
	at org.springframework.security.web.FilterChainProxy$VirtualFilterChain.doFilter(FilterChainProxy.java:380)
	at org.springframework.security.web.servletapi.SecurityContextHolderAwareRequestFilter.doFilter(SecurityContextHolderAwareRequestFilter.java:181)
	at org.springframework.security.web.FilterChainProxy$VirtualFilterChain.doFilter(FilterChainProxy.java:380)
	at org.springframework.security.web.savedrequest.RequestCacheAwareFilter.doFilter(RequestCacheAwareFilter.java:63)
	at org.springframework.security.web.FilterChainProxy$VirtualFilterChain.doFilter(FilterChainProxy.java:380)
	at com.gm.hrms.config.JwtAuthenticationFilter.doFilterInternal(JwtAuthenticationFilter.java:72)
	at org.springframework.web.filter.OncePerRequestFilter.doFilter(OncePerRequestFilter.java:116)
	at org.springframework.security.web.FilterChainProxy$VirtualFilterChain.doFilter(FilterChainProxy.java:380)
	at org.springframework.security.web.authentication.logout.LogoutFilter.doFilter(LogoutFilter.java:110)
	at org.springframework.security.web.authentication.logout.LogoutFilter.doFilter(LogoutFilter.java:96)
	at org.springframework.security.web.FilterChainProxy$VirtualFilterChain.doFilter(FilterChainProxy.java:380)
	at org.springframework.web.filter.CorsFilter.doFilterInternal(CorsFilter.java:91)
	at org.springframework.web.filter.OncePerRequestFilter.doFilter(OncePerRequestFilter.java:116)
	at org.springframework.security.web.FilterChainProxy$VirtualFilterChain.doFilter(FilterChainProxy.java:380)
	at org.springframework.security.web.header.HeaderWriterFilter.doHeadersAfter(HeaderWriterFilter.java:90)
	at org.springframework.security.web.header.HeaderWriterFilter.doFilterInternal(HeaderWriterFilter.java:75)
	at org.springframework.web.filter.OncePerRequestFilter.doFilter(OncePerRequestFilter.java:116)
	at org.springframework.security.web.FilterChainProxy$VirtualFilterChain.doFilter(FilterChainProxy.java:380)
	at org.springframework.security.web.context.SecurityContextHolderFilter.doFilter(SecurityContextHolderFilter.java:82)
	at org.springframework.security.web.context.SecurityContextHolderFilter.doFilter(SecurityContextHolderFilter.java:69)
	at org.springframework.security.web.FilterChainProxy$VirtualFilterChain.doFilter(FilterChainProxy.java:380)
	at org.springframework.security.web.context.request.async.WebAsyncManagerIntegrationFilter.doFilterInternal(WebAsyncManagerIntegrationFilter.java:62)
	at org.springframework.web.filter.OncePerRequestFilter.doFilter(OncePerRequestFilter.java:116)
	at org.springframework.security.web.FilterChainProxy$VirtualFilterChain.doFilter(FilterChainProxy.java:380)
	at org.springframework.security.web.session.DisableEncodeUrlFilter.doFilterInternal(DisableEncodeUrlFilter.java:42)
	at org.springframework.web.filter.OncePerRequestFilter.doFilter(OncePerRequestFilter.java:116)
	at org.springframework.security.web.FilterChainProxy$VirtualFilterChain.doFilter(FilterChainProxy.java:380)
	at org.springframework.security.web.FilterChainProxy.doFilterInternal(FilterChainProxy.java:237)
	at org.springframework.security.web.FilterChainProxy.doFilter(FilterChainProxy.java:195)
	at org.springframework.web.filter.CompositeFilter$VirtualFilterChain.doFilter(CompositeFilter.java:113)
	at org.springframework.web.filter.ServletRequestPathFilter.doFilter(ServletRequestPathFilter.java:52)
	at org.springframework.web.filter.CompositeFilter$VirtualFilterChain.doFilter(CompositeFilter.java:113)
	at org.springframework.web.filter.CompositeFilter.doFilter(CompositeFilter.java:74)
	at org.springframework.security.config.annotation.web.configuration.WebSecurityConfiguration$CompositeFilterChainProxy.doFilter(WebSecurityConfiguration.java:317)
	at org.springframework.web.filter.DelegatingFilterProxy.invokeDelegate(DelegatingFilterProxy.java:355)
	at org.springframework.web.filter.DelegatingFilterProxy.doFilter(DelegatingFilterProxy.java:272)
	at org.apache.catalina.core.ApplicationFilterChain.doFilter(ApplicationFilterChain.java:107)
	at org.springframework.web.filter.RequestContextFilter.doFilterInternal(RequestContextFilter.java:100)
	at org.springframework.web.filter.OncePerRequestFilter.doFilter(OncePerRequestFilter.java:116)
	at org.apache.catalina.core.ApplicationFilterChain.doFilter(ApplicationFilterChain.java:107)
	at org.springframework.web.filter.FormContentFilter.doFilterInternal(FormContentFilter.java:93)
	at org.springframework.web.filter.OncePerRequestFilter.doFilter(OncePerRequestFilter.java:116)
	at org.apache.catalina.core.ApplicationFilterChain.doFilter(ApplicationFilterChain.java:107)
	at org.springframework.web.filter.CharacterEncodingFilter.doFilterInternal(CharacterEncodingFilter.java:199)
	at org.springframework.web.filter.OncePerRequestFilter.doFilter(OncePerRequestFilter.java:116)
	at org.apache.catalina.core.ApplicationFilterChain.doFilter(ApplicationFilterChain.java:107)
	at org.apache.catalina.core.StandardWrapperValve.invoke(StandardWrapperValve.java:165)
	at org.apache.catalina.core.StandardContextValve.invoke(StandardContextValve.java:77)
	at org.apache.catalina.authenticator.AuthenticatorBase.invoke(AuthenticatorBase.java:482)
	at org.apache.catalina.core.StandardHostValve.invoke(StandardHostValve.java:113)
	at org.apache.catalina.valves.ErrorReportValve.invoke(ErrorReportValve.java:83)
	at org.apache.catalina.core.StandardEngineValve.invoke(StandardEngineValve.java:72)
	at org.apache.catalina.connector.CoyoteAdapter.service(CoyoteAdapter.java:341)
	at org.apache.coyote.http11.Http11Processor.service(Http11Processor.java:397)
	at org.apache.coyote.AbstractProcessorLight.process(AbstractProcessorLight.java:63)
	at org.apache.coyote.AbstractProtocol$ConnectionHandler.process(AbstractProtocol.java:903)
	at org.apache.tomcat.util.net.NioEndpoint$SocketProcessor.doRun(NioEndpoint.java:1778)
	at org.apache.tomcat.util.net.SocketProcessorBase.run(SocketProcessorBase.java:52)
	at org.apache.tomcat.util.threads.ThreadPoolExecutor.runWorker(ThreadPoolExecutor.java:946)
	at org.apache.tomcat.util.threads.ThreadPoolExecutor$Worker.run(ThreadPoolExecutor.java:480)
	at org.apache.tomcat.util.threads.TaskThread$WrappingRunnable.run(TaskThread.java:57)
	at java.base/java.lang.Thread.run(Thread.java:1583)
2026-05-13 18:10:55.133 WARN  [http-nio-8080-exec-8] o.s.w.s.m.m.a.ExceptionHandlerExceptionResolver - Resolved [org.springframework.web.bind.MissingServletRequestParameterException: Required request parameter 'personalId' for method parameter type Long is not present]
